url,found_in
http://127.0.0.1:${tracer.publicGraphqlPort,05-pipeline-and-schema/tools/course-data-store/validateCourseDataTracer.mts
http://127.0.0.1:${tracer.staticCatalogPort,05-pipeline-and-schema/tools/course-data-store/validateCourseDataTracer.mts
http://127.0.0.1:3002,04-documentation/docs/planning/archive/mvp-1-non-ui-acceptance-2026-06-20.md
http://127.0.0.1:3011,04-documentation/docs/planning/archive/beta-1-saved-worksheet-acceptance-2026-06-21.md
http://127.0.0.1:3015,04-documentation/docs/planning/archive/beta-1-saved-worksheet-management-acceptance-2026-06-22.md
http://127.0.0.1:3025,04-documentation/docs/planning/archive/beta-0-ui-surface-inventory-2026-06-20.md
http://127.0.0.1:3025/catalog,04-documentation/docs/planning/archive/beta-0-ui-surface-inventory-2026-06-20.md
http://127.0.0.1:4177,04-documentation/docs/planning/archive/beta-0-ui-surface-inventory-2026-06-20.md | 04-documentation/docs/planning/archive/mvp-1-non-ui-acceptance-2026-06-20.md
http://127.0.0.1:4178,04-documentation/docs/planning/archive/beta-1-saved-worksheet-acceptance-2026-06-21.md
http://127.0.0.1:4179,04-documentation/docs/planning/archive/beta-1-saved-worksheet-management-acceptance-2026-06-22.md
http://127.0.0.1:4199,04-documentation/docs/planning/archive/beta-0-ui-surface-inventory-2026-06-20.md
http://localhost:${tracer.hasuraPort,05-pipeline-and-schema/tools/course-data-store/validateCourseDataTracer.mts
http://localhost:3000,04-documentation/docs/hosted-like-auth-validation-2026-07-10.md
http://localhost:3010,04-documentation/docs/core_app_backend.md
http://localhost:8080/healthz,05-pipeline-and-schema/course-data-store/compose.yml
http://localhost:8081,04-documentation/docs/containers.md | 04-documentation/docs/local_server_endpoints.md
http://localhost:8081/login,04-documentation/docs/planning/archive/beta-1-compose-bringup-runbook-2026-06-20.md
http://localhost:8085,04-documentation/docs/containers.md | 04-documentation/docs/local_server_endpoints.md
http://localhost:8085/healthz,04-documentation/docs/planning/archive/beta-1-compose-bringup-runbook-2026-06-20.md | 04-documentation/docs/planning/archive/beta-1-saved-worksheet-management-acceptance-2026-06-22.md
http://pharmacy.ucsd.edu/current,published snapshot FA24 | published snapshot FA25 | published snapshot SP25 | published snapshot SP26 | published snapshot WI25 | published snapshot WI26
http://registrar.ucsd.edu/studentlink/cnd.html,04-documentation/docs/snapshot_pipe.md | published snapshot FA24 | published snapshot FA25 | published snapshot S125 | published snapshot S126 | published snapshot S224 | published snapshot S225 | published snapshot S226 | published snapshot S325 | published snapshot S326 | published snapshot SP25 | published snapshot SP26 | published snapshot WI25 | published snapshot WI26
http://sis.ucsd.edu,04-documentation/docs/planning/archive/tss-webreg-transition-links-2026-07-18.md
http://www.apple.com/DTDs/PropertyList-1.0.dtd,05-pipeline-and-schema/tools/etl/install-launchd.mts
http://www.ucsd.edu/catalog/courses/AIP.html#aip97,05-pipeline-and-schema/tools/catalog-snapshot/scheduleOfClasses.test.ts
http://www.ucsd.edu/catalog/courses/ANTH.html#anar104,published snapshot FA24 | published snapshot FA25 | published snapshot S125 | published snapshot S224 | published snapshot S225 | published snapshot SP25 | published snapshot SP26
http://www.ucsd.edu/catalog/courses/ANTH.html#anar135s,published snapshot S324 | published snapshot S325
http://www.ucsd.edu/catalog/courses/BENG.html#beng119a,published snapshot FA24
http://www.ucsd.edu/catalog/courses/BENG.html#beng119b,published snapshot WI25
http://www.ucsd.edu/catalog/courses/BENG.html#beng126a,published snapshot FA24 | published snapshot WI25
http://www.ucsd.edu/catalog/courses/BENG.html#beng126b,published snapshot WI25
http://www.ucsd.edu/catalog/courses/BENG.html#beng127a,published snapshot FA24
http://www.ucsd.edu/catalog/courses/BENG.html#beng127b,published snapshot WI25
http://www.ucsd.edu/catalog/courses/BENG.html#beng128a,published snapshot FA24
http://www.ucsd.edu/catalog/courses/BENG.html#beng128b,published snapshot WI25
http://www.ucsd.edu/catalog/courses/BENG.html#beng129a,published snapshot FA24
http://www.ucsd.edu/catalog/courses/BENG.html#beng129b,published snapshot WI25
http://www.ucsd.edu/catalog/courses/BENG.html#beng139a,published snapshot FA24
http://www.ucsd.edu/catalog/courses/BENG.html#beng139b,published snapshot WI25
http://www.ucsd.edu/catalog/courses/BENG.html#beng147a,published snapshot FA24
http://www.ucsd.edu/catalog/courses/BENG.html#beng147b,published snapshot WI25
http://www.ucsd.edu/catalog/courses/BENG.html#beng148a,published snapshot FA24
http://www.ucsd.edu/catalog/courses/BENG.html#beng148b,published snapshot WI25
http://www.ucsd.edu/catalog/courses/BENG.html#beng149a,published snapshot FA24
http://www.ucsd.edu/catalog/courses/BENG.html#beng149b,published snapshot WI25
http://www.ucsd.edu/catalog/courses/BENG.html#beng169a,published snapshot FA24
http://www.ucsd.edu/catalog/courses/BENG.html#beng169b,published snapshot WI25
http://www.ucsd.edu/catalog/courses/BENG.html#beng179a,published snapshot FA24 | published snapshot WI25
http://www.ucsd.edu/catalog/courses/BENG.html#beng179b,published snapshot WI25
http://www.ucsd.edu/catalog/courses/BENG.html#beng195,published snapshot WI25
http://www.ucsd.edu/catalog/courses/BIOL.html#bggn206a,published snapshot FA24 | published snapshot FA25
http://www.ucsd.edu/catalog/courses/BIOL.html#bggn206b,published snapshot WI25 | published snapshot WI26
http://www.ucsd.edu/catalog/courses/BIOL.html#bisp195,published snapshot FA24 | published snapshot SP25 | published snapshot WI25
http://www.ucsd.edu/catalog/courses/BIOM.html#biom234,published snapshot SP25
http://www.ucsd.edu/catalog/courses/BIOM.html#biom277,published snapshot WI25
http://www.ucsd.edu/catalog/courses/BIOM.html#biom283,published snapshot SP25 | published snapshot SP26
http://www.ucsd.edu/catalog/courses/BIOM.html#biom287,published snapshot WI25 | published snapshot WI26
http://www.ucsd.edu/catalog/courses/CLIN.html#clin294a,published snapshot FA24 | published snapshot FA25
http://www.ucsd.edu/catalog/courses/CLIN.html#clin294b,published snapshot WI25 | published snapshot WI26
http://www.ucsd.edu/catalog/courses/CLIN.html#clin294c,published snapshot SP25 | published snapshot SP26
http://www.ucsd.edu/catalog/courses/CLRE.html#clre295a,published snapshot FA24 | published snapshot FA25
http://www.ucsd.edu/catalog/courses/CLRE.html#clre295b,published snapshot WI25 | published snapshot WI26
http://www.ucsd.edu/catalog/courses/COGS.html#cogs195,published snapshot FA24 | published snapshot SP25 | published snapshot WI25
http://www.ucsd.edu/catalog/courses/COMM.html#comm106e,published snapshot FA24
http://www.ucsd.edu/catalog/courses/COMM.html#comm106t,published snapshot FA24
http://www.ucsd.edu/catalog/courses/CSE.html#cse240d,published snapshot FA24 | published snapshot SP26
http://www.ucsd.edu/catalog/courses/CSE.html#cse30,05-pipeline-and-schema/tools/catalog-snapshot/scheduleOfClasses.test.ts
http://www.ucsd.edu/catalog/courses/CSE.html#cse5,05-pipeline-and-schema/tools/catalog-snapshot/scheduleOfClasses.test.ts
http://www.ucsd.edu/catalog/courses/CSE.html#cse8b,published snapshot WI25
http://www.ucsd.edu/catalog/courses/css.html#css204,published snapshot FA24 | published snapshot FA25
http://www.ucsd.edu/catalog/courses/ECE.html#ece266,published snapshot SP25
http://www.ucsd.edu/catalog/courses/ECON.html#econ195,published snapshot FA24 | published snapshot FA25 | published snapshot SP25 | published snapshot WI25
http://www.ucsd.edu/catalog/courses/EDS.html#eds128a,published snapshot S324 | published snapshot S325 | published snapshot S326 | published snapshot WI25 | published snapshot WI26
http://www.ucsd.edu/catalog/courses/EDS.html#eds128b,published snapshot S324 | published snapshot S325 | published snapshot S326 | published snapshot SP25 | published snapshot SP26
http://www.ucsd.edu/catalog/courses/EDS.html#eds129a,published snapshot FA24 | published snapshot FA25
http://www.ucsd.edu/catalog/courses/EDS.html#eds129b,published snapshot WI25 | published snapshot WI26
http://www.ucsd.edu/catalog/courses/EDS.html#eds129c,published snapshot SP25 | published snapshot SP26
http://www.ucsd.edu/catalog/courses/ETHN.html#ethn153,published snapshot FA24
http://www.ucsd.edu/catalog/courses/ETHN.html#ethn154,published snapshot FA24 | published snapshot S224
http://www.ucsd.edu/catalog/courses/ETHN.html#ethn163j,published snapshot S224
http://www.ucsd.edu/catalog/courses/GHP.html#glbh100,published snapshot FA24 | published snapshot SP26 | published snapshot WI25 | published snapshot WI26
http://www.ucsd.edu/catalog/courses/GHP.html#glbh101,published snapshot S125 | published snapshot S225 | published snapshot SP25 | published snapshot SP26
http://www.ucsd.edu/catalog/courses/GHP.html#glbh102,published snapshot WI26
http://www.ucsd.edu/catalog/courses/GHP.html#glbh111,published snapshot FA24 | published snapshot S125 | published snapshot S126 | published snapshot S224 | published snapshot S225 | published snapshot S226 | published snapshot SP25 | published snapshot SP26 | published snapshot WI25 | published snapshot WI26
http://www.ucsd.edu/catalog/courses/GHP.html#glbh113,published snapshot WI25 | published snapshot WI26
http://www.ucsd.edu/catalog/courses/GHP.html#glbh129,published snapshot FA24
http://www.ucsd.edu/catalog/courses/GHP.html#glbh146,published snapshot WI25 | published snapshot WI26
http://www.ucsd.edu/catalog/courses/GHP.html#glbh147,published snapshot SP25 | published snapshot SP26
http://www.ucsd.edu/catalog/courses/GHP.html#glbh148,published snapshot FA24 | published snapshot S125 | published snapshot S126 | published snapshot S226 | published snapshot SP25 | published snapshot SP26 | published snapshot WI25 | published snapshot WI26
http://www.ucsd.edu/catalog/courses/GHP.html#glbh150,published snapshot S225 | published snapshot S226 | published snapshot WI25 | published snapshot WI26
http://www.ucsd.edu/catalog/courses/GHP.html#glbh150a,published snapshot WI25 | published snapshot WI26
http://www.ucsd.edu/catalog/courses/GHP.html#glbh150b,published snapshot SP25 | published snapshot SP26
http://www.ucsd.edu/catalog/courses/GHP.html#glbh160,published snapshot WI25 | published snapshot WI26
http://www.ucsd.edu/catalog/courses/GHP.html#glbh181,published snapshot FA24 | published snapshot S224 | published snapshot S226 | published snapshot SP25 | published snapshot SP26 | published snapshot WI25 | published snapshot WI26
http://www.ucsd.edu/catalog/courses/GHP.html#glbh195,published snapshot SP25
http://www.ucsd.edu/catalog/courses/GHP.html#glbh197,published snapshot SP25
http://www.ucsd.edu/catalog/courses/GHP.html#glbh199,published snapshot FA24 | published snapshot SP25 | published snapshot WI25
http://www.ucsd.edu/catalog/courses/GHP.html#glbh20,published snapshot FA24 | published snapshot S126 | published snapshot S224 | published snapshot S225 | published snapshot SP25 | published snapshot SP26 | published snapshot WI25 | published snapshot WI26
http://www.ucsd.edu/catalog/courses/GLBH.html#glbh104,published snapshot FA24
http://www.ucsd.edu/catalog/courses/GLBH.html#glbh107,published snapshot SP25 | published snapshot SP26
http://www.ucsd.edu/catalog/courses/GLBH.html#glbh108,published snapshot SP25 | published snapshot SP26
http://www.ucsd.edu/catalog/courses/GLBH.html#glbh109,published snapshot WI25 | published snapshot WI26
http://www.ucsd.edu/catalog/courses/GLBH.html#glbh114,published snapshot FA24
http://www.ucsd.edu/catalog/courses/GLBH.html#glbh114w,published snapshot SP25
http://www.ucsd.edu/catalog/courses/GLBH.html#glbh116,published snapshot FA24
http://www.ucsd.edu/catalog/courses/GLBH.html#glbh117,published snapshot SP25
http://www.ucsd.edu/catalog/courses/GLBH.html#glbh120,published snapshot SP26
http://www.ucsd.edu/catalog/courses/GLBH.html#glbh121,published snapshot SP25 | published snapshot SP26
http://www.ucsd.edu/catalog/courses/GLBH.html#glbh130,published snapshot SP25 | published snapshot WI26
http://www.ucsd.edu/catalog/courses/GLBH.html#glbh139,published snapshot WI25
http://www.ucsd.edu/catalog/courses/GLBH.html#glbh141,published snapshot WI25
http://www.ucsd.edu/catalog/courses/GLBH.html#glbh143,published snapshot WI26
http://www.ucsd.edu/catalog/courses/GLBH.html#glbh171r,published snapshot SP26 | published snapshot WI25
http://www.ucsd.edu/catalog/courses/GLBH.html#glbh190,published snapshot SP25
http://www.ucsd.edu/catalog/courses/GLBH.html#glbh200,published snapshot FA24
http://www.ucsd.edu/catalog/courses/GLBH.html#glbh201,published snapshot FA24
http://www.ucsd.edu/catalog/courses/GLBH.html#glbh214,published snapshot WI25 | published snapshot WI26
http://www.ucsd.edu/catalog/courses/GLBH.html#glbh215,published snapshot SP25 | published snapshot SP26
http://www.ucsd.edu/catalog/courses/GLBH.html#glbh241,published snapshot WI25
http://www.ucsd.edu/catalog/courses/GLBH.html#glbh248,published snapshot FA24
http://www.ucsd.edu/catalog/courses/GLBH.html#glbh249,published snapshot WI25 | published snapshot WI26
http://www.ucsd.edu/catalog/courses/GLBH.html#glbh260,published snapshot SP25 | published snapshot SP26
http://www.ucsd.edu/catalog/courses/GLBH.html#glbh299,published snapshot SP25 | published snapshot SP26 | published snapshot WI25 | published snapshot WI26
http://www.ucsd.edu/catalog/courses/GPS.html#gpco400,published snapshot WI25 | published snapshot WI26
http://www.ucsd.edu/catalog/courses/GPS.html#gpco401,published snapshot FA24 | published snapshot FA25
http://www.ucsd.edu/catalog/courses/GPS.html#gpco403,published snapshot SP25 | published snapshot SP26
http://www.ucsd.edu/catalog/courses/GPS.html#gpco404,published snapshot WI25 | published snapshot WI26
http://www.ucsd.edu/catalog/courses/GPS.html#gpco406,published snapshot SP25 | published snapshot SP26
http://www.ucsd.edu/catalog/courses/GPS.html#gpco407,published snapshot SP25 | published snapshot SP26
http://www.ucsd.edu/catalog/courses/GPS.html#gpco408,published snapshot FA24 | published snapshot FA25
http://www.ucsd.edu/catalog/courses/GPS.html#gpco410,published snapshot SP25 | published snapshot SP26
http://www.ucsd.edu/catalog/courses/GPS.html#gpco412,published snapshot FA24 | published snapshot FA25
http://www.ucsd.edu/catalog/courses/GPS.html#gpco415,published snapshot WI25 | published snapshot WI26
http://www.ucsd.edu/catalog/courses/GPS.html#gpco453,published snapshot FA24 | published snapshot FA25
http://www.ucsd.edu/catalog/courses/GPS.html#gpco454,published snapshot WI25 | published snapshot WI26
http://www.ucsd.edu/catalog/courses/GPS.html#gpco462,published snapshot SP25 | published snapshot SP26 | published snapshot WI25 | published snapshot WI26
http://www.ucsd.edu/catalog/courses/GPS.html#gpco463,published snapshot FA24 | published snapshot WI26
http://www.ucsd.edu/catalog/courses/GPS.html#gpco466,published snapshot SP25 | published snapshot SP26
http://www.ucsd.edu/catalog/courses/GPS.html#gpco467,published snapshot SP25 | published snapshot SP26
http://www.ucsd.edu/catalog/courses/GPS.html#gpco468,published snapshot WI25 | published snapshot WI26
http://www.ucsd.edu/catalog/courses/GPS.html#gpco470,published snapshot WI25 | published snapshot WI26
http://www.ucsd.edu/catalog/courses/GPS.html#gpco471,published snapshot SP25 | published snapshot SP26
http://www.ucsd.edu/catalog/courses/GPS.html#gpco481,published snapshot FA24 | published snapshot FA25
http://www.ucsd.edu/catalog/courses/GPS.html#gpco482,published snapshot FA24 | published snapshot FA25
http://www.ucsd.edu/catalog/courses/GPS.html#gpco483,published snapshot SP25 | published snapshot SP26
http://www.ucsd.edu/catalog/courses/GPS.html#gpec243,published snapshot FA24 | published snapshot FA25
http://www.ucsd.edu/catalog/courses/GPS.html#gpec244,published snapshot WI25
http://www.ucsd.edu/catalog/courses/GPS.html#gpec409,published snapshot SP25 | published snapshot SP26
http://www.ucsd.edu/catalog/courses/GPS.html#gpec416,published snapshot WI25 | published snapshot WI26
http://www.ucsd.edu/catalog/courses/GPS.html#gpec431,published snapshot WI25 | published snapshot WI26
http://www.ucsd.edu/catalog/courses/GPS.html#gpec435,published snapshot FA24 | published snapshot WI26
http://www.ucsd.edu/catalog/courses/GPS.html#gpec443,published snapshot FA24 | published snapshot FA25
http://www.ucsd.edu/catalog/courses/GPS.html#gpec444,published snapshot WI25 | published snapshot WI26
http://www.ucsd.edu/catalog/courses/GPS.html#gpec446,published snapshot SP25 | published snapshot SP26
http://www.ucsd.edu/catalog/courses/GPS.html#gpec447,published snapshot SP25 | published snapshot SP26
http://www.ucsd.edu/catalog/courses/GPS.html#gpec450,published snapshot FA24 | published snapshot FA25
http://www.ucsd.edu/catalog/courses/GPS.html#gpec451,published snapshot WI25 | published snapshot WI26
http://www.ucsd.edu/catalog/courses/GPS.html#gpec452,published snapshot FA24
http://www.ucsd.edu/catalog/courses/GPS.html#gpec462,published snapshot WI25 | published snapshot WI26
http://www.ucsd.edu/catalog/courses/GPS.html#gpec464,published snapshot SP26
http://www.ucsd.edu/catalog/courses/GPS.html#gpec471,published snapshot SP26
http://www.ucsd.edu/catalog/courses/GPS.html#gpec485,published snapshot WI25 | published snapshot WI26
http://www.ucsd.edu/catalog/courses/GPS.html#gpec486,published snapshot WI25 | published snapshot WI26
http://www.ucsd.edu/catalog/courses/GPS.html#gpec488,published snapshot FA24 | published snapshot FA25
http://www.ucsd.edu/catalog/courses/GPS.html#gpgn490,published snapshot FA24 | published snapshot FA25 | published snapshot SP25 | published snapshot SP26 | published snapshot WI25 | published snapshot WI26
http://www.ucsd.edu/catalog/courses/GPS.html#gpgn495,published snapshot SP25 | published snapshot SP26
http://www.ucsd.edu/catalog/courses/GPS.html#gpgn497,published snapshot FA24 | published snapshot FA25 | published snapshot SP25 | published snapshot SP26 | published snapshot WI25 | published snapshot WI26
http://www.ucsd.edu/catalog/courses/GPS.html#gpgn499,published snapshot FA24 | published snapshot FA25 | published snapshot SP25 | published snapshot SP26 | published snapshot WI25 | published snapshot WI26
http://www.ucsd.edu/catalog/courses/GPS.html#gpim411,published snapshot FA24 | published snapshot WI26
http://www.ucsd.edu/catalog/courses/GPS.html#gpim420,published snapshot FA25 | published snapshot SP25
http://www.ucsd.edu/catalog/courses/GPS.html#gpim421,published snapshot FA24
http://www.ucsd.edu/catalog/courses/GPS.html#gpim430,published snapshot FA24 | published snapshot WI26
http://www.ucsd.edu/catalog/courses/GPS.html#gpim439,published snapshot SP25 | published snapshot SP26
http://www.ucsd.edu/catalog/courses/GPS.html#gpim447,published snapshot WI26
http://www.ucsd.edu/catalog/courses/GPS.html#gpim452,published snapshot FA25 | published snapshot WI25
http://www.ucsd.edu/catalog/courses/GPS.html#gpim457,published snapshot FA24 | published snapshot FA25
http://www.ucsd.edu/catalog/courses/GPS.html#gpim461,published snapshot SP25 | published snapshot SP26
http://www.ucsd.edu/catalog/courses/GPS.html#gpim470,published snapshot WI25 | published snapshot WI26
http://www.ucsd.edu/catalog/courses/GPS.html#gpim471,published snapshot FA24 | published snapshot FA25
http://www.ucsd.edu/catalog/courses/GPS.html#gpim472,published snapshot FA24 | published snapshot FA25
http://www.ucsd.edu/catalog/courses/GPS.html#gpla441a,published snapshot FA24 | published snapshot FA25
http://www.ucsd.edu/catalog/courses/GPS.html#gpla441b,published snapshot WI25 | published snapshot WI26
http://www.ucsd.edu/catalog/courses/GPS.html#gpla441c,published snapshot SP25 | published snapshot SP26
http://www.ucsd.edu/catalog/courses/GPS.html#gppa409,published snapshot FA24
http://www.ucsd.edu/catalog/courses/GPS.html#gppa430,published snapshot FA24 | published snapshot WI26
http://www.ucsd.edu/catalog/courses/GPS.html#gppa460,published snapshot SP25 | published snapshot SP26
http://www.ucsd.edu/catalog/courses/GPS.html#gppa463,published snapshot WI25 | published snapshot WI26
http://www.ucsd.edu/catalog/courses/GPS.html#gppa464,published snapshot FA24 | published snapshot FA25
http://www.ucsd.edu/catalog/courses/GPS.html#gppa472,published snapshot FA24 | published snapshot FA25
http://www.ucsd.edu/catalog/courses/GPS.html#gpps401,published snapshot WI25 | published snapshot WI26
http://www.ucsd.edu/catalog/courses/GPS.html#gpps403,published snapshot FA24 | published snapshot FA25
http://www.ucsd.edu/catalog/courses/GPS.html#gpps404,published snapshot SP25 | published snapshot SP26
http://www.ucsd.edu/catalog/courses/GPS.html#gpps407,published snapshot WI25 | published snapshot WI26
http://www.ucsd.edu/catalog/courses/GPS.html#gpps408,published snapshot FA24 | published snapshot FA25
http://www.ucsd.edu/catalog/courses/GPS.html#gpps409,published snapshot WI25 | published snapshot WI26
http://www.ucsd.edu/catalog/courses/GPS.html#gpps412,published snapshot WI25
http://www.ucsd.edu/catalog/courses/GPS.html#gpps413,published snapshot FA24
http://www.ucsd.edu/catalog/courses/GPS.html#gpps414,published snapshot SP25
http://www.ucsd.edu/catalog/courses/GPS.html#gpps415,published snapshot FA24
http://www.ucsd.edu/catalog/courses/GPS.html#gpps421,published snapshot FA24
http://www.ucsd.edu/catalog/courses/GPS.html#gpps426,published snapshot WI25 | published snapshot WI26
http://www.ucsd.edu/catalog/courses/GPS.html#gpps427,published snapshot SP26
http://www.ucsd.edu/catalog/courses/GPS.html#gpps428,published snapshot WI26
http://www.ucsd.edu/catalog/courses/GPS.html#gpps430,published snapshot SP26
http://www.ucsd.edu/catalog/courses/GPS.html#gpps432,published snapshot SP25
http://www.ucsd.edu/catalog/courses/GPS.html#gpps433,published snapshot FA24 | published snapshot FA25
http://www.ucsd.edu/catalog/courses/GPS.html#gpps438,published snapshot FA24 | published snapshot FA25
http://www.ucsd.edu/catalog/courses/GPS.html#gpps439,published snapshot FA25
http://www.ucsd.edu/catalog/courses/GPS.html#gpps441,published snapshot WI25 | published snapshot WI26
http://www.ucsd.edu/catalog/courses/GPS.html#gpps442,published snapshot FA24 | published snapshot FA25
http://www.ucsd.edu/catalog/courses/GPS.html#gpps443,published snapshot WI25 | published snapshot WI26
http://www.ucsd.edu/catalog/courses/GPS.html#gpps444,published snapshot SP25 | published snapshot SP26
http://www.ucsd.edu/catalog/courses/GPS.html#gpps446,published snapshot SP25
http://www.ucsd.edu/catalog/courses/GPS.html#gpps447,published snapshot SP26
http://www.ucsd.edu/catalog/courses/GPS.html#gpps451,published snapshot FA24 | published snapshot FA25
http://www.ucsd.edu/catalog/courses/GPS.html#gpps454,published snapshot WI25 | published snapshot WI26
http://www.ucsd.edu/catalog/courses/GPS.html#gpps456,published snapshot SP26
http://www.ucsd.edu/catalog/courses/GPS.html#gpps463,published snapshot FA24 | published snapshot SP26
http://www.ucsd.edu/catalog/courses/GPS.html#gpps465,published snapshot SP25 | published snapshot SP26
http://www.ucsd.edu/catalog/courses/GPS.html#gpps469,published snapshot WI25 | published snapshot WI26
http://www.ucsd.edu/catalog/courses/GPS.html#gpps473,published snapshot FA24 | published snapshot FA25
http://www.ucsd.edu/catalog/courses/GPS.html#gpps476,published snapshot FA24 | published snapshot FA25
http://www.ucsd.edu/catalog/courses/GPS.html#gpps479,published snapshot WI25 | published snapshot WI26
http://www.ucsd.edu/catalog/courses/HIST.html#hild20,published snapshot S224
http://www.ucsd.edu/catalog/courses/LATI.html#lati191,published snapshot SP25 | published snapshot SP26
http://www.ucsd.edu/catalog/courses/LATI.html#lati87,published snapshot SP26
http://www.ucsd.edu/catalog/courses/LING.html#ligm5a,published snapshot S324 | published snapshot S325
http://www.ucsd.edu/catalog/courses/LING.html#ligm5b,published snapshot S324 | published snapshot S325
http://www.ucsd.edu/catalog/courses/LING.html#ligm5c,published snapshot S324 | published snapshot S325
http://www.ucsd.edu/catalog/courses/LING.html#lign195,published snapshot SP25 | published snapshot WI25
http://www.ucsd.edu/catalog/courses/LING.html#lign510,published snapshot FA25 | published snapshot SP25 | published snapshot SP26 | published snapshot WI25 | published snapshot WI26
http://www.ucsd.edu/catalog/courses/LING.html#lign511,published snapshot FA25 | published snapshot SP25 | published snapshot SP26 | published snapshot WI25 | published snapshot WI26
http://www.ucsd.edu/catalog/courses/LING.html#lign512,published snapshot FA25 | published snapshot SP25 | published snapshot SP26 | published snapshot WI25 | published snapshot WI26
http://www.ucsd.edu/catalog/courses/LING.html#lign513,published snapshot FA25 | published snapshot SP25 | published snapshot SP26 | published snapshot WI25 | published snapshot WI26
http://www.ucsd.edu/catalog/courses/LING.html#lihl138,published snapshot FA24 | published snapshot FA25 | published snapshot SP25 | published snapshot WI25 | published snapshot WI26
http://www.ucsd.edu/catalog/courses/LING.html#lisp15,published snapshot FA24 | published snapshot FA25
http://www.ucsd.edu/catalog/courses/LING.html#lisp16,published snapshot WI25 | published snapshot WI26
http://www.ucsd.edu/catalog/courses/LING.html#lisp17,published snapshot SP25 | published snapshot SP26
http://www.ucsd.edu/catalog/courses/LING.html#lisp5a,published snapshot S324 | published snapshot S325
http://www.ucsd.edu/catalog/courses/LING.html#lisp5b,published snapshot S324 | published snapshot S325
http://www.ucsd.edu/catalog/courses/LING.html#lisp5c,published snapshot S324 | published snapshot S325
http://www.ucsd.edu/catalog/courses/LIT.html#lteu105,published snapshot WI25
http://www.ucsd.edu/catalog/courses/LIT.html#ltwr100,published snapshot S224
http://www.ucsd.edu/catalog/courses/LIT.html#ltwr102,published snapshot S224
http://www.ucsd.edu/catalog/courses/MAE.html#mae192,published snapshot FA24
http://www.ucsd.edu/catalog/courses/MAE.html#mae2,published snapshot FA24 | published snapshot FA25 | published snapshot SP26
http://www.ucsd.edu/catalog/courses/MAE.html#mae3,published snapshot FA24 | published snapshot FA25 | published snapshot SP25 | published snapshot SP26
http://www.ucsd.edu/catalog/courses/MAE.html#mae8,published snapshot FA24 | published snapshot FA25 | published snapshot S125 | published snapshot S126 | published snapshot S224 | published snapshot S225 | published snapshot S226 | published snapshot SP25 | published snapshot SP26 | published snapshot WI25 | published snapshot WI26
http://www.ucsd.edu/catalog/courses/MAS.html#aese241,published snapshot WI25
http://www.ucsd.edu/catalog/courses/MAS.html#aese261,published snapshot SP25
http://www.ucsd.edu/catalog/courses/MAS.html#aese278a,published snapshot FA24
http://www.ucsd.edu/catalog/courses/MAS.html#aese278b,published snapshot WI25
http://www.ucsd.edu/catalog/courses/MAS.html#aese278c,published snapshot WI25
http://www.ucsd.edu/catalog/courses/MAS.html#aese278d,published snapshot SP25
http://www.ucsd.edu/catalog/courses/MAS.html#aese278e,published snapshot SP25
http://www.ucsd.edu/catalog/courses/MAS.html#aese279a,published snapshot FA24 | published snapshot SP25 | published snapshot WI25
http://www.ucsd.edu/catalog/courses/MAS.html#aese279b,published snapshot S324 | published snapshot S325
http://www.ucsd.edu/catalog/courses/MATH.html#math2,05-pipeline-and-schema/tools/catalog-snapshot/scheduleOfClasses.test.ts
http://www.ucsd.edu/catalog/courses/MBC.html#mbc258,published snapshot FA24 | published snapshot FA25
http://www.ucsd.edu/catalog/courses/MBC.html#mbc259,published snapshot WI25 | published snapshot WI26
http://www.ucsd.edu/catalog/courses/MBC.html#mbc296,published snapshot SP25 | published snapshot SP26
http://www.ucsd.edu/catalog/courses/MCWP.html#mcwp500,published snapshot FA24 | published snapshot FA25 | published snapshot SP25 | published snapshot SP26 | published snapshot WI25 | published snapshot WI26
http://www.ucsd.edu/catalog/courses/MGT.html#mgt291,published snapshot FA24 | published snapshot FA25
http://www.ucsd.edu/catalog/courses/MMW.html#mmw501,published snapshot FA24 | published snapshot FA25 | published snapshot SP25 | published snapshot SP26 | published snapshot WI25 | published snapshot WI26
http://www.ucsd.edu/catalog/courses/MUS.html#mus95c,published snapshot FA24 | published snapshot FA25 | published snapshot SP26 | published snapshot WI26
http://www.ucsd.edu/catalog/courses/MUS.html#mus95d,published snapshot FA24 | published snapshot FA25 | published snapshot SP26 | published snapshot WI26
http://www.ucsd.edu/catalog/courses/MUS.html#mus95e,published snapshot FA24 | published snapshot FA25 | published snapshot SP26 | published snapshot WI26
http://www.ucsd.edu/catalog/courses/MUS.html#mus95g,published snapshot FA24 | published snapshot FA25 | published snapshot SP26 | published snapshot WI26
http://www.ucsd.edu/catalog/courses/MUS.html#mus95jc,published snapshot FA24 | published snapshot FA25 | published snapshot WI26
http://www.ucsd.edu/catalog/courses/MUS.html#mus95l,published snapshot FA24 | published snapshot FA25 | published snapshot WI26
http://www.ucsd.edu/catalog/courses/MUS.html#mus95w,published snapshot FA24 | published snapshot FA25 | published snapshot WI26
http://www.ucsd.edu/catalog/courses/NEU.html#neu233,published snapshot FA24 | published snapshot FA25
http://www.ucsd.edu/catalog/courses/NEU.html#neu296,published snapshot FA24 | published snapshot FA25 | published snapshot SP25 | published snapshot SP26 | published snapshot WI25 | published snapshot WI26
http://www.ucsd.edu/catalog/courses/NEU.html#neu299,published snapshot FA24 | published snapshot FA25 | published snapshot S324 | published snapshot SP25 | published snapshot SP26 | published snapshot WI25 | published snapshot WI26
http://www.ucsd.edu/catalog/courses/PATH.html#path221,published snapshot WI25 | published snapshot WI26
http://www.ucsd.edu/catalog/courses/PATH.html#path296,published snapshot FA24 | published snapshot FA25 | published snapshot SP25 | published snapshot SP26 | published snapshot WI25 | published snapshot WI26
http://www.ucsd.edu/catalog/courses/PATH.html#path299,published snapshot FA24 | published snapshot FA25 | published snapshot SP25 | published snapshot SP26 | published snapshot WI25 | published snapshot WI26
http://www.ucsd.edu/catalog/courses/PH.html#ph195,published snapshot FA24 | published snapshot SP25 | published snapshot WI25
http://www.ucsd.edu/catalog/courses/PH.html#phb291,published snapshot SP26 | published snapshot WI25 | published snapshot WI26
http://www.ucsd.edu/catalog/courses/PHIL.html#phil276,published snapshot FA24
http://www.ucsd.edu/catalog/courses/PHYS.html#phya298,published snapshot WI26
http://www.ucsd.edu/catalog/courses/PHYS.html#phys99h,published snapshot FA24
http://www.ucsd.edu/catalog/courses/POLI.html#poli10d,published snapshot FA25 | published snapshot SP25 | published snapshot WI25 | published snapshot WI26
http://www.ucsd.edu/catalog/courses/POLI.html#poli118,published snapshot FA25 | published snapshot S225 | published snapshot WI25
http://www.ucsd.edu/catalog/courses/POLI.html#poli11d,published snapshot FA24 | published snapshot FA25 | published snapshot WI25 | published snapshot WI26
http://www.ucsd.edu/catalog/courses/POLI.html#poli12d,published snapshot FA24 | published snapshot FA25 | published snapshot SP25 | published snapshot SP26
http://www.ucsd.edu/catalog/courses/POLI.html#poli136c,published snapshot S225
http://www.ucsd.edu/catalog/courses/POLI.html#poli138,published snapshot S225 | published snapshot WI25
http://www.ucsd.edu/catalog/courses/POLI.html#poli13d,published snapshot SP26
http://www.ucsd.edu/catalog/courses/POLI.html#poli232,published snapshot FA24
http://www.ucsd.edu/catalog/courses/POLI.html#poli30d,published snapshot FA24 | published snapshot FA25 | published snapshot SP25 | published snapshot SP26
http://www.ucsd.edu/catalog/courses/POLI.html#poli5d,published snapshot FA24 | published snapshot FA25 | published snapshot S125 | published snapshot S126 | published snapshot S225 | published snapshot S226 | published snapshot SP25 | published snapshot SP26 | published snapshot WI25 | published snapshot WI26
http://www.ucsd.edu/catalog/courses/PSYC.html#psyc123,published snapshot S125
http://www.ucsd.edu/catalog/courses/SOC.html#soce194,published snapshot FA24 | published snapshot FA25 | published snapshot SP25 | published snapshot SP26 | published snapshot WI25 | published snapshot WI26
http://www.ucsd.edu/catalog/courses/THEA.html#tdgr211a,published snapshot FA25
http://www.ucsd.edu/catalog/courses/THEA.html#tdgr298,published snapshot WI25
http://www.ucsd.edu/catalog/courses/THEA.html#tdmv138,published snapshot FA24 | published snapshot FA25 | published snapshot S125 | published snapshot S224 | published snapshot S225 | published snapshot SP25 | published snapshot WI25
http://www.ucsd.edu/catalog/courses/THEA.html#tdmv143,published snapshot FA24 | published snapshot FA25 | published snapshot S125 | published snapshot SP25 | published snapshot WI25
http://www.ucsd.edu/catalog/courses/THEA.html#tdpf164,published snapshot WI26
http://www.ucsd.edu/catalog/courses/THEA.html#tdtr15,published snapshot FA25 | published snapshot SP25 | published snapshot WI25
http://www.ucsd.edu/catalog/courses/THEA.html#tdtr20,published snapshot FA24 | published snapshot FA25 | published snapshot SP25
http://www.ucsd.edu/catalog/courses/USP.html#usp154,published snapshot FA24 | published snapshot S125
http://www.ucsd.edu/catalog/courses/USP.html#usp195,published snapshot FA24 | published snapshot SP25 | published snapshot WI25
http://www.ucsd.edu/catalog/courses/VIS.html#vis143,published snapshot FA24 | published snapshot FA25 | published snapshot WI26
http://www.ucsd.edu/catalog/courses/WARR.html#warr99h,published snapshot FA24 | published snapshot FA25 | published snapshot SP26 | published snapshot WI25 | published snapshot WI26
http://www.ucsd.edu/catalog/curric/EAP.html,published snapshot S324 | published snapshot S325 | published snapshot S326 | published snapshot SP26
https://${accountId,05-pipeline-and-schema/tools/staging-deployment/r2CatalogStore.ts
https://127.0.0.1:3000/catalog,04-documentation/docs/planning/archive/beta-0-ui-surface-inventory-2026-06-20.md
https://127.0.0.1:3000/catalog?course-modal=S126-3612034979,04-documentation/docs/planning/archive/beta-0-ui-surface-inventory-2026-06-20.md
https://127.0.0.1:3003/worksheet,04-documentation/docs/planning/archive/beta-0-ui-surface-inventory-2026-06-20.md
"https://127.0.0.1:3003/worksheet?t=S126&sections=S126:259244,S126:260254",04-documentation/docs/planning/archive/beta-0-ui-surface-inventory-2026-06-20.md
https://127.0.0.1:3019/catalog,04-documentation/docs/planning/archive/beta-0-ui-surface-inventory-2026-06-20.md
https://127.0.0.1:3019/worksheet,04-documentation/docs/planning/archive/beta-0-ui-surface-inventory-2026-06-20.md
https://127.0.0.1:3031/catalog,04-documentation/docs/planning/archive/beta-0-ui-surface-inventory-2026-06-20.md
https://127.0.0.1:3031/catalog?course-modal=S126-3171542616,04-documentation/docs/planning/archive/beta-0-ui-surface-inventory-2026-06-20.md
https://127.0.0.1:3031/worksheet,04-documentation/docs/planning/archive/beta-0-ui-surface-inventory-2026-06-20.md
https://127.0.0.1:3031/worksheet?t=S126&sections=S126%3ACSE-TRACER-3%2CS126%3AMATH-TRACER-2,04-documentation/docs/planning/archive/beta-0-ui-surface-inventory-2026-06-20.md
https://127.0.0.1:8086,04-documentation/docs/planning/archive/beta-0-ui-surface-inventory-2026-06-20.md
https://act.ucsd.edu/scheduleOfClasses,05-pipeline-and-schema/tools/catalog-snapshot/scheduleOfClasses.ts
https://act.ucsd.edu/scheduleOfClasses/scheduleOfClassesStudent.htm,03-links/official-course-data-links.md | 04-documentation/docs/planning/archive/mvp-1-spec.md | 04-documentation/docs/planning/archive/tss-webreg-transition-links-2026-07-18.md | 04-documentation/docs/planning/archive/ucsd-coursetable-plan.md
https://act.ucsd.edu/scheduleOfClasses/scheduleOfClassesStudentResult.htm,03-links/official-course-data-links.md | 04-documentation/docs/planning/archive/tss-webreg-transition-links-2026-07-18.md | 05-pipeline-and-schema/tools/catalog-snapshot/scheduleOfClasses.test.ts | published snapshot FA24 source | published snapshot FA25 source | published snapshot S125 source | published snapshot S126 source | published snapshot S224 source | published snapshot S225 source | published snapshot S226 source | published snapshot S324 source | published snapshot S325 source | published snapshot S326 source | published snapshot SP25 source | published snapshot SP26 source | published snapshot WI25 source | published snapshot WI26 source
https://act.ucsd.edu/scheduleOfClasses/subject-list.json?selectedTerm={TERM,03-links/official-course-data-links.md
https://act.ucsd.edu/scheduleOfClasses/subject-list.json?selectedTerm=FA26,03-links/official-course-data-links.md
https://act.ucsd.edu/scheduleOfClasses/subject-list.json?selectedTerm=S126,03-links/official-course-data-links.md | 04-documentation/docs/planning/archive/tss-webreg-transition-links-2026-07-18.md
https://act.ucsd.edu/scheduleOfClasses/subject-list.json?selectedTerm=S226,03-links/official-course-data-links.md
https://act.ucsd.edu/scheduleOfClasses/subject-list.json?selectedTerm=S326,03-links/official-course-data-links.md
https://act.ucsd.edu/scheduleOfClasses/subject-list.json?selectedTerm=SP26,05-pipeline-and-schema/tools/catalog-snapshot/scheduleOfClasses.test.ts
https://adminrecords.ucsd.edu/Notices/2026/2026-7-10-1.html,03-links/official-course-data-links.md | 04-documentation/docs/planning/archive/tss-webreg-transition-links-2026-07-18.md
https://adminrecords.ucsd.edu/Notices/2026/2026-7-24-1.html,03-links/official-course-data-links.md
https://api.coursetable.com/api/sitemaps/${file,05-pipeline-and-schema/api/src/catalog/catalog.utils.ts
https://api.coursetable.com/ping,04-documentation/docs/deployment.md
https://api.staging.coursetable.com/ping,04-documentation/docs/deployment.md
https://blink.ucsd.edu/instructors/resources/tss/index.html,03-links/official-course-data-links.md
https://blink.ucsd.edu/instructors/resources/tss/index.html#scheduling-in-isa-training-resources,04-documentation/docs/planning/archive/tss-webreg-transition-links-2026-07-18.md
https://blink.ucsd.edu/instructors/student-reporting/tss-transition/june-retrofit.html,03-links/official-course-data-links.md
https://blink.ucsd.edu/technology/help-desk/tech-resources/index.html,04-documentation/docs/planning/archive/tss-webreg-transition-links-2026-07-18.md
https://buymeacoffee.com/sungrid,04-documentation/docs/public_pages.md
https://cape.ucsd.edu/,03-links/official-course-data-links.md | 04-documentation/docs/planning/archive/ucsd-coursetable-plan.md
https://catalog.test/${subject,05-pipeline-and-schema/tools/catalog-snapshot/multiTermPipeline.test.ts | 05-pipeline-and-schema/tools/catalog-snapshot/publishedSnapshotPipeline.test.ts | 05-pipeline-and-schema/tools/etl/runRefresh.test.ts
https://catalog.ucsd.edu/,03-links/official-course-data-links.md | 04-documentation/docs/planning/archive/mvp-1-spec.md | 04-documentation/docs/planning/archive/ucsd-coursetable-plan.md
https://catalog.ucsd.edu/archive/index.html,03-links/official-course-data-links.md
https://catalog.ucsd.edu/courses,05-pipeline-and-schema/tools/catalog-snapshot/generalCatalog.ts
https://catalog.ucsd.edu/courses/{SUBJECT,03-links/official-course-data-links.md
https://catalog.ucsd.edu/courses/AAPI.html#aapi198,published snapshot WI25 | published snapshot WI26
https://catalog.ucsd.edu/courses/AAPI.html#aapi87,published snapshot FA24 | published snapshot FA25
https://catalog.ucsd.edu/courses/AASM.html#aas10,published snapshot S225 | published snapshot SP26 | published snapshot WI25
https://catalog.ucsd.edu/courses/AASM.html#aas11,published snapshot WI25 | published snapshot WI26
https://catalog.ucsd.edu/courses/AASM.html#aas170,published snapshot FA26 | published snapshot SP26
https://catalog.ucsd.edu/courses/AASM.html#aas198,published snapshot FA24 | published snapshot FA25 | published snapshot FA26 | published snapshot S325 | published snapshot SP25 | published snapshot SP26 | published snapshot WI25 | published snapshot WI26
https://catalog.ucsd.edu/courses/AASM.html#aas199,published snapshot FA25 | published snapshot FA26 | published snapshot S325 | published snapshot S326 | published snapshot SP25 | published snapshot SP26 | published snapshot WI25
https://catalog.ucsd.edu/courses/AASM.html#aasm10,published snapshot FA24 | published snapshot FA25 | published snapshot FA26 | published snapshot SP25 | published snapshot WI26
https://catalog.ucsd.edu/courses/AASM.html#aasm11,published snapshot WI26
https://catalog.ucsd.edu/courses/AASM.html#aasm170,published snapshot FA25 | published snapshot SP25
https://catalog.ucsd.edu/courses/AIP.html#aip197,published snapshot FA24 | published snapshot FA25 | published snapshot S324 | published snapshot S325 | published snapshot S326 | published snapshot SP25 | published snapshot SP26 | published snapshot WI25 | published snapshot WI26
https://catalog.ucsd.edu/courses/AIP.html#aip197dc,published snapshot FA24 | published snapshot FA25 | published snapshot SP25 | published snapshot SP26 | published snapshot WI25 | published snapshot WI26
https://catalog.ucsd.edu/courses/AIP.html#aip197p,published snapshot FA24 | published snapshot FA25 | published snapshot S325 | published snapshot S326 | published snapshot SP25 | published snapshot SP26 | published snapshot WI25 | published snapshot WI26
https://catalog.ucsd.edu/courses/AIP.html#aip197t,published snapshot FA24 | published snapshot FA25
https://catalog.ucsd.edu/courses/AIP.html#aip97,published snapshot FA24 | published snapshot FA25 | published snapshot S324 | published snapshot S325 | published snapshot S326 | published snapshot SP25 | published snapshot SP26 | published snapshot WI25 | published snapshot WI26
https://catalog.ucsd.edu/courses/ANTH.html#anar100,published snapshot FA24 | published snapshot S126 | published snapshot SP25 | published snapshot SP26 | published snapshot WI26
https://catalog.ucsd.edu/courses/ANTH.html#anar111,published snapshot FA26 | published snapshot SP25 | published snapshot SP26
https://catalog.ucsd.edu/courses/ANTH.html#anar116,published snapshot FA24 | published snapshot S125 | published snapshot S224
https://catalog.ucsd.edu/courses/ANTH.html#anar117,published snapshot FA26 | published snapshot S125
https://catalog.ucsd.edu/courses/ANTH.html#anar120,published snapshot FA24 | published snapshot FA25 | published snapshot S125 | published snapshot S225
https://catalog.ucsd.edu/courses/ANTH.html#anar121,published snapshot WI25
https://catalog.ucsd.edu/courses/ANTH.html#anar135,published snapshot S326 | published snapshot WI25
https://catalog.ucsd.edu/courses/ANTH.html#anar138,published snapshot SP25
https://catalog.ucsd.edu/courses/ANTH.html#anar143,published snapshot WI25 | published snapshot WI26
https://catalog.ucsd.edu/courses/ANTH.html#anar144,published snapshot S126
https://catalog.ucsd.edu/courses/ANTH.html#anar146,published snapshot S126 | published snapshot SP26
https://catalog.ucsd.edu/courses/ANTH.html#anar153,published snapshot S125
https://catalog.ucsd.edu/courses/ANTH.html#anar154,published snapshot WI26
https://catalog.ucsd.edu/courses/ANTH.html#anar155,published snapshot SP25 | published snapshot SP26
https://catalog.ucsd.edu/courses/ANTH.html#anar158,published snapshot WI25 | published snapshot WI26
https://catalog.ucsd.edu/courses/ANTH.html#anar159,published snapshot FA26
https://catalog.ucsd.edu/courses/ANTH.html#anar164,published snapshot WI25 | published snapshot WI26
https://catalog.ucsd.edu/courses/ANTH.html#anar165,published snapshot WI25
https://catalog.ucsd.edu/courses/ANTH.html#anar166,published snapshot FA24 | published snapshot FA25 | published snapshot FA26
https://catalog.ucsd.edu/courses/ANTH.html#anar167,published snapshot FA24 | published snapshot FA25
https://catalog.ucsd.edu/courses/ANTH.html#anar180,published snapshot SP26
https://catalog.ucsd.edu/courses/ANTH.html#anar181,published snapshot FA26 | published snapshot SP26
https://catalog.ucsd.edu/courses/ANTH.html#anbi100,published snapshot FA24 | published snapshot FA25 | published snapshot FA26 | published snapshot S126 | published snapshot WI25
https://catalog.ucsd.edu/courses/ANTH.html#anbi111,published snapshot SP25 | published snapshot SP26
https://catalog.ucsd.edu/courses/ANTH.html#anbi112,published snapshot FA24 | published snapshot FA25 | published snapshot FA26
https://catalog.ucsd.edu/courses/ANTH.html#anbi116,published snapshot SP25 | published snapshot SP26
https://catalog.ucsd.edu/courses/ANTH.html#anbi117,published snapshot FA24 | published snapshot FA25 | published snapshot FA26
https://catalog.ucsd.edu/courses/ANTH.html#anbi120,published snapshot FA24 | published snapshot S125 | published snapshot S225 | published snapshot WI26
https://catalog.ucsd.edu/courses/ANTH.html#anbi130,published snapshot WI25
https://catalog.ucsd.edu/courses/ANTH.html#anbi131,published snapshot WI26
https://catalog.ucsd.edu/courses/ANTH.html#anbi134,published snapshot FA26 | published snapshot S125 | published snapshot WI25
https://catalog.ucsd.edu/courses/ANTH.html#anbi135,published snapshot FA25
https://catalog.ucsd.edu/courses/ANTH.html#anbi136,published snapshot FA26 | published snapshot S125 | published snapshot S224 | published snapshot S225
https://catalog.ucsd.edu/courses/ANTH.html#anbi139,published snapshot SP25 | published snapshot SP26
https://catalog.ucsd.edu/courses/ANTH.html#anbi140,published snapshot WI25 | published snapshot WI26
https://catalog.ucsd.edu/courses/ANTH.html#anbi141,published snapshot FA25
https://catalog.ucsd.edu/courses/ANTH.html#anbi143,published snapshot WI25 | published snapshot WI26
https://catalog.ucsd.edu/courses/ANTH.html#anbi143gs,published snapshot S125 | published snapshot S126
https://catalog.ucsd.edu/courses/ANTH.html#anbi144,published snapshot SP25 | published snapshot SP26
https://catalog.ucsd.edu/courses/ANTH.html#anbi144gs,published snapshot S125 | published snapshot S126 | published snapshot S224
https://catalog.ucsd.edu/courses/ANTH.html#anbi145,published snapshot FA24 | published snapshot WI26
https://catalog.ucsd.edu/courses/ANTH.html#anbi148,published snapshot S225
https://catalog.ucsd.edu/courses/ANTH.html#anbi149,published snapshot SP25
https://catalog.ucsd.edu/courses/ANTH.html#anbi159,published snapshot FA24
https://catalog.ucsd.edu/courses/ANTH.html#anbi173,published snapshot WI25 | published snapshot WI26
https://catalog.ucsd.edu/courses/ANTH.html#anbi174,published snapshot SP25
https://catalog.ucsd.edu/courses/ANTH.html#anbi176,published snapshot SP26
https://catalog.ucsd.edu/courses/ANTH.html#ansc100,published snapshot SP25 | published snapshot WI26
https://catalog.ucsd.edu/courses/ANTH.html#ansc101,published snapshot S125 | published snapshot S225 | published snapshot SP25 | published snapshot SP26
https://catalog.ucsd.edu/courses/ANTH.html#ansc101a,published snapshot WI25 | published snapshot WI26
https://catalog.ucsd.edu/courses/ANTH.html#ansc103,published snapshot SP26
https://catalog.ucsd.edu/courses/ANTH.html#ansc104,published snapshot FA24
https://catalog.ucsd.edu/courses/ANTH.html#ansc108,published snapshot FA25 | published snapshot S225
https://catalog.ucsd.edu/courses/ANTH.html#ansc109,published snapshot S125 | published snapshot S224 | published snapshot WI25
https://catalog.ucsd.edu/courses/ANTH.html#ansc117,published snapshot SP25
https://catalog.ucsd.edu/courses/ANTH.html#ansc120,published snapshot S126 | published snapshot S224 | published snapshot S225 | published snapshot S226
https://catalog.ucsd.edu/courses/ANTH.html#ansc121,published snapshot FA24 | published snapshot FA25 | published snapshot FA26 | published snapshot S125 | published snapshot S126 | published snapshot S224
https://catalog.ucsd.edu/courses/ANTH.html#ansc122,published snapshot FA26 | published snapshot S225
https://catalog.ucsd.edu/courses/ANTH.html#ansc124,published snapshot FA24 | published snapshot FA25 | published snapshot FA26 | published snapshot S125
https://catalog.ucsd.edu/courses/ANTH.html#ansc125,published snapshot S125 | published snapshot S225 | published snapshot WI25 | published snapshot WI26
https://catalog.ucsd.edu/courses/ANTH.html#ansc129,published snapshot FA24 | published snapshot FA26
https://catalog.ucsd.edu/courses/ANTH.html#ansc134,published snapshot SP25
https://catalog.ucsd.edu/courses/ANTH.html#ansc135,published snapshot WI25 | published snapshot WI26
https://catalog.ucsd.edu/courses/ANTH.html#ansc137,published snapshot SP25 | published snapshot SP26
https://catalog.ucsd.edu/courses/ANTH.html#ansc138,published snapshot SP26
https://catalog.ucsd.edu/courses/ANTH.html#ansc139,published snapshot WI25
https://catalog.ucsd.edu/courses/ANTH.html#ansc142,published snapshot FA24 | published snapshot FA25 | published snapshot FA26 | published snapshot S226
https://catalog.ucsd.edu/courses/ANTH.html#ansc143,published snapshot WI26
https://catalog.ucsd.edu/courses/ANTH.html#ansc144,published snapshot S126 | published snapshot S224
https://catalog.ucsd.edu/courses/ANTH.html#ansc146,published snapshot WI25 | published snapshot WI26
https://catalog.ucsd.edu/courses/ANTH.html#ansc147,published snapshot SP25 | published snapshot SP26
https://catalog.ucsd.edu/courses/ANTH.html#ansc148,published snapshot FA24 | published snapshot FA25 | published snapshot FA26 | published snapshot S125 | published snapshot S126 | published snapshot S226 | published snapshot SP25 | published snapshot SP26 | published snapshot WI25 | published snapshot WI26
https://catalog.ucsd.edu/courses/ANTH.html#ansc149,published snapshot FA25
https://catalog.ucsd.edu/courses/ANTH.html#ansc150,published snapshot S225 | published snapshot S226 | published snapshot WI25 | published snapshot WI26
https://catalog.ucsd.edu/courses/ANTH.html#ansc152,published snapshot FA25 | published snapshot FA26
https://catalog.ucsd.edu/courses/ANTH.html#ansc154,published snapshot WI25
https://catalog.ucsd.edu/courses/ANTH.html#ansc156,published snapshot FA24 | published snapshot S225 | published snapshot WI26
https://catalog.ucsd.edu/courses/ANTH.html#ansc164,published snapshot WI25 | published snapshot WI26
https://catalog.ucsd.edu/courses/ANTH.html#ansc165,published snapshot S125 | published snapshot S224 | published snapshot S225
https://catalog.ucsd.edu/courses/ANTH.html#ansc166,published snapshot S125 | published snapshot WI26
https://catalog.ucsd.edu/courses/ANTH.html#ansc169,published snapshot FA24 | published snapshot FA26 | published snapshot SP26
https://catalog.ucsd.edu/courses/ANTH.html#ansc173,published snapshot FA26 | published snapshot SP25 | published snapshot WI26
https://catalog.ucsd.edu/courses/ANTH.html#ansc180,published snapshot S225 | published snapshot SP25
https://catalog.ucsd.edu/courses/ANTH.html#ansc184,published snapshot WI25 | published snapshot WI26
https://catalog.ucsd.edu/courses/ANTH.html#ansc186,published snapshot SP26
https://catalog.ucsd.edu/courses/ANTH.html#ansc188,published snapshot S225 | published snapshot S226 | published snapshot WI26
https://catalog.ucsd.edu/courses/ANTH.html#ansc190,published snapshot FA25 | published snapshot S225 | published snapshot SP26 | published snapshot WI25
https://catalog.ucsd.edu/courses/ANTH.html#ansc190GS,published snapshot S125
https://catalog.ucsd.edu/courses/ANTH.html#ansc191,published snapshot S225 | published snapshot SP25
https://catalog.ucsd.edu/courses/ANTH.html#ansc193,published snapshot FA24
https://catalog.ucsd.edu/courses/ANTH.html#anth1,published snapshot FA24 | published snapshot FA25 | published snapshot FA26 | published snapshot S125 | published snapshot S126 | published snapshot SP26
https://catalog.ucsd.edu/courses/ANTH.html#anth10,published snapshot FA24 | published snapshot FA25 | published snapshot S125 | published snapshot S225 | published snapshot S226 | published snapshot SP25 | published snapshot SP26 | published snapshot WI25 | published snapshot WI26
https://catalog.ucsd.edu/courses/ANTH.html#anth101,published snapshot FA24 | published snapshot FA25 | published snapshot FA26 | published snapshot S125 | published snapshot S224
https://catalog.ucsd.edu/courses/ANTH.html#anth102,published snapshot S125 | published snapshot S126 | published snapshot WI25 | published snapshot WI26
https://catalog.ucsd.edu/courses/ANTH.html#anth103,published snapshot S125 | published snapshot S126 | published snapshot SP25 | published snapshot SP26
https://catalog.ucsd.edu/courses/ANTH.html#anth105,published snapshot FA24 | published snapshot FA25 | published snapshot FA26 | published snapshot S225 | published snapshot S226 | published snapshot SP25
https://catalog.ucsd.edu/courses/ANTH.html#anth106,published snapshot WI25 | published snapshot WI26
https://catalog.ucsd.edu/courses/ANTH.html#anth107,published snapshot FA26 | published snapshot WI25 | published snapshot WI26
https://catalog.ucsd.edu/courses/ANTH.html#anth108,published snapshot FA24 | published snapshot FA25 | published snapshot FA26 | published snapshot S125 | published snapshot S224 | published snapshot S225
https://catalog.ucsd.edu/courses/ANTH.html#anth109,published snapshot S226 | published snapshot SP25 | published snapshot WI26
https://catalog.ucsd.edu/courses/ANTH.html#anth110,published snapshot SP25 | published snapshot SP26
https://catalog.ucsd.edu/courses/ANTH.html#anth111,published snapshot S226 | published snapshot WI25 | published snapshot WI26
https://catalog.ucsd.edu/courses/ANTH.html#anth113,published snapshot SP26
https://catalog.ucsd.edu/courses/ANTH.html#anth120,published snapshot FA24
https://catalog.ucsd.edu/courses/ANTH.html#anth128a,published snapshot WI25 | published snapshot WI26
https://catalog.ucsd.edu/courses/ANTH.html#anth128b,published snapshot SP25 | published snapshot SP26
https://catalog.ucsd.edu/courses/ANTH.html#anth131,published snapshot SP26
https://catalog.ucsd.edu/courses/ANTH.html#anth192,published snapshot SP26
https://catalog.ucsd.edu/courses/ANTH.html#anth195,published snapshot WI25
https://catalog.ucsd.edu/courses/ANTH.html#anth196a,published snapshot FA24 | published snapshot FA25 | published snapshot FA26
https://catalog.ucsd.edu/courses/ANTH.html#anth196b,published snapshot WI25 | published snapshot WI26
https://catalog.ucsd.edu/courses/ANTH.html#anth196c,published snapshot SP25 | published snapshot SP26
https://catalog.ucsd.edu/courses/ANTH.html#anth197,published snapshot S326 | published snapshot SP26 | published snapshot WI25 | published snapshot WI26
https://catalog.ucsd.edu/courses/ANTH.html#anth198,published snapshot SP25 | published snapshot SP26
https://catalog.ucsd.edu/courses/ANTH.html#anth199,published snapshot FA24 | published snapshot FA25 | published snapshot S125 | published snapshot S126 | published snapshot S325 | published snapshot SP25 | published snapshot SP26 | published snapshot WI25 | published snapshot WI26
https://catalog.ucsd.edu/courses/ANTH.html#anth2,published snapshot FA24 | published snapshot FA25 | published snapshot FA26 | published snapshot S126 | published snapshot SP25 | published snapshot SP26
https://catalog.ucsd.edu/courses/ANTH.html#anth200,published snapshot FA25 | published snapshot SP25 | published snapshot WI25 | published snapshot WI26
https://catalog.ucsd.edu/courses/ANTH.html#anth201,published snapshot WI25
https://catalog.ucsd.edu/courses/ANTH.html#anth203,published snapshot FA25 | published snapshot FA26 | published snapshot WI25
https://catalog.ucsd.edu/courses/ANTH.html#anth21,published snapshot FA24 | published snapshot FA25 | published snapshot FA26 | published snapshot S125 | published snapshot S126 | published snapshot S225 | published snapshot S226 | published snapshot SP25 | published snapshot SP26 | published snapshot WI25 | published snapshot WI26
https://catalog.ucsd.edu/courses/ANTH.html#anth212,published snapshot FA26 | published snapshot WI25 | published snapshot WI26
https://catalog.ucsd.edu/courses/ANTH.html#anth222,published snapshot WI26
https://catalog.ucsd.edu/courses/ANTH.html#anth23,published snapshot FA24 | published snapshot FA25 | published snapshot FA26 | published snapshot S125 | published snapshot S126 | published snapshot S224 | published snapshot S225 | published snapshot SP25 | published snapshot SP26 | published snapshot WI25 | published snapshot WI26
https://catalog.ucsd.edu/courses/ANTH.html#anth230,published snapshot FA24 | published snapshot FA25 | published snapshot FA26 | published snapshot SP25 | published snapshot SP26 | published snapshot WI25 | published snapshot WI26
https://catalog.ucsd.edu/courses/ANTH.html#anth231,published snapshot WI25
https://catalog.ucsd.edu/courses/ANTH.html#anth236,published snapshot WI25
https://catalog.ucsd.edu/courses/ANTH.html#anth241,published snapshot FA24 | published snapshot FA26
https://catalog.ucsd.edu/courses/ANTH.html#anth246,published snapshot WI26
https://catalog.ucsd.edu/courses/ANTH.html#anth263,published snapshot FA24
https://catalog.ucsd.edu/courses/ANTH.html#anth266,published snapshot FA24
https://catalog.ucsd.edu/courses/ANTH.html#anth268,published snapshot FA24 | published snapshot FA25
https://catalog.ucsd.edu/courses/ANTH.html#anth269,published snapshot WI25 | published snapshot WI26
https://catalog.ucsd.edu/courses/ANTH.html#anth270,published snapshot SP26
https://catalog.ucsd.edu/courses/ANTH.html#anth272,published snapshot SP25 | published snapshot SP26
https://catalog.ucsd.edu/courses/ANTH.html#anth273,published snapshot FA24 | published snapshot FA25 | published snapshot FA26 | published snapshot SP25 | published snapshot SP26 | published snapshot WI25 | published snapshot WI26
https://catalog.ucsd.edu/courses/ANTH.html#anth275,published snapshot SP26
https://catalog.ucsd.edu/courses/ANTH.html#anth278,published snapshot FA24 | published snapshot FA26
https://catalog.ucsd.edu/courses/ANTH.html#anth279,published snapshot SP26
https://catalog.ucsd.edu/courses/ANTH.html#anth280a,published snapshot FA24 | published snapshot FA26
https://catalog.ucsd.edu/courses/ANTH.html#anth280b,published snapshot SP26
https://catalog.ucsd.edu/courses/ANTH.html#anth280c,published snapshot WI26
https://catalog.ucsd.edu/courses/ANTH.html#anth280d,published snapshot FA24 | published snapshot FA26
https://catalog.ucsd.edu/courses/ANTH.html#anth280f,published snapshot WI25
https://catalog.ucsd.edu/courses/ANTH.html#anth281a,published snapshot FA24 | published snapshot FA25 | published snapshot FA26
https://catalog.ucsd.edu/courses/ANTH.html#anth281b,published snapshot WI25 | published snapshot WI26
https://catalog.ucsd.edu/courses/ANTH.html#anth284,published snapshot FA24
https://catalog.ucsd.edu/courses/ANTH.html#anth285,published snapshot FA24 | published snapshot FA25 | published snapshot FA26 | published snapshot SP26
https://catalog.ucsd.edu/courses/ANTH.html#anth288,published snapshot SP25 | published snapshot SP26
https://catalog.ucsd.edu/courses/ANTH.html#anth289s,published snapshot S325
https://catalog.ucsd.edu/courses/ANTH.html#anth295,published snapshot FA24 | published snapshot FA25 | published snapshot FA26 | published snapshot SP25 | published snapshot SP26 | published snapshot WI25 | published snapshot WI26
https://catalog.ucsd.edu/courses/ANTH.html#anth296,published snapshot FA24 | published snapshot FA25 | published snapshot FA26 | published snapshot SP25 | published snapshot SP26 | published snapshot WI25 | published snapshot WI26
https://catalog.ucsd.edu/courses/ANTH.html#anth298,published snapshot FA24 | published snapshot FA25 | published snapshot SP25 | published snapshot SP26 | published snapshot WI26
https://catalog.ucsd.edu/courses/ANTH.html#anth299,published snapshot FA24 | published snapshot FA25 | published snapshot FA26 | published snapshot SP25 | published snapshot SP26 | published snapshot WI25 | published snapshot WI26
https://catalog.ucsd.edu/courses/ANTH.html#anth3,published snapshot S224 | published snapshot S225 | published snapshot SP25 | published snapshot SP26
https://catalog.ucsd.edu/courses/ANTH.html#anth30,published snapshot FA26
https://catalog.ucsd.edu/courses/ANTH.html#anth4,published snapshot SP25 | published snapshot WI26
https://catalog.ucsd.edu/courses/ANTH.html#anth42,published snapshot S224 | published snapshot S226
https://catalog.ucsd.edu/courses/ANTH.html#anth43,published snapshot S125 | published snapshot S126 | published snapshot S225
https://catalog.ucsd.edu/courses/ANTH.html#anth45,published snapshot WI25 | published snapshot WI26
https://catalog.ucsd.edu/courses/ANTH.html#anth5,published snapshot S225 | published snapshot WI25
https://catalog.ucsd.edu/courses/ANTH.html#anth500,published snapshot FA24 | published snapshot FA25 | published snapshot FA26 | published snapshot SP25 | published snapshot SP26 | published snapshot WI25 | published snapshot WI26
https://catalog.ucsd.edu/courses/ANTH.html#anth87,published snapshot FA24 | published snapshot FA25 | published snapshot FA26 | published snapshot SP25 | published snapshot SP26 | published snapshot WI25 | published snapshot WI26
https://catalog.ucsd.edu/courses/ASTR.html#astr1,published snapshot FA24 | published snapshot FA25 | published snapshot FA26
https://catalog.ucsd.edu/courses/ASTR.html#astr10,published snapshot WI26
https://catalog.ucsd.edu/courses/ASTR.html#astr101,published snapshot FA24 | published snapshot FA25 | published snapshot FA26
https://catalog.ucsd.edu/courses/ASTR.html#astr102,published snapshot WI25 | published snapshot WI26
https://catalog.ucsd.edu/courses/ASTR.html#astr103,published snapshot SP25 | published snapshot SP26
https://catalog.ucsd.edu/courses/ASTR.html#astr104,published snapshot FA25 | published snapshot FA26
https://catalog.ucsd.edu/courses/ASTR.html#astr105,published snapshot WI25 | published snapshot WI26
https://catalog.ucsd.edu/courses/ASTR.html#astr106,published snapshot SP25 | published snapshot SP26
https://catalog.ucsd.edu/courses/ASTR.html#astr120,published snapshot FA24 | published snapshot FA25
https://catalog.ucsd.edu/courses/ASTR.html#astr121,published snapshot WI26
https://catalog.ucsd.edu/courses/ASTR.html#astr122,published snapshot FA26 | published snapshot WI25 | published snapshot WI26
https://catalog.ucsd.edu/courses/ASTR.html#astr123,published snapshot SP25 | published snapshot SP26
https://catalog.ucsd.edu/courses/ASTR.html#astr124,published snapshot FA25
https://catalog.ucsd.edu/courses/ASTR.html#astr15,published snapshot SP25 | published snapshot SP26
https://catalog.ucsd.edu/courses/ASTR.html#astr150,published snapshot FA25 | published snapshot FA26 | published snapshot WI25
https://catalog.ucsd.edu/courses/ASTR.html#astr154,published snapshot SP25 | published snapshot SP26
https://catalog.ucsd.edu/courses/ASTR.html#astr18,published snapshot FA24 | published snapshot FA25 | published snapshot FA26 | published snapshot SP25 | published snapshot SP26
https://catalog.ucsd.edu/courses/ASTR.html#astr199,published snapshot FA24 | published snapshot FA25 | published snapshot FA26 | published snapshot S325 | published snapshot S326 | published snapshot SP25 | published snapshot SP26 | published snapshot WI25 | published snapshot WI26
https://catalog.ucsd.edu/courses/ASTR.html#astr199h,published snapshot FA25 | published snapshot SP26 | published snapshot WI26
https://catalog.ucsd.edu/courses/ASTR.html#astr2,published snapshot SP25 | published snapshot SP26
https://catalog.ucsd.edu/courses/ASTR.html#astr200,published snapshot FA24 | published snapshot FA25 | published snapshot FA26
https://catalog.ucsd.edu/courses/ASTR.html#astr201,published snapshot FA25 | published snapshot WI25
https://catalog.ucsd.edu/courses/ASTR.html#astr202,published snapshot FA24 | published snapshot WI26
https://catalog.ucsd.edu/courses/ASTR.html#astr20a,published snapshot FA24 | published snapshot FA25 | published snapshot FA26
https://catalog.ucsd.edu/courses/ASTR.html#astr20b,published snapshot WI25 | published snapshot WI26
https://catalog.ucsd.edu/courses/ASTR.html#astr210,published snapshot WI25
https://catalog.ucsd.edu/courses/ASTR.html#astr211,published snapshot SP25
https://catalog.ucsd.edu/courses/ASTR.html#astr212,published snapshot SP26
https://catalog.ucsd.edu/courses/ASTR.html#astr213,published snapshot FA25
https://catalog.ucsd.edu/courses/ASTR.html#astr214,published snapshot WI26
https://catalog.ucsd.edu/courses/ASTR.html#astr215,published snapshot FA26
https://catalog.ucsd.edu/courses/ASTR.html#astr220,published snapshot WI25 | published snapshot WI26
https://catalog.ucsd.edu/courses/ASTR.html#astr223,published snapshot WI26
https://catalog.ucsd.edu/courses/ASTR.html#astr224,published snapshot SP26
https://catalog.ucsd.edu/courses/ASTR.html#astr250,published snapshot FA24 | published snapshot FA25 | published snapshot FA26 | published snapshot SP25 | published snapshot SP26 | published snapshot WI25 | published snapshot WI26
https://catalog.ucsd.edu/courses/ASTR.html#astr251,published snapshot FA24 | published snapshot FA25 | published snapshot FA26 | published snapshot SP25 | published snapshot SP26 | published snapshot WI25 | published snapshot WI26
https://catalog.ucsd.edu/courses/ASTR.html#astr254,published snapshot SP26
https://catalog.ucsd.edu/courses/ASTR.html#astr291,published snapshot WI26
https://catalog.ucsd.edu/courses/ASTR.html#astr298,published snapshot FA24 | published snapshot FA25 | published snapshot FA26 | published snapshot SP25 | published snapshot SP26 | published snapshot WI25 | published snapshot WI26
https://catalog.ucsd.edu/courses/ASTR.html#astr299,published snapshot FA24 | published snapshot FA25 | published snapshot SP25 | published snapshot SP26 | published snapshot WI25 | published snapshot WI26
https://catalog.ucsd.edu/courses/ASTR.html#astr3,published snapshot WI25 | published snapshot WI26
https://catalog.ucsd.edu/courses/ASTR.html#astr500,published snapshot FA24 | published snapshot FA25 | published snapshot FA26
https://catalog.ucsd.edu/courses/ASTR.html#astr60,published snapshot SP25 | published snapshot SP26
https://catalog.ucsd.edu/courses/ASTR.html#astr65,published snapshot FA25 | published snapshot FA26
https://catalog.ucsd.edu/courses/ASTR.html#astr87,published snapshot SP25 | published snapshot SP26
https://catalog.ucsd.edu/courses/ASTR.html#astr99,published snapshot FA25 | published snapshot WI25 | published snapshot WI26
https://catalog.ucsd.edu/courses/AUDL.html#aud236,published snapshot FA24 | published snapshot FA25 | published snapshot FA26 | published snapshot SP25 | published snapshot SP26 | published snapshot WI25 | published snapshot WI26
https://catalog.ucsd.edu/courses/AUDL.html#aud257,published snapshot FA24 | published snapshot FA25 | published snapshot FA26
https://catalog.ucsd.edu/courses/AUDL.html#aud260,published snapshot SP25 | published snapshot SP26
https://catalog.ucsd.edu/courses/AUDL.html#aud263,published snapshot FA25 | published snapshot FA26 | published snapshot WI25
https://catalog.ucsd.edu/courses/AUDL.html#aud271,published snapshot FA24 | published snapshot WI26
https://catalog.ucsd.edu/courses/AUDL.html#aud272,published snapshot SP25 | published snapshot SP26
https://catalog.ucsd.edu/courses/AUDL.html#aud274,published snapshot FA24 | published snapshot FA25 | published snapshot FA26
https://catalog.ucsd.edu/courses/AUDL.html#aud275,published snapshot SP25 | published snapshot SP26
https://catalog.ucsd.edu/courses/AUDL.html#aud276,published snapshot WI25 | published snapshot WI26
https://catalog.ucsd.edu/courses/AUDL.html#aud278,published snapshot WI26
https://catalog.ucsd.edu/courses/AUDL.html#aud284,published snapshot FA24 | published snapshot FA25 | published snapshot FA26 | published snapshot SP25 | published snapshot SP26 | published snapshot WI25 | published snapshot WI26
https://catalog.ucsd.edu/courses/AUDL.html#aud291,published snapshot FA24 | published snapshot FA25 | published snapshot FA26 | published snapshot SP25 | published snapshot SP26 | published snapshot WI25 | published snapshot WI26
https://catalog.ucsd.edu/courses/AUDL.html#aud296,published snapshot FA24 | published snapshot FA25 | published snapshot FA26 | published snapshot SP25 | published snapshot SP26 | published snapshot WI25 | published snapshot WI26
https://catalog.ucsd.edu/courses/AUDL.html#aud298,published snapshot FA24 | published snapshot FA25 | published snapshot FA26 | published snapshot SP26 | published snapshot WI25 | published snapshot WI26
https://catalog.ucsd.edu/courses/AUDL.html#aud299,published snapshot FA24 | published snapshot FA25 | published snapshot FA26 | published snapshot SP25 | published snapshot SP26 | published snapshot WI25 | published snapshot WI26
https://catalog.ucsd.edu/courses/AWP.html#awp10,published snapshot S224 | published snapshot S225 | published snapshot S226
https://catalog.ucsd.edu/courses/AWP.html#awp102r,published snapshot S224 | published snapshot S225
https://catalog.ucsd.edu/courses/AWP.html#awp10r,published snapshot S224 | published snapshot S225 | published snapshot S226 | published snapshot SP25
https://catalog.ucsd.edu/courses/AWP.html#awp3,published snapshot FA24 | published snapshot FA25 | published snapshot FA26 | published snapshot SP25 | published snapshot SP26 | published snapshot WI25 | published snapshot WI26
https://catalog.ucsd.edu/courses/AWP.html#awp4a,published snapshot FA24 | published snapshot SP25 | published snapshot SP26 | published snapshot WI25 | published snapshot WI26
https://catalog.ucsd.edu/courses/AWP.html#awp4b,published snapshot FA24 | published snapshot FA25 | published snapshot FA26 | published snapshot SP25 | published snapshot SP26
https://catalog.ucsd.edu/courses/BENG.html,05-pipeline-and-schema/tools/catalog-snapshot/generalCatalog.test.ts
https://catalog.ucsd.edu/courses/BENG.html#beng-277,published snapshot WI25 | published snapshot WI26
https://catalog.ucsd.edu/courses/BENG.html#beng1,published snapshot FA24 | published snapshot FA25 | published snapshot FA26 | published snapshot WI25 | published snapshot WI26
https://catalog.ucsd.edu/courses/BENG.html#beng100,published snapshot FA24 | published snapshot FA25 | published snapshot FA26 | published snapshot S225 | published snapshot SP25 | published snapshot SP26
https://catalog.ucsd.edu/courses/BENG.html#beng102,published snapshot SP25 | published snapshot SP26
https://catalog.ucsd.edu/courses/BENG.html#beng103b,published snapshot SP25 | published snapshot SP26
https://catalog.ucsd.edu/courses/BENG.html#beng110,published snapshot FA24 | published snapshot FA25 | published snapshot FA26
https://catalog.ucsd.edu/courses/BENG.html#beng112a,published snapshot WI25 | published snapshot WI26
https://catalog.ucsd.edu/courses/BENG.html#beng112b,published snapshot SP25 | published snapshot SP26
https://catalog.ucsd.edu/courses/BENG.html#beng120,published snapshot WI25 | published snapshot WI26
https://catalog.ucsd.edu/courses/BENG.html#beng122a,published snapshot FA24 | published snapshot FA25 | published snapshot FA26 | published snapshot S225
https://catalog.ucsd.edu/courses/BENG.html#beng123,published snapshot WI25 | published snapshot WI26
https://catalog.ucsd.edu/courses/BENG.html#beng125,published snapshot S125 | published snapshot S224 | published snapshot S225 | published snapshot SP25 | published snapshot SP26
https://catalog.ucsd.edu/courses/BENG.html#beng130,published snapshot S224 | published snapshot SP25 | published snapshot WI25 | published snapshot WI26
https://catalog.ucsd.edu/courses/BENG.html#beng133,published snapshot FA24 | published snapshot FA25 | published snapshot FA26
https://catalog.ucsd.edu/courses/BENG.html#beng134,published snapshot SP25 | published snapshot SP26
https://catalog.ucsd.edu/courses/BENG.html#beng135,published snapshot FA24 | published snapshot FA25 | published snapshot FA26
https://catalog.ucsd.edu/courses/BENG.html#beng140a,published snapshot WI25 | published snapshot WI26
https://catalog.ucsd.edu/courses/BENG.html#beng140b,published snapshot SP25 | published snapshot SP26
https://catalog.ucsd.edu/courses/BENG.html#beng141,published snapshot FA24 | published snapshot FA25 | published snapshot FA26
https://catalog.ucsd.edu/courses/BENG.html#beng152,published snapshot FA26 | published snapshot WI25 | published snapshot WI26
https://catalog.ucsd.edu/courses/BENG.html#beng160,published snapshot SP25 | published snapshot SP26
https://catalog.ucsd.edu/courses/BENG.html#beng161a,published snapshot FA24 | published snapshot FA25 | published snapshot FA26
https://catalog.ucsd.edu/courses/BENG.html#beng161b,published snapshot WI25 | published snapshot WI26
https://catalog.ucsd.edu/courses/BENG.html#beng162,published snapshot FA24 | published snapshot FA25 | published snapshot FA26
https://catalog.ucsd.edu/courses/BENG.html#beng166a,published snapshot FA24 | published snapshot FA25 | published snapshot FA26 | published snapshot S224 | published snapshot S225
https://catalog.ucsd.edu/courses/BENG.html#beng168,published snapshot FA26 | published snapshot S125 | published snapshot SP25 | published snapshot WI25 | published snapshot WI26
https://catalog.ucsd.edu/courses/BENG.html#beng172,published snapshot SP25 | published snapshot SP26
https://catalog.ucsd.edu/courses/BENG.html#beng181,05-pipeline-and-schema/tools/catalog-snapshot/generalCatalog.test.ts | published snapshot WI25 | published snapshot WI26
https://catalog.ucsd.edu/courses/BENG.html#beng182,published snapshot SP25 | published snapshot SP26
https://catalog.ucsd.edu/courses/BENG.html#beng183,published snapshot FA24 | published snapshot FA25 | published snapshot FA26
https://catalog.ucsd.edu/courses/BENG.html#beng186a,published snapshot FA26 | published snapshot SP25 | published snapshot SP26
https://catalog.ucsd.edu/courses/BENG.html#beng186b,published snapshot S126 | published snapshot SP25 | published snapshot WI25 | published snapshot WI26
https://catalog.ucsd.edu/courses/BENG.html#beng187a,published snapshot SP25 | published snapshot SP26
https://catalog.ucsd.edu/courses/BENG.html#beng187b,published snapshot FA24 | published snapshot FA25 | published snapshot FA26
https://catalog.ucsd.edu/courses/BENG.html#beng187c,published snapshot WI25 | published snapshot WI26
https://catalog.ucsd.edu/courses/BENG.html#beng187d,published snapshot SP25 | published snapshot SP26
https://catalog.ucsd.edu/courses/BENG.html#beng188a,published snapshot FA25 | published snapshot FA26
https://catalog.ucsd.edu/courses/BENG.html#beng188b,published snapshot WI26
https://catalog.ucsd.edu/courses/BENG.html#beng189,published snapshot SP26 | published snapshot WI25
https://catalog.ucsd.edu/courses/BENG.html#beng190,published snapshot S225 | published snapshot SP25 | published snapshot SP26
https://catalog.ucsd.edu/courses/BENG.html#beng193,published snapshot SP25 | published snapshot SP26
https://catalog.ucsd.edu/courses/BENG.html#beng195p,published snapshot FA25 | published snapshot FA26 | published snapshot WI26
https://catalog.ucsd.edu/courses/BENG.html#beng196,published snapshot FA24 | published snapshot FA25 | published snapshot FA26 | published snapshot S224 | published snapshot S225 | published snapshot S324 | published snapshot S325 | published snapshot S326 | published snapshot SP25 | published snapshot SP26 | published snapshot WI25 | published snapshot WI26
https://catalog.ucsd.edu/courses/BENG.html#beng197,published snapshot FA25 | published snapshot FA26 | published snapshot SP25 | published snapshot SP26 | published snapshot WI26
https://catalog.ucsd.edu/courses/BENG.html#beng198,published snapshot FA25 | published snapshot S126 | published snapshot S226 | published snapshot S325 | published snapshot S326 | published snapshot SP25 | published snapshot SP26 | published snapshot WI25 | published snapshot WI26
https://catalog.ucsd.edu/courses/BENG.html#beng199,published snapshot FA24 | published snapshot FA25 | published snapshot FA26 | published snapshot S125 | published snapshot S126 | published snapshot S224 | published snapshot S225 | published snapshot S226 | published snapshot S326 | published snapshot SP25 | published snapshot SP26 | published snapshot WI25 | published snapshot WI26
https://catalog.ucsd.edu/courses/BENG.html#beng2,published snapshot FA24 | published snapshot FA25 | published snapshot FA26
https://catalog.ucsd.edu/courses/BENG.html#beng202,published snapshot WI25 | published snapshot WI26
https://catalog.ucsd.edu/courses/BENG.html#beng203,published snapshot SP25 | published snapshot SP26
https://catalog.ucsd.edu/courses/BENG.html#beng204,published snapshot WI25
https://catalog.ucsd.edu/courses/BENG.html#beng207,published snapshot FA26 | published snapshot SP25 | published snapshot SP26 | published snapshot WI25 | published snapshot WI26
https://catalog.ucsd.edu/courses/BENG.html#beng209,published snapshot SP25 | published snapshot SP26
https://catalog.ucsd.edu/courses/BENG.html#beng211,published snapshot FA25
https://catalog.ucsd.edu/courses/BENG.html#beng212,published snapshot WI25 | published snapshot WI26
https://catalog.ucsd.edu/courses/BENG.html#beng213,published snapshot SP25 | published snapshot SP26
https://catalog.ucsd.edu/courses/BENG.html#beng216,published snapshot FA24 | published snapshot FA25 | published snapshot FA26
https://catalog.ucsd.edu/courses/BENG.html#beng219,published snapshot FA24 | published snapshot FA25 | published snapshot FA26
https://catalog.ucsd.edu/courses/BENG.html#beng221,published snapshot FA24 | published snapshot FA25 | published snapshot FA26
https://catalog.ucsd.edu/courses/BENG.html#beng223,published snapshot WI25
https://catalog.ucsd.edu/courses/BENG.html#beng224,published snapshot SP25 | published snapshot SP26
https://catalog.ucsd.edu/courses/BENG.html#beng225,published snapshot WI25 | published snapshot WI26
https://catalog.ucsd.edu/courses/BENG.html#beng226,published snapshot FA25 | published snapshot FA26 | published snapshot SP25 | published snapshot SP26
https://catalog.ucsd.edu/courses/BENG.html#beng227,published snapshot SP25 | published snapshot WI26
https://catalog.ucsd.edu/courses/BENG.html#beng230a,published snapshot FA24 | published snapshot FA25
https://catalog.ucsd.edu/courses/BENG.html#beng230b,published snapshot FA26 | published snapshot WI25 | published snapshot WI26
https://catalog.ucsd.edu/courses/BENG.html#beng230c,published snapshot SP25 | published snapshot SP26
https://catalog.ucsd.edu/courses/BENG.html#beng232,published snapshot SP25 | published snapshot SP26
https://catalog.ucsd.edu/courses/BENG.html#beng233,published snapshot SP25 | published snapshot SP26
https://catalog.ucsd.edu/courses/BENG.html#beng234,published snapshot SP25 | published snapshot SP26
https://catalog.ucsd.edu/courses/BENG.html#beng235,published snapshot SP25 | published snapshot SP26
https://catalog.ucsd.edu/courses/BENG.html#beng238,published snapshot WI25 | published snapshot WI26
https://catalog.ucsd.edu/courses/BENG.html#beng241a,published snapshot FA24 | published snapshot FA25 | published snapshot FA26 | published snapshot WI25 | published snapshot WI26
https://catalog.ucsd.edu/courses/BENG.html#beng241b,published snapshot WI25 | published snapshot WI26
https://catalog.ucsd.edu/courses/BENG.html#beng242,05-pipeline-and-schema/tools/catalog-snapshot/generalCatalog.test.ts | published snapshot FA24 | published snapshot FA25 | published snapshot FA26
https://catalog.ucsd.edu/courses/BENG.html#beng247a,published snapshot FA24 | published snapshot FA25 | published snapshot FA26
https://catalog.ucsd.edu/courses/BENG.html#beng247b,published snapshot FA25 | published snapshot WI25 | published snapshot WI26
https://catalog.ucsd.edu/courses/BENG.html#beng247c,published snapshot SP26
https://catalog.ucsd.edu/courses/BENG.html#beng254,published snapshot FA24 | published snapshot FA25 | published snapshot FA26
https://catalog.ucsd.edu/courses/BENG.html#beng260,published snapshot FA25
https://catalog.ucsd.edu/courses/BENG.html#beng276,published snapshot SP25 | published snapshot SP26
https://catalog.ucsd.edu/courses/BENG.html#beng278,published snapshot WI25
https://catalog.ucsd.edu/courses/BENG.html#beng280a,published snapshot FA24 | published snapshot FA25 | published snapshot FA26
https://catalog.ucsd.edu/courses/BENG.html#beng280b,published snapshot WI25 | published snapshot WI26
https://catalog.ucsd.edu/courses/BENG.html#beng280c,published snapshot SP25 | published snapshot SP26
https://catalog.ucsd.edu/courses/BENG.html#beng281,published snapshot FA24 | published snapshot FA25 | published snapshot FA26 | published snapshot SP25 | published snapshot SP26 | published snapshot WI25 | published snapshot WI26
https://catalog.ucsd.edu/courses/BENG.html#beng282,published snapshot FA24 | published snapshot FA25 | published snapshot FA26
https://catalog.ucsd.edu/courses/BENG.html#beng283,published snapshot SP25 | published snapshot SP26
https://catalog.ucsd.edu/courses/BENG.html#beng285,published snapshot SP25
https://catalog.ucsd.edu/courses/BENG.html#beng291,05-pipeline-and-schema/tools/catalog-snapshot/generalCatalog.test.ts | published snapshot WI25 | published snapshot WI26
https://catalog.ucsd.edu/courses/BENG.html#beng292,published snapshot FA24 | published snapshot FA25 | published snapshot FA26 | published snapshot SP25 | published snapshot WI25 | published snapshot WI26
https://catalog.ucsd.edu/courses/BENG.html#beng294a,published snapshot FA24 | published snapshot FA25 | published snapshot FA26
https://catalog.ucsd.edu/courses/BENG.html#beng294b,published snapshot WI25 | published snapshot WI26
https://catalog.ucsd.edu/courses/BENG.html#beng294c,published snapshot SP25 | published snapshot SP26
https://catalog.ucsd.edu/courses/BENG.html#beng295,published snapshot FA24 | published snapshot FA25 | published snapshot FA26 | published snapshot S324 | published snapshot S325 | published snapshot S326 | published snapshot SP25 | published snapshot SP26 | published snapshot WI25 | published snapshot WI26
https://catalog.ucsd.edu/courses/BENG.html#beng298l,published snapshot FA24 | published snapshot FA25 | published snapshot FA26 | published snapshot SP25 | published snapshot SP26 | published snapshot WI25 | published snapshot WI26
https://catalog.ucsd.edu/courses/BENG.html#beng299,published snapshot FA24 | published snapshot FA25 | published snapshot FA26 | published snapshot S225 | published snapshot S325 | published snapshot SP25 | published snapshot SP26 | published snapshot WI25 | published snapshot WI26
https://catalog.ucsd.edu/courses/BENG.html#beng500,published snapshot FA25 | published snapshot SP26
https://catalog.ucsd.edu/courses/BENG.html#beng501,published snapshot FA24 | published snapshot FA25 | published snapshot FA26 | published snapshot SP25 | published snapshot SP26 | published snapshot WI25 | published snapshot WI26
https://catalog.ucsd.edu/courses/BENG.html#beng87,published snapshot FA24 | published snapshot SP25 | published snapshot SP26
https://catalog.ucsd.edu/courses/BENG.html#beng97,published snapshot SP26
https://catalog.ucsd.edu/courses/BENG.html#beng98,published snapshot FA25 | published snapshot S126 | published snapshot S226 | published snapshot S325 | published snapshot S326 | published snapshot SP26
https://catalog.ucsd.edu/courses/BENG.html#beng99,published snapshot FA24 | published snapshot FA25 | published snapshot S126 | published snapshot SP25 | published snapshot SP26 | published snapshot WI25 | published snapshot WI26
https://catalog.ucsd.edu/courses/BENG.html#beng99h,published snapshot FA25 | published snapshot SP25 | published snapshot SP26 | published snapshot WI25 | published snapshot WI26
https://catalog.ucsd.edu/courses/BGGN.html,05-pipeline-and-schema/tools/catalog-snapshot/generalCatalog.test.ts
https://catalog.ucsd.edu/courses/BIOI.html#bnfo262,published snapshot WI25 | published snapshot WI26
https://catalog.ucsd.edu/courses/BIOI.html#bnfo281,published snapshot FA24 | published snapshot FA25 | published snapshot FA26 | published snapshot SP25 | published snapshot SP26 | published snapshot WI25 | published snapshot WI26
https://catalog.ucsd.edu/courses/BIOI.html#bnfo283,published snapshot FA24 | published snapshot FA25 | published snapshot FA26 | published snapshot SP25 | published snapshot SP26 | published snapshot WI25 | published snapshot WI26
https://catalog.ucsd.edu/courses/BIOI.html#bnfo285,published snapshot SP25
https://catalog.ucsd.edu/courses/BIOI.html#bnfo286,published snapshot WI25
https://catalog.ucsd.edu/courses/BIOI.html#bnfo294,published snapshot FA24 | published snapshot FA25 | published snapshot FA26 | published snapshot SP25 | published snapshot SP26 | published snapshot WI25 | published snapshot WI26
https://catalog.ucsd.edu/courses/BIOI.html#bnfo298,published snapshot FA24 | published snapshot FA25 | published snapshot FA26 | published snapshot SP25 | published snapshot SP26 | published snapshot WI25 | published snapshot WI26
https://catalog.ucsd.edu/courses/BIOI.html#bnfo299,published snapshot FA24 | published snapshot FA25 | published snapshot FA26 | published snapshot SP25 | published snapshot SP26 | published snapshot WI25 | published snapshot WI26
https://catalog.ucsd.edu/courses/BIOI.html#bnfo500,published snapshot FA24 | published snapshot FA25 | published snapshot FA26 | published snapshot SP25 | published snapshot SP26 | published snapshot WI25 | published snapshot WI26
https://catalog.ucsd.edu/courses/BIOL.html,05-pipeline-and-schema/tools/catalog-snapshot/generalCatalog.test.ts | published snapshot FA24 | published snapshot FA25 | published snapshot FA26 | published snapshot SP25 | published snapshot SP26 | published snapshot WI25 | published snapshot WI26
https://catalog.ucsd.edu/courses/BIOL.html#bggn-249c,published snapshot FA24 | published snapshot FA25 | published snapshot FA26 | published snapshot SP25 | published snapshot SP26 | published snapshot WI25 | published snapshot WI26
https://catalog.ucsd.edu/courses/BIOL.html#bggn-255,published snapshot SP25 | published snapshot SP26
https://catalog.ucsd.edu/courses/BIOL.html#bggn202,published snapshot FA24 | published snapshot FA25 | published snapshot FA26
https://catalog.ucsd.edu/courses/BIOL.html#bggn204,published snapshot FA24 | published snapshot FA25
https://catalog.ucsd.edu/courses/BIOL.html#bggn205,published snapshot SP25 | published snapshot SP26
https://catalog.ucsd.edu/courses/BIOL.html#bggn208,published snapshot FA24 | published snapshot FA25 | published snapshot FA26
https://catalog.ucsd.edu/courses/BIOL.html#bggn209,published snapshot WI25 | published snapshot WI26
https://catalog.ucsd.edu/courses/BIOL.html#bggn213,published snapshot FA24 | published snapshot FA25 | published snapshot FA26 | published snapshot WI25
https://catalog.ucsd.edu/courses/BIOL.html#bggn214,published snapshot FA24 | published snapshot FA25
https://catalog.ucsd.edu/courses/BIOL.html#bggn215,published snapshot SP25 | published snapshot WI26
https://catalog.ucsd.edu/courses/BIOL.html#bggn216,published snapshot WI25 | published snapshot WI26
https://catalog.ucsd.edu/courses/BIOL.html#bggn220,published snapshot FA25 | published snapshot FA26
https://catalog.ucsd.edu/courses/BIOL.html#bggn223,published snapshot SP26
https://catalog.ucsd.edu/courses/BIOL.html#bggn225,published snapshot WI25 | published snapshot WI26
https://catalog.ucsd.edu/courses/BIOL.html#bggn227,published snapshot FA24 | published snapshot FA25
https://catalog.ucsd.edu/courses/BIOL.html#bggn228,published snapshot WI25 | published snapshot WI26
https://catalog.ucsd.edu/courses/BIOL.html#bggn230,published snapshot SP26
https://catalog.ucsd.edu/courses/BIOL.html#bggn237,published snapshot WI25 | published snapshot WI26
https://catalog.ucsd.edu/courses/BIOL.html#bggn239,published snapshot SP25
https://catalog.ucsd.edu/courses/BIOL.html#bggn240,published snapshot SP25 | published snapshot WI25 | published snapshot WI26
https://catalog.ucsd.edu/courses/BIOL.html#bggn245,published snapshot FA24 | published snapshot FA25 | published snapshot FA26
https://catalog.ucsd.edu/courses/BIOL.html#bggn246a,published snapshot WI25 | published snapshot WI26
https://catalog.ucsd.edu/courses/BIOL.html#bggn260,published snapshot FA25
https://catalog.ucsd.edu/courses/BIOL.html#bggn267,published snapshot SP25 | published snapshot SP26
https://catalog.ucsd.edu/courses/BIOL.html#bggn271,published snapshot FA24 | published snapshot FA25 | published snapshot FA26 | published snapshot SP25 | published snapshot SP26 | published snapshot WI25 | published snapshot WI26
https://catalog.ucsd.edu/courses/BIOL.html#bggn272,published snapshot FA24 | published snapshot FA25
https://catalog.ucsd.edu/courses/BIOL.html#bggn273,published snapshot SP25 | published snapshot SP26
https://catalog.ucsd.edu/courses/BIOL.html#bggn275,published snapshot FA24 | published snapshot FA25 | published snapshot FA26 | published snapshot SP25 | published snapshot SP26 | published snapshot WI25 | published snapshot WI26
https://catalog.ucsd.edu/courses/BIOL.html#bggn276,published snapshot FA24 | published snapshot FA25 | published snapshot FA26 | published snapshot SP25 | published snapshot SP26 | published snapshot WI25 | published snapshot WI26
https://catalog.ucsd.edu/courses/BIOL.html#bggn293,published snapshot SP25 | published snapshot WI25 | published snapshot WI26
https://catalog.ucsd.edu/courses/BIOL.html#bggn294,published snapshot FA24 | published snapshot FA26 | published snapshot SP25 | published snapshot WI25 | published snapshot WI26
https://catalog.ucsd.edu/courses/BIOL.html#bggn295,published snapshot FA24 | published snapshot SP25
https://catalog.ucsd.edu/courses/BIOL.html#bggn298,published snapshot FA24 | published snapshot FA25 | published snapshot FA26 | published snapshot SP25 | published snapshot SP26 | published snapshot WI25 | published snapshot WI26
https://catalog.ucsd.edu/courses/BIOL.html#bggn299,published snapshot FA24 | published snapshot FA25 | published snapshot FA26 | published snapshot SP25 | published snapshot SP26 | published snapshot WI25 | published snapshot WI26
https://catalog.ucsd.edu/courses/BIOL.html#bggn500,published snapshot WI25 | published snapshot WI26
https://catalog.ucsd.edu/courses/BIOL.html#bgjc204,published snapshot FA24 | published snapshot FA25 | published snapshot FA26 | published snapshot SP25 | published snapshot SP26 | published snapshot WI25 | published snapshot WI26
https://catalog.ucsd.edu/courses/BIOL.html#bgjc215,published snapshot FA24 | published snapshot FA25 | published snapshot FA26 | published snapshot SP25 | published snapshot SP26 | published snapshot WI25 | published snapshot WI26
https://catalog.ucsd.edu/courses/BIOL.html#bgrd200,published snapshot FA24 | published snapshot FA25 | published snapshot SP25 | published snapshot SP26 | published snapshot WI25 | published snapshot WI26
https://catalog.ucsd.edu/courses/BIOL.html#bgse200,published snapshot FA24 | published snapshot FA25 | published snapshot FA26 | published snapshot SP25 | published snapshot SP26 | published snapshot WI25 | published snapshot WI26
https://catalog.ucsd.edu/courses/BIOL.html#bgse205,published snapshot FA24 | published snapshot FA25 | published snapshot FA26 | published snapshot SP25 | published snapshot SP26 | published snapshot WI25 | published snapshot WI26
https://catalog.ucsd.edu/courses/BIOL.html#bibc100,published snapshot FA24 | published snapshot FA25 | published snapshot FA26 | published snapshot S224 | published snapshot SP26 | published snapshot WI25 | published snapshot WI26
https://catalog.ucsd.edu/courses/BIOL.html#bibc102,published snapshot FA24 | published snapshot FA25 | published snapshot FA26 | published snapshot S225 | published snapshot S226 | published snapshot SP25 | published snapshot SP26 | published snapshot WI25 | published snapshot WI26
https://catalog.ucsd.edu/courses/BIOL.html#bibc103,published snapshot FA24 | published snapshot FA25 | published snapshot FA26 | published snapshot SP25 | published snapshot SP26 | published snapshot WI25 | published snapshot WI26
https://catalog.ucsd.edu/courses/BIOL.html#bibc104,published snapshot SP25
https://catalog.ucsd.edu/courses/BIOL.html#bibc120,published snapshot S226 | published snapshot WI25
https://catalog.ucsd.edu/courses/BIOL.html#bibc194,published snapshot SP25 | published snapshot SP26 | published snapshot WI25
https://catalog.ucsd.edu/courses/BIOL.html#bicd100,published snapshot FA24 | published snapshot FA25 | published snapshot FA26 | published snapshot S224 | published snapshot SP25 | published snapshot SP26 | published snapshot WI25 | published snapshot WI26
https://catalog.ucsd.edu/courses/BIOL.html#bicd100r,published snapshot S125 | published snapshot S126 | published snapshot S225 | published snapshot S226
https://catalog.ucsd.edu/courses/BIOL.html#bicd102gs,published snapshot S125 | published snapshot S126
https://catalog.ucsd.edu/courses/BIOL.html#bicd110,published snapshot FA24 | published snapshot FA25 | published snapshot FA26 | published snapshot S125 | published snapshot S224 | published snapshot SP25 | published snapshot SP26 | published snapshot WI25 | published snapshot WI26
https://catalog.ucsd.edu/courses/BIOL.html#bicd110r,published snapshot S126 | published snapshot S226
https://catalog.ucsd.edu/courses/BIOL.html#bicd112,published snapshot SP26
https://catalog.ucsd.edu/courses/BIOL.html#bicd120,published snapshot WI25
https://catalog.ucsd.edu/courses/BIOL.html#bicd123,published snapshot SP25 | published snapshot SP26
https://catalog.ucsd.edu/courses/BIOL.html#bicd130,published snapshot FA25 | published snapshot FA26
https://catalog.ucsd.edu/courses/BIOL.html#bicd136,published snapshot S126 | published snapshot S224 | published snapshot S225
https://catalog.ucsd.edu/courses/BIOL.html#bicd140,published snapshot FA24 | published snapshot FA25 | published snapshot FA26 | published snapshot S125 | published snapshot S126 | published snapshot SP25 | published snapshot SP26
https://catalog.ucsd.edu/courses/BIOL.html#bicd142,published snapshot SP26
https://catalog.ucsd.edu/courses/BIOL.html#bicd145,published snapshot FA24 | published snapshot FA26
https://catalog.ucsd.edu/courses/BIOL.html#bicd158,published snapshot SP25 | published snapshot SP26
https://catalog.ucsd.edu/courses/BIOL.html#bicd194,published snapshot FA26 | published snapshot WI25 | published snapshot WI26
https://catalog.ucsd.edu/courses/BIOL.html#bieb102,published snapshot FA24 | published snapshot FA25 | published snapshot FA26 | published snapshot S224 | published snapshot S225 | published snapshot S226 | published snapshot SP26 | published snapshot WI25 | published snapshot WI26
https://catalog.ucsd.edu/courses/BIOL.html#bieb121,published snapshot FA24 | published snapshot FA25 | published snapshot FA26 | published snapshot S226 | published snapshot SP25 | published snapshot SP26 | published snapshot WI25 | published snapshot WI26
https://catalog.ucsd.edu/courses/BIOL.html#bieb126,published snapshot S125 | published snapshot S126 | published snapshot S225
https://catalog.ucsd.edu/courses/BIOL.html#bieb130,published snapshot SP26
https://catalog.ucsd.edu/courses/BIOL.html#bieb134,published snapshot S224 | published snapshot WI25 | published snapshot WI26
https://catalog.ucsd.edu/courses/BIOL.html#bieb135,published snapshot S126 | published snapshot WI25 | published snapshot WI26
https://catalog.ucsd.edu/courses/BIOL.html#bieb136gs,published snapshot S125 | published snapshot S126
https://catalog.ucsd.edu/courses/BIOL.html#bieb137gs,published snapshot S125 | published snapshot S126
https://catalog.ucsd.edu/courses/BIOL.html#bieb140,published snapshot WI25 | published snapshot WI26
https://catalog.ucsd.edu/courses/BIOL.html#bieb141,published snapshot FA25
https://catalog.ucsd.edu/courses/BIOL.html#bieb146,published snapshot FA24 | published snapshot FA25 | published snapshot FA26 | published snapshot SP25 | published snapshot SP26
https://catalog.ucsd.edu/courses/BIOL.html#bieb148,published snapshot SP25 | published snapshot SP26
https://catalog.ucsd.edu/courses/BIOL.html#bieb150,published snapshot FA24 | published snapshot FA25 | published snapshot FA26 | published snapshot S224 | published snapshot S225 | published snapshot SP26 | published snapshot WI26
https://catalog.ucsd.edu/courses/BIOL.html#bieb152,published snapshot FA26 | published snapshot SP25 | published snapshot SP26 | published snapshot WI25 | published snapshot WI26
https://catalog.ucsd.edu/courses/BIOL.html#bieb154,published snapshot SP25
https://catalog.ucsd.edu/courses/BIOL.html#bieb156,published snapshot WI25 | published snapshot WI26
https://catalog.ucsd.edu/courses/BIOL.html#bieb159,published snapshot SP25
https://catalog.ucsd.edu/courses/BIOL.html#bieb164,published snapshot FA26 | published snapshot SP25
https://catalog.ucsd.edu/courses/BIOL.html#bieb166,published snapshot WI26
https://catalog.ucsd.edu/courses/BIOL.html#bieb176,published snapshot FA24 | published snapshot SP26
https://catalog.ucsd.edu/courses/BIOL.html#bieb182,published snapshot SP26
https://catalog.ucsd.edu/courses/BIOL.html#bieb194,published snapshot S224 | published snapshot S225 | published snapshot S226
https://catalog.ucsd.edu/courses/BIOL.html#bild1,published snapshot FA24 | published snapshot FA25 | published snapshot FA26 | published snapshot S125 | published snapshot S126 | published snapshot S224 | published snapshot S225 | published snapshot S226 | published snapshot SP25 | published snapshot SP26 | published snapshot WI25 | published snapshot WI26
https://catalog.ucsd.edu/courses/BIOL.html#bild10,published snapshot FA25 | published snapshot FA26 | published snapshot S126 | published snapshot S225
https://catalog.ucsd.edu/courses/BIOL.html#bild12,published snapshot WI25 | published snapshot WI26
https://catalog.ucsd.edu/courses/BIOL.html#bild2,published snapshot FA24 | published snapshot FA25 | published snapshot FA26 | published snapshot S126 | published snapshot S224 | published snapshot S225 | published snapshot S226 | published snapshot SP25 | published snapshot SP26 | published snapshot WI25 | published snapshot WI26
https://catalog.ucsd.edu/courses/BIOL.html#bild22,published snapshot S225 | published snapshot WI25
https://catalog.ucsd.edu/courses/BIOL.html#bild24,published snapshot S126 | published snapshot S225
https://catalog.ucsd.edu/courses/BIOL.html#bild28,published snapshot WI25 | published snapshot WI26
https://catalog.ucsd.edu/courses/BIOL.html#bild3,published snapshot FA24 | published snapshot FA25 | published snapshot FA26 | published snapshot S125 | published snapshot S126 | published snapshot S224 | published snapshot S225 | published snapshot S226 | published snapshot SP25 | published snapshot SP26 | published snapshot WI25 | published snapshot WI26
https://catalog.ucsd.edu/courses/BIOL.html#bild30,published snapshot S226 | published snapshot SP25 | published snapshot SP26
https://catalog.ucsd.edu/courses/BIOL.html#bild4,published snapshot FA24 | published snapshot FA25 | published snapshot FA26 | published snapshot S125 | published snapshot S126 | published snapshot S224 | published snapshot S225 | published snapshot S226 | published snapshot SP25 | published snapshot SP26 | published snapshot WI25 | published snapshot WI26
https://catalog.ucsd.edu/courses/BIOL.html#bild42,published snapshot S125
https://catalog.ucsd.edu/courses/BIOL.html#bild5,published snapshot FA24 | published snapshot FA25 | published snapshot FA26 | published snapshot S125 | published snapshot S225 | published snapshot S226 | published snapshot SP25 | published snapshot SP26 | published snapshot WI25 | published snapshot WI26
https://catalog.ucsd.edu/courses/BIOL.html#bild60,published snapshot FA24 | published snapshot WI25 | published snapshot WI26
https://catalog.ucsd.edu/courses/BIOL.html#bild60gs,published snapshot S125 | published snapshot S126
https://catalog.ucsd.edu/courses/BIOL.html#bild61,published snapshot SP26
https://catalog.ucsd.edu/courses/BIOL.html#bild62,published snapshot FA24 | published snapshot FA26 | published snapshot SP26 | published snapshot WI25 | published snapshot WI26
https://catalog.ucsd.edu/courses/BIOL.html#bild87,published snapshot FA24 | published snapshot FA25 | published snapshot FA26 | published snapshot SP26 | published snapshot WI25 | published snapshot WI26
https://catalog.ucsd.edu/courses/BIOL.html#bild88,published snapshot FA26 | published snapshot SP25 | published snapshot SP26 | published snapshot WI26
https://catalog.ucsd.edu/courses/BIOL.html#bild99,published snapshot FA24 | published snapshot FA25 | published snapshot S125 | published snapshot SP25 | published snapshot SP26 | published snapshot WI25 | published snapshot WI26
https://catalog.ucsd.edu/courses/BIOL.html#bimm100,published snapshot FA24 | published snapshot FA25 | published snapshot FA26 | published snapshot S125 | published snapshot S224 | published snapshot S225 | published snapshot S226 | published snapshot SP25 | published snapshot SP26 | published snapshot WI25 | published snapshot WI26
https://catalog.ucsd.edu/courses/BIOL.html#bimm100r,published snapshot S126
https://catalog.ucsd.edu/courses/BIOL.html#bimm101,published snapshot FA24 | published snapshot FA25 | published snapshot FA26 | published snapshot S126 | published snapshot S224 | published snapshot S225 | published snapshot S226 | published snapshot SP25 | published snapshot SP26 | published snapshot WI25 | published snapshot WI26
https://catalog.ucsd.edu/courses/BIOL.html#bimm110,published snapshot FA24 | published snapshot S225 | published snapshot S226 | published snapshot SP26 | published snapshot WI26
https://catalog.ucsd.edu/courses/BIOL.html#bimm112,published snapshot WI25 | published snapshot WI26
https://catalog.ucsd.edu/courses/BIOL.html#bimm114,published snapshot WI25 | published snapshot WI26
https://catalog.ucsd.edu/courses/BIOL.html#bimm118,published snapshot SP25
https://catalog.ucsd.edu/courses/BIOL.html#bimm120,published snapshot FA24 | published snapshot FA25 | published snapshot FA26 | published snapshot S125 | published snapshot S126 | published snapshot S224 | published snapshot S225 | published snapshot SP25 | published snapshot WI26
https://catalog.ucsd.edu/courses/BIOL.html#bimm121,published snapshot FA24 | published snapshot FA25 | published snapshot FA26 | published snapshot SP25 | published snapshot SP26 | published snapshot WI25 | published snapshot WI26
https://catalog.ucsd.edu/courses/BIOL.html#bimm122,published snapshot FA24 | published snapshot FA25 | published snapshot FA26
https://catalog.ucsd.edu/courses/BIOL.html#bimm128,published snapshot FA24 | published snapshot FA25
https://catalog.ucsd.edu/courses/BIOL.html#bimm134,published snapshot S125 | published snapshot S126 | published snapshot SP25 | published snapshot SP26 | published snapshot WI25
https://catalog.ucsd.edu/courses/BIOL.html#bimm143,published snapshot FA24 | published snapshot FA25 | published snapshot FA26 | published snapshot SP25 | published snapshot SP26 | published snapshot WI25 | published snapshot WI26
https://catalog.ucsd.edu/courses/BIOL.html#bimm143r,published snapshot FA24 | published snapshot FA25 | published snapshot FA26 | published snapshot S125 | published snapshot S126 | published snapshot WI25 | published snapshot WI26
https://catalog.ucsd.edu/courses/BIOL.html#bimm172,published snapshot SP26 | published snapshot WI25
https://catalog.ucsd.edu/courses/BIOL.html#bimm181,published snapshot WI25 | published snapshot WI26
https://catalog.ucsd.edu/courses/BIOL.html#bimm182,published snapshot SP25 | published snapshot SP26
https://catalog.ucsd.edu/courses/BIOL.html#bimm194,published snapshot FA24 | published snapshot FA25 | published snapshot S125 | published snapshot S126 | published snapshot SP25 | published snapshot SP26 | published snapshot WI25 | published snapshot WI26
https://catalog.ucsd.edu/courses/BIOL.html#bipn100,published snapshot FA24 | published snapshot FA25 | published snapshot FA26 | published snapshot S125 | published snapshot S224 | published snapshot S225 | published snapshot S226 | published snapshot SP25 | published snapshot SP26 | published snapshot WI25 | published snapshot WI26
https://catalog.ucsd.edu/courses/BIOL.html#bipn100r,published snapshot S126
https://catalog.ucsd.edu/courses/BIOL.html#bipn102,published snapshot S125 | published snapshot S224 | published snapshot SP25 | published snapshot SP26 | published snapshot WI25 | published snapshot WI26
https://catalog.ucsd.edu/courses/BIOL.html#bipn103,published snapshot FA25 | published snapshot FA26 | published snapshot SP26 | published snapshot WI26
https://catalog.ucsd.edu/courses/BIOL.html#bipn105,published snapshot FA24 | published snapshot FA25 | published snapshot FA26 | published snapshot SP25 | published snapshot SP26 | published snapshot WI25 | published snapshot WI26
https://catalog.ucsd.edu/courses/BIOL.html#bipn108,published snapshot WI26
https://catalog.ucsd.edu/courses/BIOL.html#bipn118,published snapshot FA25 | published snapshot FA26
https://catalog.ucsd.edu/courses/BIOL.html#bipn120,published snapshot S224 | published snapshot S225 | published snapshot SP26
https://catalog.ucsd.edu/courses/BIOL.html#bipn134,published snapshot S224 | published snapshot S225 | published snapshot S226 | published snapshot WI26
https://catalog.ucsd.edu/courses/BIOL.html#bipn140,published snapshot FA24 | published snapshot FA25 | published snapshot FA26 | published snapshot S125 | published snapshot S226 | published snapshot SP25 | published snapshot SP26 | published snapshot WI25 | published snapshot WI26
https://catalog.ucsd.edu/courses/BIOL.html#bipn142,published snapshot WI26
https://catalog.ucsd.edu/courses/BIOL.html#bipn144,published snapshot SP25
https://catalog.ucsd.edu/courses/BIOL.html#bipn145,published snapshot FA24 | published snapshot FA25 | published snapshot FA26 | published snapshot S226 | published snapshot SP25 | published snapshot SP26 | published snapshot WI25 | published snapshot WI26
https://catalog.ucsd.edu/courses/BIOL.html#bipn147,published snapshot SP25 | published snapshot SP26
https://catalog.ucsd.edu/courses/BIOL.html#bipn148,published snapshot FA24 | published snapshot FA25 | published snapshot FA26
https://catalog.ucsd.edu/courses/BIOL.html#bipn150,published snapshot FA24 | published snapshot FA26 | published snapshot S126
https://catalog.ucsd.edu/courses/BIOL.html#bipn152,published snapshot SP25 | published snapshot SP26
https://catalog.ucsd.edu/courses/BIOL.html#bipn154,published snapshot WI25
https://catalog.ucsd.edu/courses/BIOL.html#bipn156,05-pipeline-and-schema/tools/catalog-snapshot/generalCatalog.test.ts | 05-pipeline-and-schema/tools/catalog-snapshot/publishedSnapshotPipeline.test.ts | published snapshot SP26
https://catalog.ucsd.edu/courses/BIOL.html#bipn160,published snapshot S125 | published snapshot WI25 | published snapshot WI26
https://catalog.ucsd.edu/courses/BIOL.html#bipn162,published snapshot SP25 | published snapshot WI25 | published snapshot WI26
https://catalog.ucsd.edu/courses/BIOL.html#bipn164,published snapshot SP25 | published snapshot SP26
https://catalog.ucsd.edu/courses/BIOL.html#bipn189,published snapshot FA24 | published snapshot FA25 | published snapshot FA26 | published snapshot S225
https://catalog.ucsd.edu/courses/BIOL.html#bipn194,published snapshot FA24 | published snapshot FA26 | published snapshot S226 | published snapshot SP25 | published snapshot SP26 | published snapshot WI25 | published snapshot WI26
https://catalog.ucsd.edu/courses/BIOL.html#bisp170,published snapshot SP25 | published snapshot SP26
https://catalog.ucsd.edu/courses/BIOL.html#bisp175,published snapshot S125 | published snapshot S225
https://catalog.ucsd.edu/courses/BIOL.html#bisp182,published snapshot FA24 | published snapshot FA25 | published snapshot FA26 | published snapshot SP25 | published snapshot SP26 | published snapshot WI25 | published snapshot WI26
https://catalog.ucsd.edu/courses/BIOL.html#bisp193,published snapshot FA24 | published snapshot FA25 | published snapshot S125 | published snapshot S126 | published snapshot S225 | published snapshot S326 | published snapshot SP25 | published snapshot SP26 | published snapshot WI25 | published snapshot WI26
https://catalog.ucsd.edu/courses/BIOL.html#bisp194,published snapshot FA24 | published snapshot FA25 | published snapshot FA26 | published snapshot S224 | published snapshot S225 | published snapshot S226 | published snapshot SP25 | published snapshot SP26 | published snapshot WI25 | published snapshot WI26
https://catalog.ucsd.edu/courses/BIOL.html#bisp195p,published snapshot FA25 | published snapshot FA26 | published snapshot SP26 | published snapshot WI26
https://catalog.ucsd.edu/courses/BIOL.html#bisp196,published snapshot FA24 | published snapshot FA25 | published snapshot SP25 | published snapshot SP26 | published snapshot WI25 | published snapshot WI26
https://catalog.ucsd.edu/courses/BIOL.html#bisp197,published snapshot FA24 | published snapshot FA25 | published snapshot S125 | published snapshot S126 | published snapshot S224 | published snapshot S225 | published snapshot S226 | published snapshot S324 | published snapshot S325 | published snapshot S326 | published snapshot SP25 | published snapshot SP26 | published snapshot WI25 | published snapshot WI26
https://catalog.ucsd.edu/courses/BIOL.html#bisp199,published snapshot FA24 | published snapshot FA25 | published snapshot FA26 | published snapshot S125 | published snapshot S126 | published snapshot S224 | published snapshot S225 | published snapshot S226 | published snapshot S324 | published snapshot S325 | published snapshot S326 | published snapshot SP25 | published snapshot SP26 | published snapshot WI25 | published snapshot WI26
https://catalog.ucsd.edu/courses/BIOM.html#biom200a,published snapshot FA24 | published snapshot FA25 | published snapshot FA26
https://catalog.ucsd.edu/courses/BIOM.html#biom200b,published snapshot FA24 | published snapshot FA25 | published snapshot FA26
https://catalog.ucsd.edu/courses/BIOM.html#biom201,published snapshot FA24 | published snapshot FA25 | published snapshot FA26
https://catalog.ucsd.edu/courses/BIOM.html#biom202,published snapshot FA24 | published snapshot FA25 | published snapshot FA26 | published snapshot SP25 | published snapshot SP26 | published snapshot WI25 | published snapshot WI26
https://catalog.ucsd.edu/courses/BIOM.html#biom218,published snapshot FA24 | published snapshot FA25 | published snapshot FA26 | published snapshot SP25 | published snapshot SP26 | published snapshot WI25 | published snapshot WI26
https://catalog.ucsd.edu/courses/BIOM.html#biom219,published snapshot FA24 | published snapshot FA25 | published snapshot SP25
https://catalog.ucsd.edu/courses/BIOM.html#biom222,published snapshot SP25
https://catalog.ucsd.edu/courses/BIOM.html#biom229,published snapshot SP25
https://catalog.ucsd.edu/courses/BIOM.html#biom231,published snapshot FA24 | published snapshot SP25 | published snapshot SP26
https://catalog.ucsd.edu/courses/BIOM.html#biom242,published snapshot FA24 | published snapshot FA25 | published snapshot FA26 | published snapshot SP25 | published snapshot SP26 | published snapshot WI25 | published snapshot WI26
https://catalog.ucsd.edu/courses/BIOM.html#biom246,published snapshot FA24 | published snapshot FA25 | published snapshot SP25 | published snapshot SP26 | published snapshot WI25 | published snapshot WI26
https://catalog.ucsd.edu/courses/BIOM.html#biom252,published snapshot SP25 | published snapshot SP26
https://catalog.ucsd.edu/courses/BIOM.html#biom253,published snapshot WI25 | published snapshot WI26
https://catalog.ucsd.edu/courses/BIOM.html#biom254,published snapshot SP26
https://catalog.ucsd.edu/courses/BIOM.html#biom255,published snapshot WI25 | published snapshot WI26
https://catalog.ucsd.edu/courses/BIOM.html#biom256,published snapshot WI25 | published snapshot WI26
https://catalog.ucsd.edu/courses/BIOM.html#biom262,published snapshot WI25 | published snapshot WI26
https://catalog.ucsd.edu/courses/BIOM.html#biom272,published snapshot SP25 | published snapshot SP26
https://catalog.ucsd.edu/courses/BIOM.html#biom274,published snapshot SP25 | published snapshot SP26
https://catalog.ucsd.edu/courses/BIOM.html#biom275,published snapshot WI25 | published snapshot WI26
https://catalog.ucsd.edu/courses/BIOM.html#biom285,published snapshot SP25 | published snapshot SP26
https://catalog.ucsd.edu/courses/BIOM.html#biom295,published snapshot FA24 | published snapshot FA25 | published snapshot SP25 | published snapshot SP26 | published snapshot WI25 | published snapshot WI26
https://catalog.ucsd.edu/courses/BIOM.html#biom296,published snapshot FA24 | published snapshot FA25 | published snapshot FA26
https://catalog.ucsd.edu/courses/BIOM.html#biom298,published snapshot FA24 | published snapshot FA25 | published snapshot FA26 | published snapshot SP25 | published snapshot SP26 | published snapshot WI25 | published snapshot WI26
https://catalog.ucsd.edu/courses/BIOM.html#biom299,published snapshot FA24 | published snapshot FA25 | published snapshot SP25 | published snapshot SP26 | published snapshot WI25 | published snapshot WI26
https://catalog.ucsd.edu/courses/CAT.html#cat1,05-pipeline-and-schema/tools/catalog-snapshot/tssPublishedSnapshotPipeline.test.ts | 05-pipeline-and-schema/tools/catalog-snapshot/tssSchedule.test.ts | published snapshot FA24 | published snapshot FA25 | published snapshot FA26 | published snapshot S225
https://catalog.ucsd.edu/courses/CAT.html#cat124,published snapshot FA24 | published snapshot FA25 | published snapshot FA26 | published snapshot S224 | published snapshot S225 | published snapshot S226 | published snapshot SP25 | published snapshot SP26 | published snapshot WI25 | published snapshot WI26
https://catalog.ucsd.edu/courses/CAT.html#cat124gs,published snapshot S326
https://catalog.ucsd.edu/courses/CAT.html#cat124rs,published snapshot S324 | published snapshot S325
https://catalog.ucsd.edu/courses/CAT.html#cat125,published snapshot FA24 | published snapshot FA25 | published snapshot FA26 | published snapshot S224 | published snapshot S226 | published snapshot SP25 | published snapshot SP26 | published snapshot WI25 | published snapshot WI26
https://catalog.ucsd.edu/courses/CAT.html#cat125gs,published snapshot S125 | published snapshot S126 | published snapshot S326
https://catalog.ucsd.edu/courses/CAT.html#cat125r,published snapshot FA24 | published snapshot FA25 | published snapshot FA26 | published snapshot S125 | published snapshot S126 | published snapshot S224 | published snapshot S225 | published snapshot S226 | published snapshot SP25 | published snapshot SP26 | published snapshot WI25 | published snapshot WI26
https://catalog.ucsd.edu/courses/CAT.html#cat125rs,published snapshot S324 | published snapshot S325
https://catalog.ucsd.edu/courses/CAT.html#cat2,05-pipeline-and-schema/tools/catalog-snapshot/tssPublishedSnapshotPipeline.test.ts | published snapshot WI25 | published snapshot WI26
https://catalog.ucsd.edu/courses/CAT.html#cat2ce,published snapshot WI25 | published snapshot WI26
https://catalog.ucsd.edu/courses/CAT.html#cat3,05-pipeline-and-schema/tools/catalog-snapshot/tssPublishedSnapshotPipeline.test.ts | published snapshot SP25 | published snapshot SP26
https://catalog.ucsd.edu/courses/CAT.html#cat3ce,published snapshot SP25 | published snapshot SP26
https://catalog.ucsd.edu/courses/CAT.html#cat87,published snapshot SP25 | published snapshot SP26 | published snapshot WI25 | published snapshot WI26
https://catalog.ucsd.edu/courses/CAT.html#cat90,published snapshot FA24 | published snapshot FA25 | published snapshot FA26
https://catalog.ucsd.edu/courses/CAT.html#cat98,published snapshot SP25
https://catalog.ucsd.edu/courses/CCE.html#cce1,published snapshot FA25 | published snapshot FA26 | published snapshot S126 | published snapshot S226 | published snapshot SP25 | published snapshot SP26 | published snapshot WI25 | published snapshot WI26
https://catalog.ucsd.edu/courses/CCE.html#cce2,published snapshot FA24 | published snapshot FA25 | published snapshot FA26 | published snapshot S226 | published snapshot SP26 | published snapshot WI25 | published snapshot WI26
https://catalog.ucsd.edu/courses/CCE.html#cce3,published snapshot FA25 | published snapshot FA26 | published snapshot S126 | published snapshot SP25 | published snapshot SP26 | published snapshot WI26
https://catalog.ucsd.edu/courses/CCS.html#ccs101,published snapshot FA24 | published snapshot FA25
https://catalog.ucsd.edu/courses/CCS.html#ccs102,published snapshot WI25 | published snapshot WI26
https://catalog.ucsd.edu/courses/CCS.html#ccs123,published snapshot WI25 | published snapshot WI26
https://catalog.ucsd.edu/courses/CCS.html#ccs197,published snapshot FA24 | published snapshot S324 | published snapshot S325 | published snapshot SP25 | published snapshot SP26 | published snapshot WI25
https://catalog.ucsd.edu/courses/CCS.html#ccs199,published snapshot S225 | published snapshot SP25 | published snapshot SP26 | published snapshot WI25
https://catalog.ucsd.edu/courses/CGS.html#cgs100a,published snapshot FA24 | published snapshot FA25 | published snapshot FA26
https://catalog.ucsd.edu/courses/CGS.html#cgs100b,published snapshot SP25 | published snapshot SP26
https://catalog.ucsd.edu/courses/CGS.html#cgs101,published snapshot FA26 | published snapshot S224 | published snapshot S225 | published snapshot WI25 | published snapshot WI26
https://catalog.ucsd.edu/courses/CGS.html#cgs105,published snapshot S224 | published snapshot S225 | published snapshot S226 | published snapshot SP25 | published snapshot SP26
https://catalog.ucsd.edu/courses/CGS.html#cgs106,published snapshot FA24 | published snapshot S125 | published snapshot S126 | published snapshot S224 | published snapshot SP25 | published snapshot SP26
https://catalog.ucsd.edu/courses/CGS.html#cgs108,published snapshot S125 | published snapshot WI25
https://catalog.ucsd.edu/courses/CGS.html#cgs109,published snapshot FA24 | published snapshot FA25
https://catalog.ucsd.edu/courses/CGS.html#cgs110,published snapshot FA24 | published snapshot FA25
https://catalog.ucsd.edu/courses/CGS.html#cgs111,published snapshot FA26 | published snapshot WI25 | published snapshot WI26
https://catalog.ucsd.edu/courses/CGS.html#cgs112,published snapshot FA26 | published snapshot S225 | published snapshot SP25
https://catalog.ucsd.edu/courses/CGS.html#cgs113,published snapshot FA24 | published snapshot FA25 | published snapshot FA26 | published snapshot S225
https://catalog.ucsd.edu/courses/CGS.html#cgs114,published snapshot S125 | published snapshot S126 | published snapshot S224 | published snapshot SP25 | published snapshot SP26
https://catalog.ucsd.edu/courses/CGS.html#cgs116,published snapshot WI25 | published snapshot WI26
https://catalog.ucsd.edu/courses/CGS.html#cgs117,published snapshot SP25
https://catalog.ucsd.edu/courses/CGS.html#cgs118,published snapshot SP26
https://catalog.ucsd.edu/courses/CGS.html#cgs119,published snapshot FA24 | published snapshot SP26
https://catalog.ucsd.edu/courses/CGS.html#cgs120,published snapshot S225 | published snapshot SP25
https://catalog.ucsd.edu/courses/CGS.html#cgs121,published snapshot SP25 | published snapshot SP26
https://catalog.ucsd.edu/courses/CGS.html#cgs122,published snapshot SP25 | published snapshot SP26
https://catalog.ucsd.edu/courses/CGS.html#cgs123,published snapshot FA24 | published snapshot SP26
https://catalog.ucsd.edu/courses/CGS.html#cgs124,published snapshot WI25 | published snapshot WI26
https://catalog.ucsd.edu/courses/CGS.html#cgs125,published snapshot WI25 | published snapshot WI26
https://catalog.ucsd.edu/courses/CGS.html#cgs127,published snapshot SP26
https://catalog.ucsd.edu/courses/CGS.html#cgs128,published snapshot SP26
https://catalog.ucsd.edu/courses/CGS.html#cgs130,published snapshot FA24
https://catalog.ucsd.edu/courses/CGS.html#cgs134,published snapshot FA24 | published snapshot FA25 | published snapshot FA26
https://catalog.ucsd.edu/courses/CGS.html#cgs135,published snapshot SP26 | published snapshot WI25
https://catalog.ucsd.edu/courses/CGS.html#cgs136,published snapshot WI25
https://catalog.ucsd.edu/courses/CGS.html#cgs137,published snapshot S125 | published snapshot S126 | published snapshot WI25 | published snapshot WI26
https://catalog.ucsd.edu/courses/CGS.html#cgs147,published snapshot SP25
https://catalog.ucsd.edu/courses/CGS.html#cgs150,published snapshot FA24 | published snapshot FA25 | published snapshot FA26
https://catalog.ucsd.edu/courses/CGS.html#cgs165,published snapshot WI25
https://catalog.ucsd.edu/courses/CGS.html#cgs167a,published snapshot WI25
https://catalog.ucsd.edu/courses/CGS.html#cgs187,published snapshot FA25 | published snapshot S226 | published snapshot WI25
https://catalog.ucsd.edu/courses/CGS.html#cgs190,published snapshot FA24 | published snapshot FA25 | published snapshot FA26
https://catalog.ucsd.edu/courses/CGS.html#cgs196a,published snapshot WI25 | published snapshot WI26
https://catalog.ucsd.edu/courses/CGS.html#cgs196b,published snapshot SP25 | published snapshot SP26
https://catalog.ucsd.edu/courses/CGS.html#cgs198,published snapshot FA25 | published snapshot FA26 | published snapshot SP25 | published snapshot SP26
https://catalog.ucsd.edu/courses/CGS.html#cgs199,published snapshot S326
https://catalog.ucsd.edu/courses/CGS.html#cgs200,published snapshot SP25 | published snapshot SP26
https://catalog.ucsd.edu/courses/CGS.html#cgs208,published snapshot FA25
https://catalog.ucsd.edu/courses/CGS.html#cgs299,published snapshot WI25 | published snapshot WI26
https://catalog.ucsd.edu/courses/CGS.html#cgs2a,published snapshot FA24 | published snapshot FA25 | published snapshot FA26 | published snapshot S125 | published snapshot S126
https://catalog.ucsd.edu/courses/CGS.html#cgs2b,published snapshot SP25 | published snapshot WI26
https://catalog.ucsd.edu/courses/CGS.html#cgs500,published snapshot FA24 | published snapshot FA25 | published snapshot FA26 | published snapshot SP25 | published snapshot SP26 | published snapshot WI26
https://catalog.ucsd.edu/courses/CGS.html#cgs87,published snapshot FA24 | published snapshot FA26 | published snapshot SP25 | published snapshot SP26
https://catalog.ucsd.edu/courses/CHEM.html,published snapshot FA24 | published snapshot FA25 | published snapshot FA26 | published snapshot S125 | published snapshot S126 | published snapshot S224 | published snapshot S225 | published snapshot S226 | published snapshot SP25 | published snapshot SP26 | published snapshot WI25 | published snapshot WI26
https://catalog.ucsd.edu/courses/CHEM.html#chem1,published snapshot WI25
https://catalog.ucsd.edu/courses/CHEM.html#chem100a,published snapshot FA24 | published snapshot FA25 | published snapshot FA26 | published snapshot S126 | published snapshot SP25 | published snapshot SP26 | published snapshot WI25 | published snapshot WI26
https://catalog.ucsd.edu/courses/CHEM.html#chem100b,published snapshot SP25 | published snapshot SP26 | published snapshot WI25 | published snapshot WI26
https://catalog.ucsd.edu/courses/CHEM.html#chem105a,published snapshot FA24 | published snapshot SP25 | published snapshot SP26 | published snapshot WI25 | published snapshot WI26
https://catalog.ucsd.edu/courses/CHEM.html#chem108,published snapshot FA24 | published snapshot FA25 | published snapshot FA26 | published snapshot S125 | published snapshot S126 | published snapshot SP25 | published snapshot SP26 | published snapshot WI25 | published snapshot WI26
https://catalog.ucsd.edu/courses/CHEM.html#chem109,published snapshot FA24 | published snapshot FA25 | published snapshot FA26 | published snapshot SP25 | published snapshot SP26 | published snapshot WI25 | published snapshot WI26
https://catalog.ucsd.edu/courses/CHEM.html#chem11,published snapshot S125 | published snapshot S126 | published snapshot SP25 | published snapshot WI25 | published snapshot WI26
https://catalog.ucsd.edu/courses/CHEM.html#chem111,published snapshot SP26
https://catalog.ucsd.edu/courses/CHEM.html#chem113,published snapshot WI26
https://catalog.ucsd.edu/courses/CHEM.html#chem114a,published snapshot FA24 | published snapshot FA25 | published snapshot FA26 | published snapshot S125 | published snapshot WI25 | published snapshot WI26
https://catalog.ucsd.edu/courses/CHEM.html#chem114ar,published snapshot S126
https://catalog.ucsd.edu/courses/CHEM.html#chem114b,published snapshot SP25 | published snapshot WI25 | published snapshot WI26
https://catalog.ucsd.edu/courses/CHEM.html#chem114c,published snapshot SP25 | published snapshot SP26 | published snapshot WI26
https://catalog.ucsd.edu/courses/CHEM.html#chem114d,published snapshot FA25 | published snapshot SP25
https://catalog.ucsd.edu/courses/CHEM.html#chem115,published snapshot WI25
https://catalog.ucsd.edu/courses/CHEM.html#chem116,published snapshot FA24 | published snapshot FA25 | published snapshot FA26
https://catalog.ucsd.edu/courses/CHEM.html#chem117,published snapshot FA24 | published snapshot FA25 | published snapshot FA26
https://catalog.ucsd.edu/courses/CHEM.html#chem118,published snapshot SP25 | published snapshot SP26
https://catalog.ucsd.edu/courses/CHEM.html#chem120a,published snapshot WI25 | published snapshot WI26
https://catalog.ucsd.edu/courses/CHEM.html#chem120b,published snapshot SP25 | published snapshot SP26
https://catalog.ucsd.edu/courses/CHEM.html#chem123,published snapshot SP25 | published snapshot SP26
https://catalog.ucsd.edu/courses/CHEM.html#chem125,published snapshot SP25 | published snapshot SP26
https://catalog.ucsd.edu/courses/CHEM.html#chem126a,published snapshot FA24 | published snapshot FA25 | published snapshot FA26 | published snapshot WI25 | published snapshot WI26
https://catalog.ucsd.edu/courses/CHEM.html#chem126b,published snapshot SP25 | published snapshot SP26 | published snapshot WI25 | published snapshot WI26
https://catalog.ucsd.edu/courses/CHEM.html#chem130,published snapshot FA24 | published snapshot FA25 | published snapshot FA26
https://catalog.ucsd.edu/courses/CHEM.html#chem131,published snapshot WI25 | published snapshot WI26
https://catalog.ucsd.edu/courses/CHEM.html#chem132,published snapshot SP25 | published snapshot SP26
https://catalog.ucsd.edu/courses/CHEM.html#chem134,published snapshot WI25 | published snapshot WI26
https://catalog.ucsd.edu/courses/CHEM.html#chem135,published snapshot SP25
https://catalog.ucsd.edu/courses/CHEM.html#chem142,published snapshot FA24 | published snapshot FA25
https://catalog.ucsd.edu/courses/CHEM.html#chem143b,published snapshot FA26 | published snapshot SP25 | published snapshot SP26 | published snapshot WI25 | published snapshot WI26
https://catalog.ucsd.edu/courses/CHEM.html#chem143c,published snapshot FA24 | published snapshot FA25
https://catalog.ucsd.edu/courses/CHEM.html#chem151,published snapshot WI25 | published snapshot WI26
https://catalog.ucsd.edu/courses/CHEM.html#chem152,published snapshot FA24 | published snapshot FA25 | published snapshot FA26
https://catalog.ucsd.edu/courses/CHEM.html#chem154,published snapshot WI25 | published snapshot WI26
https://catalog.ucsd.edu/courses/CHEM.html#chem155,published snapshot WI25
https://catalog.ucsd.edu/courses/CHEM.html#chem156,published snapshot SP25 | published snapshot SP26
https://catalog.ucsd.edu/courses/CHEM.html#chem157,published snapshot SP25 | published snapshot SP26
https://catalog.ucsd.edu/courses/CHEM.html#chem158,published snapshot SP25 | published snapshot SP26
https://catalog.ucsd.edu/courses/CHEM.html#chem163,published snapshot FA24 | published snapshot FA25 | published snapshot FA26
https://catalog.ucsd.edu/courses/CHEM.html#chem165,published snapshot SP26
https://catalog.ucsd.edu/courses/CHEM.html#chem166,published snapshot SP25 | published snapshot SP26
https://catalog.ucsd.edu/courses/CHEM.html#chem168,published snapshot WI25 | published snapshot WI26
https://catalog.ucsd.edu/courses/CHEM.html#chem169,published snapshot WI25 | published snapshot WI26
https://catalog.ucsd.edu/courses/CHEM.html#chem171,published snapshot FA24 | published snapshot FA25 | published snapshot FA26
https://catalog.ucsd.edu/courses/CHEM.html#chem172,published snapshot WI25 | published snapshot WI26
https://catalog.ucsd.edu/courses/CHEM.html#chem173,published snapshot SP25 | published snapshot SP26
https://catalog.ucsd.edu/courses/CHEM.html#chem174,published snapshot SP25 | published snapshot SP26
https://catalog.ucsd.edu/courses/CHEM.html#chem185,published snapshot SP25 | published snapshot WI26
https://catalog.ucsd.edu/courses/CHEM.html#chem187,published snapshot WI25 | published snapshot WI26
https://catalog.ucsd.edu/courses/CHEM.html#chem188,published snapshot SP25 | published snapshot SP26
https://catalog.ucsd.edu/courses/CHEM.html#chem194,published snapshot WI25 | published snapshot WI26
https://catalog.ucsd.edu/courses/CHEM.html#chem195,published snapshot FA24 | published snapshot FA25 | published snapshot SP25 | published snapshot WI25
https://catalog.ucsd.edu/courses/CHEM.html#chem195p,published snapshot FA25 | published snapshot SP26 | published snapshot WI26
https://catalog.ucsd.edu/courses/CHEM.html#chem197,published snapshot FA24 | published snapshot FA25 | published snapshot S324 | published snapshot S325 | published snapshot S326 | published snapshot SP25 | published snapshot SP26 | published snapshot WI25 | published snapshot WI26
https://catalog.ucsd.edu/courses/CHEM.html#chem199,published snapshot FA24 | published snapshot FA25 | published snapshot S125 | published snapshot S126 | published snapshot S224 | published snapshot S225 | published snapshot S226 | published snapshot S324 | published snapshot S325 | published snapshot S326 | published snapshot SP25 | published snapshot SP26 | published snapshot WI25 | published snapshot WI26
https://catalog.ucsd.edu/courses/CHEM.html#chem209,published snapshot FA24 | published snapshot FA25 | published snapshot FA26
https://catalog.ucsd.edu/courses/CHEM.html#chem212,published snapshot WI25
https://catalog.ucsd.edu/courses/CHEM.html#chem213a,published snapshot FA24 | published snapshot FA25 | published snapshot FA26
https://catalog.ucsd.edu/courses/CHEM.html#chem213b,published snapshot WI25 | published snapshot WI26
https://catalog.ucsd.edu/courses/CHEM.html#chem214,published snapshot FA25 | published snapshot SP25
https://catalog.ucsd.edu/courses/CHEM.html#chem215,published snapshot WI25 | published snapshot WI26
https://catalog.ucsd.edu/courses/CHEM.html#chem216,published snapshot FA24 | published snapshot FA25 | published snapshot FA26
https://catalog.ucsd.edu/courses/CHEM.html#chem217,published snapshot SP25
https://catalog.ucsd.edu/courses/CHEM.html#chem219a,published snapshot FA24 | published snapshot FA25 | published snapshot FA26
https://catalog.ucsd.edu/courses/CHEM.html#chem219c,published snapshot WI25 | published snapshot WI26
https://catalog.ucsd.edu/courses/CHEM.html#chem221,published snapshot SP26
https://catalog.ucsd.edu/courses/CHEM.html#chem222,published snapshot FA24 | published snapshot FA25 | published snapshot FA26
https://catalog.ucsd.edu/courses/CHEM.html#chem223,published snapshot FA26 | published snapshot WI25
https://catalog.ucsd.edu/courses/CHEM.html#chem224,published snapshot FA25 | published snapshot FA26
https://catalog.ucsd.edu/courses/CHEM.html#chem225,published snapshot SP25 | published snapshot SP26
https://catalog.ucsd.edu/courses/CHEM.html#chem227,published snapshot FA24 | published snapshot FA25 | published snapshot FA26 | published snapshot SP25 | published snapshot SP26 | published snapshot WI25 | published snapshot WI26
https://catalog.ucsd.edu/courses/CHEM.html#chem228,published snapshot FA24 | published snapshot SP26
https://catalog.ucsd.edu/courses/CHEM.html#chem229,published snapshot SP25 | published snapshot SP26 | published snapshot WI25
https://catalog.ucsd.edu/courses/CHEM.html#chem230a,published snapshot FA24 | published snapshot FA25
https://catalog.ucsd.edu/courses/CHEM.html#chem231,published snapshot FA24 | published snapshot FA25 | published snapshot FA26
https://catalog.ucsd.edu/courses/CHEM.html#chem232a,published snapshot FA25 | published snapshot FA26 | published snapshot WI25
https://catalog.ucsd.edu/courses/CHEM.html#chem234,published snapshot FA24 | published snapshot FA25 | published snapshot FA26
https://catalog.ucsd.edu/courses/CHEM.html#chem235,published snapshot SP25
https://catalog.ucsd.edu/courses/CHEM.html#chem236,published snapshot SP25 | published snapshot SP26
https://catalog.ucsd.edu/courses/CHEM.html#chem237,published snapshot SP25
https://catalog.ucsd.edu/courses/CHEM.html#chem242,published snapshot FA24 | published snapshot FA25 | published snapshot FA26
https://catalog.ucsd.edu/courses/CHEM.html#chem250,published snapshot SP25 | published snapshot SP26 | published snapshot WI26
https://catalog.ucsd.edu/courses/CHEM.html#chem251,published snapshot FA24
https://catalog.ucsd.edu/courses/CHEM.html#chem252,published snapshot FA24 | published snapshot FA25 | published snapshot FA26
https://catalog.ucsd.edu/courses/CHEM.html#chem253,published snapshot WI26
https://catalog.ucsd.edu/courses/CHEM.html#chem254,published snapshot WI25 | published snapshot WI26
https://catalog.ucsd.edu/courses/CHEM.html#chem255,published snapshot WI25
https://catalog.ucsd.edu/courses/CHEM.html#chem256,published snapshot SP25 | published snapshot SP26
https://catalog.ucsd.edu/courses/CHEM.html#chem257,published snapshot SP25 | published snapshot SP26
https://catalog.ucsd.edu/courses/CHEM.html#chem258,published snapshot SP25 | published snapshot SP26
https://catalog.ucsd.edu/courses/CHEM.html#chem261,published snapshot SP26
https://catalog.ucsd.edu/courses/CHEM.html#chem262,published snapshot SP25 | published snapshot SP26
https://catalog.ucsd.edu/courses/CHEM.html#chem263,published snapshot FA24 | published snapshot FA25 | published snapshot FA26
https://catalog.ucsd.edu/courses/CHEM.html#chem264,published snapshot WI26
https://catalog.ucsd.edu/courses/CHEM.html#chem265,published snapshot SP26
https://catalog.ucsd.edu/courses/CHEM.html#chem269,published snapshot WI25 | published snapshot WI26
https://catalog.ucsd.edu/courses/CHEM.html#chem273,published snapshot SP25 | published snapshot SP26
https://catalog.ucsd.edu/courses/CHEM.html#chem276,published snapshot SP25 | published snapshot SP26
https://catalog.ucsd.edu/courses/CHEM.html#chem280,published snapshot FA26 | published snapshot WI26
https://catalog.ucsd.edu/courses/CHEM.html#chem283,published snapshot SP25 | published snapshot SP26
https://catalog.ucsd.edu/courses/CHEM.html#chem285,published snapshot SP25 | published snapshot WI26
https://catalog.ucsd.edu/courses/CHEM.html#chem291,published snapshot FA24 | published snapshot FA25 | published snapshot FA26 | published snapshot SP25 | published snapshot SP26 | published snapshot WI25 | published snapshot WI26
https://catalog.ucsd.edu/courses/CHEM.html#chem292,published snapshot FA26 | published snapshot SP26 | published snapshot WI26
https://catalog.ucsd.edu/courses/CHEM.html#chem294,published snapshot FA24 | published snapshot FA25 | published snapshot FA26 | published snapshot SP25 | published snapshot SP26 | published snapshot WI25 | published snapshot WI26
https://catalog.ucsd.edu/courses/CHEM.html#chem297,published snapshot FA24 | published snapshot FA25 | published snapshot SP25 | published snapshot SP26 | published snapshot WI25 | published snapshot WI26
https://catalog.ucsd.edu/courses/CHEM.html#chem298,published snapshot FA24 | published snapshot FA25 | published snapshot FA26 | published snapshot SP25 | published snapshot SP26 | published snapshot WI25 | published snapshot WI26
https://catalog.ucsd.edu/courses/CHEM.html#chem299,published snapshot FA24 | published snapshot FA25 | published snapshot FA26 | published snapshot SP25 | published snapshot SP26 | published snapshot WI25 | published snapshot WI26
https://catalog.ucsd.edu/courses/CHEM.html#chem4,published snapshot FA24 | published snapshot FA25 | published snapshot FA26 | published snapshot S224
https://catalog.ucsd.edu/courses/CHEM.html#chem40a,published snapshot FA24 | published snapshot FA25 | published snapshot FA26 | published snapshot S125 | published snapshot S126 | published snapshot S224 | published snapshot S225 | published snapshot S226 | published snapshot SP25 | published snapshot WI25 | published snapshot WI26
https://catalog.ucsd.edu/courses/CHEM.html#chem40b,published snapshot FA24 | published snapshot FA25 | published snapshot FA26 | published snapshot S125 | published snapshot S126 | published snapshot S224 | published snapshot S225 | published snapshot S226 | published snapshot SP25 | published snapshot SP26 | published snapshot WI25 | published snapshot WI26
https://catalog.ucsd.edu/courses/CHEM.html#chem41a,published snapshot FA24 | published snapshot FA25 | published snapshot FA26 | published snapshot S125 | published snapshot S126 | published snapshot WI25 | published snapshot WI26
https://catalog.ucsd.edu/courses/CHEM.html#chem43a,published snapshot FA24 | published snapshot FA25 | published snapshot FA26 | published snapshot S125 | published snapshot S126 | published snapshot SP25 | published snapshot SP26 | published snapshot WI25 | published snapshot WI26
https://catalog.ucsd.edu/courses/CHEM.html#chem509,published snapshot FA24 | published snapshot FA25 | published snapshot FA26
https://catalog.ucsd.edu/courses/CHEM.html#chem6a,published snapshot FA24 | published snapshot FA25 | published snapshot FA26 | published snapshot S125 | published snapshot S126 | published snapshot S224 | published snapshot S225 | published snapshot S226 | published snapshot SP25 | published snapshot SP26 | published snapshot WI25 | published snapshot WI26
https://catalog.ucsd.edu/courses/CHEM.html#chem6ah,published snapshot FA24
https://catalog.ucsd.edu/courses/CHEM.html#chem6b,published snapshot FA24 | published snapshot FA25 | published snapshot FA26 | published snapshot S125 | published snapshot S126 | published snapshot S224 | published snapshot S225 | published snapshot S226 | published snapshot SP25 | published snapshot SP26 | published snapshot WI25 | published snapshot WI26
https://catalog.ucsd.edu/courses/CHEM.html#chem6bh,published snapshot WI25
https://catalog.ucsd.edu/courses/CHEM.html#chem6c,published snapshot FA24 | published snapshot FA25 | published snapshot FA26 | published snapshot S125 | published snapshot S126 | published snapshot S224 | published snapshot S225 | published snapshot S226 | published snapshot SP25 | published snapshot SP26 | published snapshot WI25 | published snapshot WI26
https://catalog.ucsd.edu/courses/CHEM.html#chem6ch,published snapshot SP25
https://catalog.ucsd.edu/courses/CHEM.html#chem7lm,published snapshot SP25 | published snapshot SP26
https://catalog.ucsd.edu/courses/CHEM.html#chem87,published snapshot FA26 | published snapshot SP26 | published snapshot WI26
https://catalog.ucsd.edu/courses/CHEM.html#chem96,published snapshot FA24 | published snapshot FA25 | published snapshot FA26 | published snapshot SP25 | published snapshot SP26
https://catalog.ucsd.edu/courses/CHEM.html#chem99,published snapshot FA24 | published snapshot FA25 | published snapshot SP25 | published snapshot SP26 | published snapshot WI25 | published snapshot WI26
https://catalog.ucsd.edu/courses/CHEM.html#chem99h,published snapshot FA25 | published snapshot SP26 | published snapshot WI26
https://catalog.ucsd.edu/courses/CHIN.html,published snapshot FA24 | published snapshot FA25 | published snapshot FA26 | published snapshot S125 | published snapshot S225 | published snapshot SP25 | published snapshot SP26 | published snapshot WI25 | published snapshot WI26
https://catalog.ucsd.edu/courses/CIN.html#film179,published snapshot FA25 | published snapshot FA26 | published snapshot SP26 | published snapshot WI26
https://catalog.ucsd.edu/courses/CIN.html#film182,published snapshot WI26
https://catalog.ucsd.edu/courses/CIN.html#film197,published snapshot SP26
https://catalog.ucsd.edu/courses/CIN.html#film198,published snapshot SP26
https://catalog.ucsd.edu/courses/CIN.html#film71,published snapshot FA25 | published snapshot FA26 | published snapshot SP25 | published snapshot SP26
https://catalog.ucsd.edu/courses/CIN.html#film72,published snapshot FA25 | published snapshot FA26 | published snapshot SP25 | published snapshot SP26 | published snapshot WI26
https://catalog.ucsd.edu/courses/CIN.html#film73,published snapshot FA25 | published snapshot FA26 | published snapshot SP25 | published snapshot SP26 | published snapshot WI26
https://catalog.ucsd.edu/courses/CIN.html#film87,published snapshot FA24 | published snapshot FA25 | published snapshot FA26 | published snapshot SP25 | published snapshot SP26 | published snapshot WI25 | published snapshot WI26
https://catalog.ucsd.edu/courses/CLAS.html#clas-120,published snapshot S225 | published snapshot SP26
https://catalog.ucsd.edu/courses/CLAS.html#clas-125,published snapshot S226
https://catalog.ucsd.edu/courses/CLAS.html#clas-196a-b,published snapshot FA24 | published snapshot SP25 | published snapshot SP26 | published snapshot WI25 | published snapshot WI26
https://catalog.ucsd.edu/courses/CLAS.html#clas-198,published snapshot SP25
https://catalog.ucsd.edu/courses/CLAS.html#clas-199,published snapshot SP25
https://catalog.ucsd.edu/courses/CLAS.html#clas-87,published snapshot FA25 | published snapshot WI25 | published snapshot WI26
https://catalog.ucsd.edu/courses/CLIN.html#clin227a,published snapshot WI25 | published snapshot WI26
https://catalog.ucsd.edu/courses/CLIN.html#clin227b,published snapshot WI25 | published snapshot WI26
https://catalog.ucsd.edu/courses/CLIN.html#clin228,published snapshot WI25 | published snapshot WI26
https://catalog.ucsd.edu/courses/CLIN.html#clin296,published snapshot FA24 | published snapshot FA25 | published snapshot FA26 | published snapshot SP25 | published snapshot SP26 | published snapshot WI25 | published snapshot WI26
https://catalog.ucsd.edu/courses/CLRE.html#clre236r,published snapshot WI25 | published snapshot WI26
https://catalog.ucsd.edu/courses/CLRE.html#clre237,published snapshot WI25 | published snapshot WI26
https://catalog.ucsd.edu/courses/CLRE.html#clre238r,published snapshot SP25 | published snapshot SP26
https://catalog.ucsd.edu/courses/CLRE.html#clre240,published snapshot FA24
https://catalog.ucsd.edu/courses/CLRE.html#clre242,published snapshot WI26
https://catalog.ucsd.edu/courses/CLRE.html#clre243,published snapshot WI26
https://catalog.ucsd.edu/courses/CLRE.html#clre250,published snapshot S324 | published snapshot S325 | published snapshot S326
https://catalog.ucsd.edu/courses/CLRE.html#clre250r,published snapshot WI25
https://catalog.ucsd.edu/courses/CLRE.html#clre251,published snapshot S324 | published snapshot S325
https://catalog.ucsd.edu/courses/CLRE.html#clre252,published snapshot S324 | published snapshot S325 | published snapshot S326
https://catalog.ucsd.edu/courses/CLRE.html#clre253,published snapshot S324 | published snapshot S325 | published snapshot S326 | published snapshot WI25
https://catalog.ucsd.edu/courses/CLRE.html#clre254,published snapshot FA24 | published snapshot FA25 | published snapshot FA26 | published snapshot SP25
https://catalog.ucsd.edu/courses/CLRE.html#clre255,published snapshot FA24 | published snapshot FA25 | published snapshot FA26 | published snapshot SP25
https://catalog.ucsd.edu/courses/CLRE.html#clre256,published snapshot FA24 | published snapshot FA25 | published snapshot FA26 | published snapshot SP25
https://catalog.ucsd.edu/courses/CLRE.html#clre257,published snapshot FA24 | published snapshot FA25 | published snapshot FA26 | published snapshot SP25
https://catalog.ucsd.edu/courses/CLRE.html#clre258,published snapshot FA24 | published snapshot FA25 | published snapshot FA26 | published snapshot SP25 | published snapshot SP26
https://catalog.ucsd.edu/courses/CLRE.html#clre259,published snapshot S324 | published snapshot S325 | published snapshot WI25 | published snapshot WI26
https://catalog.ucsd.edu/courses/CLRE.html#clre260,published snapshot FA24 | published snapshot FA25 | published snapshot FA26 | published snapshot S324 | published snapshot S325 | published snapshot S326 | published snapshot SP25 | published snapshot SP26 | published snapshot WI25 | published snapshot WI26
https://catalog.ucsd.edu/courses/CLRE.html#clre264,published snapshot FA24
https://catalog.ucsd.edu/courses/CLRE.html#clre265,published snapshot FA24 | published snapshot SP25 | published snapshot SP26
https://catalog.ucsd.edu/courses/CLRE.html#clre267,published snapshot WI25 | published snapshot WI26
https://catalog.ucsd.edu/courses/CLRE.html#clre297,published snapshot FA24 | published snapshot FA25 | published snapshot FA26 | published snapshot S324 | published snapshot S325 | published snapshot S326 | published snapshot SP25 | published snapshot SP26 | published snapshot WI25 | published snapshot WI26
https://catalog.ucsd.edu/courses/CLS.html#clx87,published snapshot FA24 | published snapshot FA25 | published snapshot SP25
https://catalog.ucsd.edu/courses/COGS.html,published snapshot FA24 | published snapshot FA26 | published snapshot S126 | published snapshot S224 | published snapshot S225 | published snapshot S226 | published snapshot SP25 | published snapshot SP26 | published snapshot WI25 | published snapshot WI26
https://catalog.ucsd.edu/courses/COGS.html#cogs1,published snapshot FA24 | published snapshot FA25 | published snapshot FA26 | published snapshot SP25 | published snapshot SP26 | published snapshot WI25 | published snapshot WI26
https://catalog.ucsd.edu/courses/COGS.html#cogs10,published snapshot FA24 | published snapshot FA25 | published snapshot FA26 | published snapshot S226 | published snapshot SP26 | published snapshot WI25 | published snapshot WI26
https://catalog.ucsd.edu/courses/COGS.html#cogs100,published snapshot FA24 | published snapshot FA25 | published snapshot S125 | published snapshot S126 | published snapshot S224 | published snapshot S225 | published snapshot SP25 | published snapshot SP26 | published snapshot WI25 | published snapshot WI26
https://catalog.ucsd.edu/courses/COGS.html#cogs101a,published snapshot FA24 | published snapshot FA25 | published snapshot FA26 | published snapshot SP25 | published snapshot SP26 | published snapshot WI25
https://catalog.ucsd.edu/courses/COGS.html#cogs101b,published snapshot FA24 | published snapshot FA25 | published snapshot S125 | published snapshot S224 | published snapshot S225 | published snapshot S226 | published snapshot SP25 | published snapshot SP26 | published snapshot WI25 | published snapshot WI26
https://catalog.ucsd.edu/courses/COGS.html#cogs101c,published snapshot S126 | published snapshot S224 | published snapshot S225 | published snapshot SP25 | published snapshot SP26
https://catalog.ucsd.edu/courses/COGS.html#cogs102a,published snapshot FA25 | published snapshot S224 | published snapshot S225 | published snapshot S226 | published snapshot SP25
https://catalog.ucsd.edu/courses/COGS.html#cogs102b,published snapshot WI26
https://catalog.ucsd.edu/courses/COGS.html#cogs102c,published snapshot SP26
https://catalog.ucsd.edu/courses/COGS.html#cogs107a,published snapshot FA25 | published snapshot FA26 | published snapshot S125 | published snapshot S126 | published snapshot SP25 | published snapshot SP26 | published snapshot WI25 | published snapshot WI26
https://catalog.ucsd.edu/courses/COGS.html#cogs107b,published snapshot FA24 | published snapshot FA25 | published snapshot S125 | published snapshot S126 | published snapshot S224 | published snapshot S226 | published snapshot SP25 | published snapshot SP26 | published snapshot WI25 | published snapshot WI26
https://catalog.ucsd.edu/courses/COGS.html#cogs107c,published snapshot SP25 | published snapshot SP26
https://catalog.ucsd.edu/courses/COGS.html#cogs108,published snapshot FA24 | published snapshot FA25 | published snapshot FA26 | published snapshot SP25 | published snapshot SP26 | published snapshot WI25 | published snapshot WI26
https://catalog.ucsd.edu/courses/COGS.html#cogs109,published snapshot FA24 | published snapshot FA25 | published snapshot FA26 | published snapshot SP25 | published snapshot SP26 | published snapshot WI25
https://catalog.ucsd.edu/courses/COGS.html#cogs11,published snapshot FA24 | published snapshot FA25 | published snapshot FA26 | published snapshot S125 | published snapshot S126 | published snapshot S225 | published snapshot SP25 | published snapshot SP26 | published snapshot WI25 | published snapshot WI26
https://catalog.ucsd.edu/courses/COGS.html#cogs110,published snapshot FA24
https://catalog.ucsd.edu/courses/COGS.html#cogs111,published snapshot FA24 | published snapshot FA25 | published snapshot FA26 | published snapshot WI25 | published snapshot WI26
https://catalog.ucsd.edu/courses/COGS.html#cogs112,published snapshot FA24 | published snapshot SP25 | published snapshot SP26
https://catalog.ucsd.edu/courses/COGS.html#cogs115,published snapshot FA25 | published snapshot FA26 | published snapshot WI25 | published snapshot WI26
https://catalog.ucsd.edu/courses/COGS.html#cogs116,published snapshot FA25 | published snapshot FA26 | published snapshot WI25
https://catalog.ucsd.edu/courses/COGS.html#cogs117,published snapshot SP26
https://catalog.ucsd.edu/courses/COGS.html#cogs118a,published snapshot FA24 | published snapshot FA25 | published snapshot FA26 | published snapshot S125
https://catalog.ucsd.edu/courses/COGS.html#cogs118b,published snapshot FA24 | published snapshot FA25 | published snapshot S126 | published snapshot S224 | published snapshot S225
https://catalog.ucsd.edu/courses/COGS.html#cogs118c,published snapshot WI25 | published snapshot WI26
https://catalog.ucsd.edu/courses/COGS.html#cogs118d,published snapshot SP26
https://catalog.ucsd.edu/courses/COGS.html#cogs119,published snapshot FA24 | published snapshot WI26
https://catalog.ucsd.edu/courses/COGS.html#cogs120,published snapshot WI25 | published snapshot WI26
https://catalog.ucsd.edu/courses/COGS.html#cogs122,published snapshot WI25
https://catalog.ucsd.edu/courses/COGS.html#cogs123,published snapshot FA24 | published snapshot FA26
https://catalog.ucsd.edu/courses/COGS.html#cogs124,published snapshot FA26 | published snapshot SP25
https://catalog.ucsd.edu/courses/COGS.html#cogs125,published snapshot FA24 | published snapshot FA25 | published snapshot SP25 | published snapshot SP26
https://catalog.ucsd.edu/courses/COGS.html#cogs126,published snapshot SP26 | published snapshot WI25
https://catalog.ucsd.edu/courses/COGS.html#cogs127,published snapshot SP26 | published snapshot WI25
https://catalog.ucsd.edu/courses/COGS.html#cogs128,published snapshot FA25 | published snapshot FA26
https://catalog.ucsd.edu/courses/COGS.html#cogs13,published snapshot FA24 | published snapshot S125 | published snapshot S226 | published snapshot SP25 | published snapshot SP26 | published snapshot WI25 | published snapshot WI26
https://catalog.ucsd.edu/courses/COGS.html#cogs137,published snapshot FA24 | published snapshot FA26
https://catalog.ucsd.edu/courses/COGS.html#cogs138,published snapshot SP26
https://catalog.ucsd.edu/courses/COGS.html#cogs142,published snapshot SP25
https://catalog.ucsd.edu/courses/COGS.html#cogs143,published snapshot FA25 | published snapshot FA26 | published snapshot S126 | published snapshot SP25
https://catalog.ucsd.edu/courses/COGS.html#cogs144,published snapshot WI25
https://catalog.ucsd.edu/courses/COGS.html#cogs14a,published snapshot FA24 | published snapshot FA25 | published snapshot FA26 | published snapshot S125 | published snapshot S126 | published snapshot S224 | published snapshot S225 | published snapshot S226 | published snapshot SP25 | published snapshot SP26 | published snapshot WI25 | published snapshot WI26
https://catalog.ucsd.edu/courses/COGS.html#cogs14b,published snapshot FA24 | published snapshot FA25 | published snapshot FA26 | published snapshot S125 | published snapshot S126 | published snapshot S225 | published snapshot S226 | published snapshot SP25 | published snapshot SP26 | published snapshot WI25 | published snapshot WI26
https://catalog.ucsd.edu/courses/COGS.html#cogs15,published snapshot FA24 | published snapshot FA25 | published snapshot FA26 | published snapshot S224
https://catalog.ucsd.edu/courses/COGS.html#cogs150,published snapshot FA25 | published snapshot S224 | published snapshot S225 | published snapshot S226 | published snapshot SP25
https://catalog.ucsd.edu/courses/COGS.html#cogs151,published snapshot FA25
https://catalog.ucsd.edu/courses/COGS.html#cogs154,published snapshot S126 | published snapshot S226
https://catalog.ucsd.edu/courses/COGS.html#cogs155,published snapshot FA26 | published snapshot WI25 | published snapshot WI26
https://catalog.ucsd.edu/courses/COGS.html#cogs158,published snapshot WI25 | published snapshot WI26
https://catalog.ucsd.edu/courses/COGS.html#cogs160,published snapshot FA24 | published snapshot FA25 | published snapshot FA26 | published snapshot SP25 | published snapshot SP26 | published snapshot WI25
https://catalog.ucsd.edu/courses/COGS.html#cogs165,published snapshot FA24 | published snapshot FA25 | published snapshot FA26
https://catalog.ucsd.edu/courses/COGS.html#cogs17,published snapshot FA24 | published snapshot FA25 | published snapshot FA26 | published snapshot S126 | published snapshot S226 | published snapshot SP25 | published snapshot SP26 | published snapshot WI25 | published snapshot WI26
https://catalog.ucsd.edu/courses/COGS.html#cogs172,published snapshot S125 | published snapshot S126 | published snapshot SP25 | published snapshot SP26
https://catalog.ucsd.edu/courses/COGS.html#cogs177,published snapshot FA25 | published snapshot S226 | published snapshot WI25 | published snapshot WI26
https://catalog.ucsd.edu/courses/COGS.html#cogs178,published snapshot SP25
https://catalog.ucsd.edu/courses/COGS.html#cogs179,published snapshot SP25
https://catalog.ucsd.edu/courses/COGS.html#cogs18,published snapshot FA24 | published snapshot FA25 | published snapshot FA26 | published snapshot S125 | published snapshot S126 | published snapshot S224 | published snapshot S225 | published snapshot S226 | published snapshot SP25 | published snapshot SP26 | published snapshot WI25 | published snapshot WI26
https://catalog.ucsd.edu/courses/COGS.html#cogs180,published snapshot WI26
https://catalog.ucsd.edu/courses/COGS.html#cogs181,published snapshot WI25 | published snapshot WI26
https://catalog.ucsd.edu/courses/COGS.html#cogs184,published snapshot SP25 | published snapshot SP26
https://catalog.ucsd.edu/courses/COGS.html#cogs185,published snapshot SP25 | published snapshot WI26
https://catalog.ucsd.edu/courses/COGS.html#cogs186,published snapshot S126 | published snapshot S225
https://catalog.ucsd.edu/courses/COGS.html#cogs187a,published snapshot FA24 | published snapshot FA25 | published snapshot FA26 | published snapshot S224 | published snapshot S225 | published snapshot S226 | published snapshot SP25 | published snapshot SP26
https://catalog.ucsd.edu/courses/COGS.html#cogs187b,published snapshot SP26 | published snapshot WI25
https://catalog.ucsd.edu/courses/COGS.html#cogs188,published snapshot FA26 | published snapshot WI25
https://catalog.ucsd.edu/courses/COGS.html#cogs189,published snapshot FA24 | published snapshot FA25 | published snapshot S125 | published snapshot S225 | published snapshot WI25 | published snapshot WI26
https://catalog.ucsd.edu/courses/COGS.html#cogs190a,published snapshot FA24 | published snapshot FA25 | published snapshot FA26
https://catalog.ucsd.edu/courses/COGS.html#cogs190b,published snapshot WI25 | published snapshot WI26
https://catalog.ucsd.edu/courses/COGS.html#cogs190c,published snapshot SP25 | published snapshot SP26
https://catalog.ucsd.edu/courses/COGS.html#cogs190d,published snapshot SP25 | published snapshot SP26
https://catalog.ucsd.edu/courses/COGS.html#cogs193,published snapshot WI25 | published snapshot WI26
https://catalog.ucsd.edu/courses/COGS.html#cogs195p,published snapshot FA25 | published snapshot SP26 | published snapshot WI26
https://catalog.ucsd.edu/courses/COGS.html#cogs197,published snapshot FA24 | published snapshot FA25 | published snapshot FA26 | published snapshot S125 | published snapshot S224 | published snapshot S225 | published snapshot S324 | published snapshot S325 | published snapshot S326 | published snapshot SP25 | published snapshot SP26 | published snapshot WI25 | published snapshot WI26
https://catalog.ucsd.edu/courses/COGS.html#cogs198,published snapshot FA24 | published snapshot S125 | published snapshot SP25 | published snapshot WI25 | published snapshot WI26
https://catalog.ucsd.edu/courses/COGS.html#cogs199,published snapshot FA24 | published snapshot FA25 | published snapshot S125 | published snapshot S126 | published snapshot S224 | published snapshot S225 | published snapshot S226 | published snapshot S324 | published snapshot S325 | published snapshot S326 | published snapshot SP25 | published snapshot SP26 | published snapshot WI25 | published snapshot WI26
https://catalog.ucsd.edu/courses/COGS.html#cogs2,published snapshot FA25 | published snapshot S126 | published snapshot SP25
https://catalog.ucsd.edu/courses/COGS.html#cogs20,published snapshot S125 | published snapshot S224 | published snapshot S225
https://catalog.ucsd.edu/courses/COGS.html#cogs201,published snapshot FA24 | published snapshot WI26
https://catalog.ucsd.edu/courses/COGS.html#cogs202,published snapshot SP25 | published snapshot SP26
https://catalog.ucsd.edu/courses/COGS.html#cogs203,published snapshot FA24 | published snapshot FA25
https://catalog.ucsd.edu/courses/COGS.html#cogs205,published snapshot SP25 | published snapshot SP26 | published snapshot WI25 | published snapshot WI26
https://catalog.ucsd.edu/courses/COGS.html#cogs209,published snapshot SP25 | published snapshot SP26
https://catalog.ucsd.edu/courses/COGS.html#cogs210a,published snapshot FA24 | published snapshot FA25 | published snapshot FA26
https://catalog.ucsd.edu/courses/COGS.html#cogs210b,published snapshot WI25 | published snapshot WI26
https://catalog.ucsd.edu/courses/COGS.html#cogs210c,published snapshot SP25 | published snapshot SP26
https://catalog.ucsd.edu/courses/COGS.html#cogs211a,published snapshot FA24 | published snapshot FA25 | published snapshot FA26
https://catalog.ucsd.edu/courses/COGS.html#cogs211b,published snapshot WI25 | published snapshot WI26
https://catalog.ucsd.edu/courses/COGS.html#cogs211c,published snapshot SP25 | published snapshot SP26
https://catalog.ucsd.edu/courses/COGS.html#cogs219,published snapshot WI25
https://catalog.ucsd.edu/courses/COGS.html#cogs223,published snapshot WI25
https://catalog.ucsd.edu/courses/COGS.html#cogs229,published snapshot FA25 | published snapshot FA26 | published snapshot SP25 | published snapshot SP26 | published snapshot WI25 | published snapshot WI26
https://catalog.ucsd.edu/courses/COGS.html#cogs230,published snapshot FA24 | published snapshot FA25 | published snapshot FA26
https://catalog.ucsd.edu/courses/COGS.html#cogs231,published snapshot SP25
https://catalog.ucsd.edu/courses/COGS.html#cogs234,published snapshot FA25
https://catalog.ucsd.edu/courses/COGS.html#cogs238,published snapshot SP25
https://catalog.ucsd.edu/courses/COGS.html#cogs260,published snapshot FA24 | published snapshot FA25 | published snapshot FA26 | published snapshot SP26 | published snapshot WI25 | published snapshot WI26
https://catalog.ucsd.edu/courses/COGS.html#cogs278,published snapshot SP26
https://catalog.ucsd.edu/courses/COGS.html#cogs290,published snapshot FA24 | published snapshot FA25 | published snapshot SP25 | published snapshot SP26 | published snapshot WI25 | published snapshot WI26
https://catalog.ucsd.edu/courses/COGS.html#cogs298,published snapshot FA25 | published snapshot FA26 | published snapshot S225 | published snapshot S324 | published snapshot S326 | published snapshot SP25 | published snapshot WI25 | published snapshot WI26
https://catalog.ucsd.edu/courses/COGS.html#cogs299,published snapshot FA26 | published snapshot SP25 | published snapshot WI25 | published snapshot WI26
https://catalog.ucsd.edu/courses/COGS.html#cogs3,published snapshot FA24 | published snapshot FA25 | published snapshot S125 | published snapshot S224 | published snapshot S226
https://catalog.ucsd.edu/courses/COGS.html#cogs500,published snapshot FA26 | published snapshot SP25 | published snapshot WI25 | published snapshot WI26
https://catalog.ucsd.edu/courses/COGS.html#cogs8,published snapshot FA24
https://catalog.ucsd.edu/courses/COGS.html#cogs87,published snapshot FA24 | published snapshot SP25 | published snapshot SP26 | published snapshot WI25 | published snapshot WI26
https://catalog.ucsd.edu/courses/COGS.html#cogs88,published snapshot FA26 | published snapshot SP26 | published snapshot WI26
https://catalog.ucsd.edu/courses/COGS.html#cogs9,published snapshot FA24 | published snapshot FA25 | published snapshot FA26 | published snapshot S125 | published snapshot S126 | published snapshot S225 | published snapshot S226 | published snapshot SP25 | published snapshot SP26 | published snapshot WI25 | published snapshot WI26
https://catalog.ucsd.edu/courses/COGS.html#cogs90,published snapshot SP26
https://catalog.ucsd.edu/courses/COGS.html#cogs99,published snapshot FA24 | published snapshot FA25 | published snapshot S325 | published snapshot SP25 | published snapshot SP26 | published snapshot WI25 | published snapshot WI26
https://catalog.ucsd.edu/courses/COMM.html,05-pipeline-and-schema/tools/catalog-snapshot/generalCatalog.test.ts | published snapshot FA24 | published snapshot SP25 | published snapshot WI25
https://catalog.ucsd.edu/courses/COMM.html#cogr200a,published snapshot FA24 | published snapshot FA25 | published snapshot FA26
https://catalog.ucsd.edu/courses/COMM.html#cogr200b,published snapshot WI25 | published snapshot WI26
https://catalog.ucsd.edu/courses/COMM.html#cogr200c,published snapshot FA25 | published snapshot FA26 | published snapshot WI25
https://catalog.ucsd.edu/courses/COMM.html#cogr201b,published snapshot FA24 | published snapshot FA26
https://catalog.ucsd.edu/courses/COMM.html#cogr201d,published snapshot SP25 | published snapshot SP26
https://catalog.ucsd.edu/courses/COMM.html#cogr201j,published snapshot WI25
https://catalog.ucsd.edu/courses/COMM.html#cogr201l,published snapshot FA24
https://catalog.ucsd.edu/courses/COMM.html#cogr225a,published snapshot FA24 | published snapshot FA25
https://catalog.ucsd.edu/courses/COMM.html#cogr225b,published snapshot SP25 | published snapshot SP26
https://catalog.ucsd.edu/courses/COMM.html#cogr225c,published snapshot FA24 | published snapshot FA25 | published snapshot FA26 | published snapshot SP25 | published snapshot SP26 | published snapshot WI25 | published snapshot WI26
https://catalog.ucsd.edu/courses/COMM.html#cogr225d,published snapshot WI25 | published snapshot WI26
https://catalog.ucsd.edu/courses/COMM.html#cogr262,published snapshot FA26 | published snapshot SP26
https://catalog.ucsd.edu/courses/COMM.html#cogr264,published snapshot WI26
https://catalog.ucsd.edu/courses/COMM.html#cogr275,published snapshot FA24 | published snapshot FA25 | published snapshot FA26 | published snapshot SP25 | published snapshot SP26 | published snapshot WI25 | published snapshot WI26
https://catalog.ucsd.edu/courses/COMM.html#cogr280,published snapshot FA24 | published snapshot WI26
https://catalog.ucsd.edu/courses/COMM.html#cogr294,published snapshot FA24 | published snapshot WI26
https://catalog.ucsd.edu/courses/COMM.html#cogr296,published snapshot SP25 | published snapshot SP26
https://catalog.ucsd.edu/courses/COMM.html#cogr298,published snapshot FA24 | published snapshot SP25 | published snapshot SP26 | published snapshot WI25
https://catalog.ucsd.edu/courses/COMM.html#cogr299,published snapshot FA24 | published snapshot FA25 | published snapshot FA26 | published snapshot SP25 | published snapshot SP26 | published snapshot WI25 | published snapshot WI26
https://catalog.ucsd.edu/courses/COMM.html#cogr500,published snapshot FA24 | published snapshot FA25 | published snapshot FA26 | published snapshot SP25 | published snapshot SP26 | published snapshot WI25 | published snapshot WI26
https://catalog.ucsd.edu/courses/COMM.html#comm10,published snapshot FA24 | published snapshot FA25 | published snapshot FA26 | published snapshot S125 | published snapshot S126 | published snapshot S224 | published snapshot S225 | published snapshot S226 | published snapshot SP25 | published snapshot SP26 | published snapshot WI25 | published snapshot WI26
https://catalog.ucsd.edu/courses/COMM.html#comm100a,published snapshot FA24 | published snapshot FA25 | published snapshot FA26 | published snapshot S126 | published snapshot S225
https://catalog.ucsd.edu/courses/COMM.html#comm100b,published snapshot S224 | published snapshot S225 | published snapshot S226 | published snapshot SP25 | published snapshot SP26
https://catalog.ucsd.edu/courses/COMM.html#comm100c,published snapshot S125 | published snapshot S126 | published snapshot S224 | published snapshot WI25 | published snapshot WI26
https://catalog.ucsd.edu/courses/COMM.html#comm101,published snapshot FA24 | published snapshot FA25 | published snapshot FA26 | published snapshot SP25 | published snapshot SP26 | published snapshot WI25 | published snapshot WI26
https://catalog.ucsd.edu/courses/COMM.html#comm101a,published snapshot FA24 | published snapshot SP26 | published snapshot WI26
https://catalog.ucsd.edu/courses/COMM.html#comm101d,published snapshot FA24 | published snapshot FA26 | published snapshot SP25 | published snapshot WI25
https://catalog.ucsd.edu/courses/COMM.html#comm101k,published snapshot FA24 | published snapshot FA25 | published snapshot FA26 | published snapshot SP25 | published snapshot SP26
https://catalog.ucsd.edu/courses/COMM.html#comm101m,published snapshot FA25
https://catalog.ucsd.edu/courses/COMM.html#comm101n,published snapshot FA24 | published snapshot FA25 | published snapshot FA26 | published snapshot SP25
https://catalog.ucsd.edu/courses/COMM.html#comm101t,published snapshot FA24 | published snapshot FA25 | published snapshot FA26 | published snapshot SP25 | published snapshot WI26
https://catalog.ucsd.edu/courses/COMM.html#comm102c,published snapshot FA24 | published snapshot FA25 | published snapshot FA26 | published snapshot SP25 | published snapshot SP26 | published snapshot WI26
https://catalog.ucsd.edu/courses/COMM.html#comm102m,published snapshot SP25 | published snapshot SP26
https://catalog.ucsd.edu/courses/COMM.html#comm103d,published snapshot FA24 | published snapshot FA26 | published snapshot SP26
https://catalog.ucsd.edu/courses/COMM.html#comm104g,published snapshot FA24
https://catalog.ucsd.edu/courses/COMM.html#comm105p,published snapshot WI26
https://catalog.ucsd.edu/courses/COMM.html#comm106,published snapshot FA25 | published snapshot FA26 | published snapshot S125 | published snapshot S226 | published snapshot WI26
https://catalog.ucsd.edu/courses/COMM.html#comm106d,published snapshot S225 | published snapshot SP26
https://catalog.ucsd.edu/courses/COMM.html#comm106f,published snapshot FA25 | published snapshot SP25 | published snapshot WI26
https://catalog.ucsd.edu/courses/COMM.html#comm106g,published snapshot FA24 | published snapshot FA26 | published snapshot SP26
https://catalog.ucsd.edu/courses/COMM.html#comm106i,published snapshot FA26 | published snapshot SP25 | published snapshot WI26
https://catalog.ucsd.edu/courses/COMM.html#comm106m,published snapshot FA24 | published snapshot S125 | published snapshot S126 | published snapshot SP26
https://catalog.ucsd.edu/courses/COMM.html#comm106n,published snapshot FA25 | published snapshot S126
https://catalog.ucsd.edu/courses/COMM.html#comm106v,published snapshot SP25 | published snapshot SP26
https://catalog.ucsd.edu/courses/COMM.html#comm107,published snapshot WI26
https://catalog.ucsd.edu/courses/COMM.html#comm108d,published snapshot FA25
https://catalog.ucsd.edu/courses/COMM.html#comm108g,published snapshot SP26
https://catalog.ucsd.edu/courses/COMM.html#comm109p,published snapshot S125 | published snapshot SP25 | published snapshot SP26
https://catalog.ucsd.edu/courses/COMM.html#comm110g,published snapshot FA24 | published snapshot S224 | published snapshot S225 | published snapshot S226 | published snapshot WI26
https://catalog.ucsd.edu/courses/COMM.html#comm110m,published snapshot FA26 | published snapshot S125 | published snapshot S126 | published snapshot SP25 | published snapshot WI26
https://catalog.ucsd.edu/courses/COMM.html#comm110x,published snapshot FA26
https://catalog.ucsd.edu/courses/COMM.html#comm111a,published snapshot WI26
https://catalog.ucsd.edu/courses/COMM.html#comm111b,published snapshot S224 | published snapshot S225
https://catalog.ucsd.edu/courses/COMM.html#comm111c,published snapshot FA24
https://catalog.ucsd.edu/courses/COMM.html#comm111g,published snapshot FA24 | published snapshot FA26
https://catalog.ucsd.edu/courses/COMM.html#comm113t,published snapshot FA24 | published snapshot FA25 | published snapshot S126 | published snapshot S224 | published snapshot S225 | published snapshot S226 | published snapshot SP25
https://catalog.ucsd.edu/courses/COMM.html#comm114a,published snapshot SP25 | published snapshot SP26
https://catalog.ucsd.edu/courses/COMM.html#comm114e,published snapshot FA24 | published snapshot FA25
https://catalog.ucsd.edu/courses/COMM.html#comm114f,published snapshot SP25 | published snapshot WI26
https://catalog.ucsd.edu/courses/COMM.html#comm114i,published snapshot FA25 | published snapshot FA26
https://catalog.ucsd.edu/courses/COMM.html#comm114j,published snapshot FA26 | published snapshot WI26
https://catalog.ucsd.edu/courses/COMM.html#comm114m,05-pipeline-and-schema/tools/catalog-snapshot/generalCatalog.test.ts
https://catalog.ucsd.edu/courses/COMM.html#comm114p,published snapshot SP25 | published snapshot SP26
https://catalog.ucsd.edu/courses/COMM.html#comm114t,published snapshot WI26
https://catalog.ucsd.edu/courses/COMM.html#comm114w,published snapshot SP25
https://catalog.ucsd.edu/courses/COMM.html#comm115,published snapshot FA25 | published snapshot SP25
https://catalog.ucsd.edu/courses/COMM.html#comm115j,published snapshot WI26
https://catalog.ucsd.edu/courses/COMM.html#comm118a,published snapshot FA26 | published snapshot SP26
https://catalog.ucsd.edu/courses/COMM.html#comm119,published snapshot FA25 | published snapshot FA26 | published snapshot SP26 | published snapshot WI26
https://catalog.ucsd.edu/courses/COMM.html#comm120i,published snapshot S224
https://catalog.ucsd.edu/courses/COMM.html#comm120m,published snapshot FA25
https://catalog.ucsd.edu/courses/COMM.html#comm126,published snapshot FA24
https://catalog.ucsd.edu/courses/COMM.html#comm127,published snapshot FA24 | published snapshot FA25 | published snapshot FA26
https://catalog.ucsd.edu/courses/COMM.html#comm132,published snapshot FA24 | published snapshot SP25
https://catalog.ucsd.edu/courses/COMM.html#comm133,published snapshot FA24 | published snapshot FA25
https://catalog.ucsd.edu/courses/COMM.html#comm134,published snapshot FA25 | published snapshot SP26
https://catalog.ucsd.edu/courses/COMM.html#comm135,published snapshot FA25
https://catalog.ucsd.edu/courses/COMM.html#comm137,published snapshot S125 | published snapshot WI26
https://catalog.ucsd.edu/courses/COMM.html#comm138,published snapshot WI26
https://catalog.ucsd.edu/courses/COMM.html#comm139,published snapshot SP25
https://catalog.ucsd.edu/courses/COMM.html#comm140,published snapshot WI26
https://catalog.ucsd.edu/courses/COMM.html#comm142,published snapshot FA24 | published snapshot FA25 | published snapshot FA26 | published snapshot S126
https://catalog.ucsd.edu/courses/COMM.html#comm143,published snapshot S125 | published snapshot SP25 | published snapshot SP26
https://catalog.ucsd.edu/courses/COMM.html#comm145,published snapshot S225 | published snapshot WI26
https://catalog.ucsd.edu/courses/COMM.html#comm146,published snapshot FA25 | published snapshot S224 | published snapshot S225 | published snapshot SP25
https://catalog.ucsd.edu/courses/COMM.html#comm148,published snapshot FA25
https://catalog.ucsd.edu/courses/COMM.html#comm149,published snapshot SP26
https://catalog.ucsd.edu/courses/COMM.html#comm155,published snapshot SP25 | published snapshot SP26
https://catalog.ucsd.edu/courses/COMM.html#comm158,published snapshot SP25
https://catalog.ucsd.edu/courses/COMM.html#comm159,published snapshot WI26
https://catalog.ucsd.edu/courses/COMM.html#comm160,published snapshot FA26 | published snapshot WI26
https://catalog.ucsd.edu/courses/COMM.html#comm164,published snapshot FA25
https://catalog.ucsd.edu/courses/COMM.html#comm168,published snapshot SP26
https://catalog.ucsd.edu/courses/COMM.html#comm171,published snapshot S125 | published snapshot S226 | published snapshot SP25 | published snapshot WI26
https://catalog.ucsd.edu/courses/COMM.html#comm172,published snapshot S226 | published snapshot SP25
https://catalog.ucsd.edu/courses/COMM.html#comm173,published snapshot FA25 | published snapshot SP25
https://catalog.ucsd.edu/courses/COMM.html#comm174,published snapshot FA24 | published snapshot SP26
https://catalog.ucsd.edu/courses/COMM.html#comm176,published snapshot FA26
https://catalog.ucsd.edu/courses/COMM.html#comm177,published snapshot FA25 | published snapshot SP26
https://catalog.ucsd.edu/courses/COMM.html#comm180,published snapshot SP25 | published snapshot SP26 | published snapshot WI26
https://catalog.ucsd.edu/courses/COMM.html#comm181,published snapshot FA24 | published snapshot FA26 | published snapshot SP26
https://catalog.ucsd.edu/courses/COMM.html#comm182,published snapshot FA26 | published snapshot WI26
https://catalog.ucsd.edu/courses/COMM.html#comm185,published snapshot FA25
https://catalog.ucsd.edu/courses/COMM.html#comm190,published snapshot FA24 | published snapshot FA25 | published snapshot FA26 | published snapshot S125 | published snapshot S126 | published snapshot S224 | published snapshot S225 | published snapshot S226 | published snapshot SP25 | published snapshot SP26 | published snapshot WI26
https://catalog.ucsd.edu/courses/COMM.html#comm194,published snapshot FA24 | published snapshot FA25 | published snapshot FA26 | published snapshot SP25 | published snapshot SP26 | published snapshot WI26
https://catalog.ucsd.edu/courses/COMM.html#comm195,published snapshot SP25
https://catalog.ucsd.edu/courses/COMM.html#comm196a,published snapshot FA24 | published snapshot FA25 | published snapshot FA26
https://catalog.ucsd.edu/courses/COMM.html#comm196b,published snapshot WI26
https://catalog.ucsd.edu/courses/COMM.html#comm198,published snapshot FA26 | published snapshot SP26
https://catalog.ucsd.edu/courses/COMM.html#comm199,published snapshot FA25 | published snapshot S224 | published snapshot S324 | published snapshot SP25 | published snapshot SP26
https://catalog.ucsd.edu/courses/COMM.html#comm199h,published snapshot SP25 | published snapshot SP26
https://catalog.ucsd.edu/courses/COMM.html#comm20,published snapshot FA24 | published snapshot FA25 | published snapshot FA26 | published snapshot S125 | published snapshot S225 | published snapshot S226 | published snapshot SP25 | published snapshot WI25 | published snapshot WI26
https://catalog.ucsd.edu/courses/COMM.html#comm30,published snapshot S225 | published snapshot SP25 | published snapshot SP26 | published snapshot WI25 | published snapshot WI26
https://catalog.ucsd.edu/courses/COMM.html#comm30gs,published snapshot S125
https://catalog.ucsd.edu/courses/COMM.html#comm40,published snapshot FA24 | published snapshot FA25 | published snapshot FA26 | published snapshot S226 | published snapshot SP26
https://catalog.ucsd.edu/courses/COMM.html#comm50,published snapshot FA24 | published snapshot FA25 | published snapshot FA26 | published snapshot SP25 | published snapshot SP26 | published snapshot WI25 | published snapshot WI26
https://catalog.ucsd.edu/courses/COMM.html#comm75,published snapshot SP26
https://catalog.ucsd.edu/courses/COMM.html#comm80,published snapshot FA24 | published snapshot FA25 | published snapshot FA26 | published snapshot SP25 | published snapshot SP26 | published snapshot WI25 | published snapshot WI26
https://catalog.ucsd.edu/courses/COMM.html#comm87,published snapshot FA24 | published snapshot SP26 | published snapshot WI25 | published snapshot WI26
https://catalog.ucsd.edu/courses/CSE.html,03-links/official-course-data-links.md | 05-pipeline-and-schema/tools/catalog-snapshot/generalCatalog.test.ts | published snapshot FA24 | published snapshot FA25 | published snapshot FA26 | published snapshot SP25 | published snapshot SP26 | published snapshot WI25 | published snapshot WI26
https://catalog.ucsd.edu/courses/CSE.html#cse1,05-pipeline-and-schema/tools/catalog-snapshot/catalogSnapshot.test.ts
https://catalog.ucsd.edu/courses/CSE.html#cse100,published snapshot FA24 | published snapshot FA25 | published snapshot FA26 | published snapshot S125 | published snapshot S225 | published snapshot S226 | published snapshot SP25 | published snapshot WI25 | published snapshot WI26
https://catalog.ucsd.edu/courses/CSE.html#cse100r,published snapshot FA24 | published snapshot FA25 | published snapshot S126 | published snapshot SP26 | published snapshot WI25
https://catalog.ucsd.edu/courses/CSE.html#cse101,05-pipeline-and-schema/tools/catalog-snapshot/catalogSnapshot.test.ts | 05-pipeline-and-schema/tools/catalog-snapshot/generalCatalog.test.ts | published snapshot FA24 | published snapshot FA25 | published snapshot FA26 | published snapshot S225 | published snapshot S226 | published snapshot SP25 | published snapshot SP26 | published snapshot WI25 | published snapshot WI26
https://catalog.ucsd.edu/courses/CSE.html#cse103,published snapshot FA24 | published snapshot FA25 | published snapshot FA26
https://catalog.ucsd.edu/courses/CSE.html#cse105,published snapshot FA24 | published snapshot FA25 | published snapshot FA26 | published snapshot S225 | published snapshot S226 | published snapshot SP25 | published snapshot SP26 | published snapshot WI25 | published snapshot WI26
https://catalog.ucsd.edu/courses/CSE.html#cse106,published snapshot FA24 | published snapshot WI26
https://catalog.ucsd.edu/courses/CSE.html#cse107,published snapshot FA24 | published snapshot FA25 | published snapshot FA26 | published snapshot S125 | published snapshot SP25 | published snapshot SP26 | published snapshot WI25 | published snapshot WI26
https://catalog.ucsd.edu/courses/CSE.html#cse109,published snapshot FA24 | published snapshot SP26 | published snapshot WI26
https://catalog.ucsd.edu/courses/CSE.html#cse11,published snapshot FA24 | published snapshot FA25 | published snapshot FA26 | published snapshot S125 | published snapshot S224 | published snapshot S225 | published snapshot S226 | published snapshot SP25 | published snapshot SP26 | published snapshot WI25 | published snapshot WI26
https://catalog.ucsd.edu/courses/CSE.html#cse110,05-pipeline-and-schema/tools/catalog-snapshot/generalCatalog.test.ts
https://catalog.ucsd.edu/courses/CSE.html#cse118,published snapshot FA24 | published snapshot FA25
https://catalog.ucsd.edu/courses/CSE.html#cse12,published snapshot FA24 | published snapshot FA25 | published snapshot FA26 | published snapshot SP25 | published snapshot SP26 | published snapshot WI25 | published snapshot WI26
https://catalog.ucsd.edu/courses/CSE.html#cse120,published snapshot FA24 | published snapshot FA25 | published snapshot FA26 | published snapshot SP25 | published snapshot SP26 | published snapshot WI25
https://catalog.ucsd.edu/courses/CSE.html#cse122,published snapshot WI25 | published snapshot WI26
https://catalog.ucsd.edu/courses/CSE.html#cse123,published snapshot FA24 | published snapshot FA26 | published snapshot SP26
https://catalog.ucsd.edu/courses/CSE.html#cse124,published snapshot SP25
https://catalog.ucsd.edu/courses/CSE.html#cse125,published snapshot SP25 | published snapshot SP26
https://catalog.ucsd.edu/courses/CSE.html#cse127,published snapshot FA24 | published snapshot FA25 | published snapshot FA26 | published snapshot SP25 | published snapshot SP26 | published snapshot WI25 | published snapshot WI26
https://catalog.ucsd.edu/courses/CSE.html#cse130,published snapshot FA25 | published snapshot SP25 | published snapshot WI25 | published snapshot WI26
https://catalog.ucsd.edu/courses/CSE.html#cse131,published snapshot FA25 | published snapshot SP25 | published snapshot WI26
https://catalog.ucsd.edu/courses/CSE.html#cse132a,published snapshot FA24 | published snapshot FA25 | published snapshot SP26 | published snapshot WI25
https://catalog.ucsd.edu/courses/CSE.html#cse134b,published snapshot FA25 | published snapshot FA26 | published snapshot S125 | published snapshot S126 | published snapshot WI25
https://catalog.ucsd.edu/courses/CSE.html#cse135,published snapshot S225 | published snapshot S226 | published snapshot WI26
https://catalog.ucsd.edu/courses/CSE.html#cse140,published snapshot FA24 | published snapshot FA25 | published snapshot FA26 | published snapshot S125 | published snapshot S126 | published snapshot S224 | published snapshot S225 | published snapshot S226 | published snapshot SP25 | published snapshot WI25 | published snapshot WI26
https://catalog.ucsd.edu/courses/CSE.html#cse140l,published snapshot FA24 | published snapshot FA25 | published snapshot SP25 | published snapshot WI25 | published snapshot WI26
https://catalog.ucsd.edu/courses/CSE.html#cse141,published snapshot FA24 | published snapshot FA25 | published snapshot FA26 | published snapshot S125 | published snapshot S226 | published snapshot SP25 | published snapshot SP26
https://catalog.ucsd.edu/courses/CSE.html#cse141l,published snapshot FA24 | published snapshot FA25 | published snapshot S125 | published snapshot SP25 | published snapshot SP26
https://catalog.ucsd.edu/courses/CSE.html#cse142,published snapshot FA25 | published snapshot S224 | published snapshot S225 | published snapshot WI25
https://catalog.ucsd.edu/courses/CSE.html#cse142l,published snapshot S224 | published snapshot S225
https://catalog.ucsd.edu/courses/CSE.html#cse145,published snapshot SP25 | published snapshot SP26
https://catalog.ucsd.edu/courses/CSE.html#cse147,published snapshot WI25
https://catalog.ucsd.edu/courses/CSE.html#cse148,published snapshot WI25 | published snapshot WI26
https://catalog.ucsd.edu/courses/CSE.html#cse150a,published snapshot FA24 | published snapshot FA25 | published snapshot FA26 | published snapshot S125 | published snapshot S224 | published snapshot SP25 | published snapshot SP26 | published snapshot WI25 | published snapshot WI26
https://catalog.ucsd.edu/courses/CSE.html#cse150b,published snapshot FA25 | published snapshot FA26 | published snapshot SP25 | published snapshot SP26
https://catalog.ucsd.edu/courses/CSE.html#cse151a,published snapshot FA24 | published snapshot FA25 | published snapshot FA26 | published snapshot S126 | published snapshot S225 | published snapshot SP25 | published snapshot SP26 | published snapshot WI25 | published snapshot WI26
https://catalog.ucsd.edu/courses/CSE.html#cse151b,published snapshot FA26 | published snapshot S126 | published snapshot SP25 | published snapshot SP26 | published snapshot WI25
https://catalog.ucsd.edu/courses/CSE.html#cse152a,published snapshot FA24 | published snapshot FA25 | published snapshot FA26 | published snapshot SP26 | published snapshot WI25 | published snapshot WI26
https://catalog.ucsd.edu/courses/CSE.html#cse152b,published snapshot SP25
https://catalog.ucsd.edu/courses/CSE.html#cse153,published snapshot SP25 | published snapshot SP26
https://catalog.ucsd.edu/courses/CSE.html#cse153r,published snapshot S126 | published snapshot SP25 | published snapshot SP26
https://catalog.ucsd.edu/courses/CSE.html#cse156,published snapshot FA24 | published snapshot WI25 | published snapshot WI26
https://catalog.ucsd.edu/courses/CSE.html#cse158,published snapshot FA24 | published snapshot FA25 | published snapshot FA26
https://catalog.ucsd.edu/courses/CSE.html#cse158r,published snapshot FA24 | published snapshot FA25 | published snapshot FA26
https://catalog.ucsd.edu/courses/CSE.html#cse160,published snapshot WI25 | published snapshot WI26
https://catalog.ucsd.edu/courses/CSE.html#cse165,published snapshot SP25 | published snapshot SP26
https://catalog.ucsd.edu/courses/CSE.html#cse166,published snapshot SP26
https://catalog.ucsd.edu/courses/CSE.html#cse167,published snapshot FA24 | published snapshot FA25 | published snapshot FA26 | published snapshot WI25 | published snapshot WI26
https://catalog.ucsd.edu/courses/CSE.html#cse168,published snapshot SP25 | published snapshot SP26
https://catalog.ucsd.edu/courses/CSE.html#cse169,published snapshot WI25 | published snapshot WI26
https://catalog.ucsd.edu/courses/CSE.html#cse170,published snapshot FA24 | published snapshot FA25 | published snapshot FA26
https://catalog.ucsd.edu/courses/CSE.html#cse175,published snapshot S125 | published snapshot S225 | published snapshot SP25 | published snapshot SP26
https://catalog.ucsd.edu/courses/CSE.html#cse176a,published snapshot SP25
https://catalog.ucsd.edu/courses/CSE.html#cse176e,published snapshot FA24
https://catalog.ucsd.edu/courses/CSE.html#cse181,published snapshot WI25 | published snapshot WI26
https://catalog.ucsd.edu/courses/CSE.html#cse182,published snapshot SP25 | published snapshot SP26
https://catalog.ucsd.edu/courses/CSE.html#cse185,published snapshot SP25 | published snapshot SP26
https://catalog.ucsd.edu/courses/CSE.html#cse190,published snapshot FA24 | published snapshot FA25 | published snapshot FA26 | published snapshot S125 | published snapshot SP25 | published snapshot SP26 | published snapshot WI25 | published snapshot WI26
https://catalog.ucsd.edu/courses/CSE.html#cse191,published snapshot FA24 | published snapshot FA25 | published snapshot FA26 | published snapshot S324 | published snapshot S325 | published snapshot S326 | published snapshot SP25 | published snapshot SP26 | published snapshot WI25 | published snapshot WI26
https://catalog.ucsd.edu/courses/CSE.html#cse193,published snapshot FA24 | published snapshot FA25 | published snapshot FA26
https://catalog.ucsd.edu/courses/CSE.html#cse194,published snapshot FA25 | published snapshot FA26
https://catalog.ucsd.edu/courses/CSE.html#cse197,published snapshot FA24 | published snapshot FA25 | published snapshot FA26 | published snapshot S324 | published snapshot S325 | published snapshot S326 | published snapshot SP26 | published snapshot WI25 | published snapshot WI26
https://catalog.ucsd.edu/courses/CSE.html#cse198,published snapshot FA24 | published snapshot FA25 | published snapshot SP25 | published snapshot SP26 | published snapshot WI25 | published snapshot WI26
https://catalog.ucsd.edu/courses/CSE.html#cse199,published snapshot FA24 | published snapshot FA25 | published snapshot S125 | published snapshot S126 | published snapshot S225 | published snapshot S226 | published snapshot S324 | published snapshot S325 | published snapshot S326 | published snapshot SP25 | published snapshot SP26 | published snapshot WI25 | published snapshot WI26
https://catalog.ucsd.edu/courses/CSE.html#cse199h,published snapshot FA24 | published snapshot FA25 | published snapshot S325 | published snapshot SP25 | published snapshot SP26 | published snapshot WI25 | published snapshot WI26
https://catalog.ucsd.edu/courses/CSE.html#cse20,published snapshot FA25 | published snapshot FA26 | published snapshot S125 | published snapshot S224 | published snapshot S225 | published snapshot SP25 | published snapshot SP26 | published snapshot WI25 | published snapshot WI26
https://catalog.ucsd.edu/courses/CSE.html#cse200,published snapshot SP26
https://catalog.ucsd.edu/courses/CSE.html#cse202,published snapshot FA24 | published snapshot FA25 | published snapshot FA26 | published snapshot WI25 | published snapshot WI26
https://catalog.ucsd.edu/courses/CSE.html#cse203a,published snapshot SP26
https://catalog.ucsd.edu/courses/CSE.html#cse203b,published snapshot WI25 | published snapshot WI26
https://catalog.ucsd.edu/courses/CSE.html#cse205a,published snapshot SP25
https://catalog.ucsd.edu/courses/CSE.html#cse206a,published snapshot FA25
https://catalog.ucsd.edu/courses/CSE.html#cse208,published snapshot FA26 | published snapshot SP26
https://catalog.ucsd.edu/courses/CSE.html#cse209a,published snapshot FA24 | published snapshot FA25 | published snapshot FA26 | published snapshot SP25 | published snapshot SP26 | published snapshot WI25 | published snapshot WI26
https://catalog.ucsd.edu/courses/CSE.html#cse209b,published snapshot FA25 | published snapshot FA26 | published snapshot SP25 | published snapshot WI26
https://catalog.ucsd.edu/courses/CSE.html#cse21,published snapshot FA24 | published snapshot FA25 | published snapshot FA26 | published snapshot S125 | published snapshot S224 | published snapshot S225 | published snapshot S226 | published snapshot SP25 | published snapshot SP26 | published snapshot WI25 | published snapshot WI26
https://catalog.ucsd.edu/courses/CSE.html#cse210,published snapshot FA24 | published snapshot FA25 | published snapshot FA26 | published snapshot WI25 | published snapshot WI26
https://catalog.ucsd.edu/courses/CSE.html#cse216,published snapshot FA24 | published snapshot FA25 | published snapshot FA26
https://catalog.ucsd.edu/courses/CSE.html#cse217,published snapshot SP25 | published snapshot SP26
https://catalog.ucsd.edu/courses/CSE.html#cse218,published snapshot FA24
https://catalog.ucsd.edu/courses/CSE.html#cse219,published snapshot FA25 | published snapshot FA26 | published snapshot SP25 | published snapshot SP26 | published snapshot WI25 | published snapshot WI26
https://catalog.ucsd.edu/courses/CSE.html#cse220,published snapshot WI25 | published snapshot WI26
https://catalog.ucsd.edu/courses/CSE.html#cse221,published snapshot FA24 | published snapshot FA25
https://catalog.ucsd.edu/courses/CSE.html#cse222a,published snapshot FA24
https://catalog.ucsd.edu/courses/CSE.html#cse222c,published snapshot WI25 | published snapshot WI26
https://catalog.ucsd.edu/courses/CSE.html#cse223b,published snapshot SP25 | published snapshot SP26
https://catalog.ucsd.edu/courses/CSE.html#cse224,published snapshot SP25
https://catalog.ucsd.edu/courses/CSE.html#cse227,published snapshot FA24 | published snapshot FA25 | published snapshot FA26 | published snapshot SP25 | published snapshot SP26 | published snapshot WI25 | published snapshot WI26
https://catalog.ucsd.edu/courses/CSE.html#cse229a,published snapshot FA24 | published snapshot FA25 | published snapshot FA26 | published snapshot SP25 | published snapshot SP26 | published snapshot WI25 | published snapshot WI26
https://catalog.ucsd.edu/courses/CSE.html#cse229c,published snapshot FA24 | published snapshot FA25 | published snapshot FA26 | published snapshot SP25 | published snapshot SP26 | published snapshot WI25 | published snapshot WI26
https://catalog.ucsd.edu/courses/CSE.html#cse230,published snapshot SP25 | published snapshot SP26 | published snapshot WI25 | published snapshot WI26
https://catalog.ucsd.edu/courses/CSE.html#cse231,published snapshot SP25 | published snapshot SP26
https://catalog.ucsd.edu/courses/CSE.html#cse232,published snapshot FA24 | published snapshot SP26
https://catalog.ucsd.edu/courses/CSE.html#cse232b,published snapshot SP26 | published snapshot WI25
https://catalog.ucsd.edu/courses/CSE.html#cse237a,published snapshot WI25
https://catalog.ucsd.edu/courses/CSE.html#cse237c,published snapshot FA24 | published snapshot FA25 | published snapshot FA26
https://catalog.ucsd.edu/courses/CSE.html#cse237d,published snapshot SP25 | published snapshot SP26
https://catalog.ucsd.edu/courses/CSE.html#cse239a,published snapshot SP25 | published snapshot SP26 | published snapshot WI25 | published snapshot WI26
https://catalog.ucsd.edu/courses/CSE.html#cse239b,published snapshot FA24 | published snapshot FA25 | published snapshot FA26 | published snapshot SP25 | published snapshot SP26 | published snapshot WI25 | published snapshot WI26
https://catalog.ucsd.edu/courses/CSE.html#cse240a,published snapshot FA24 | published snapshot FA25 | published snapshot FA26 | published snapshot SP25 | published snapshot WI25 | published snapshot WI26
https://catalog.ucsd.edu/courses/CSE.html#cse240b,published snapshot WI25 | published snapshot WI26
https://catalog.ucsd.edu/courses/CSE.html#cse241a,published snapshot SP25 | published snapshot SP26
https://catalog.ucsd.edu/courses/CSE.html#cse244a,published snapshot WI25
https://catalog.ucsd.edu/courses/CSE.html#cse249e,published snapshot FA25 | published snapshot FA26 | published snapshot SP26
https://catalog.ucsd.edu/courses/CSE.html#cse25,published snapshot SP26 | published snapshot WI26
https://catalog.ucsd.edu/courses/CSE.html#cse250a,published snapshot FA24 | published snapshot FA25 | published snapshot FA26 | published snapshot SP25
https://catalog.ucsd.edu/courses/CSE.html#cse251a,published snapshot WI25 | published snapshot WI26
https://catalog.ucsd.edu/courses/CSE.html#cse251b,published snapshot SP25 | published snapshot SP26 | published snapshot WI25
https://catalog.ucsd.edu/courses/CSE.html#cse251c,published snapshot WI25
https://catalog.ucsd.edu/courses/CSE.html#cse251u,published snapshot FA26 | published snapshot WI26
https://catalog.ucsd.edu/courses/CSE.html#cse252a,published snapshot FA25 | published snapshot WI25
https://catalog.ucsd.edu/courses/CSE.html#cse252b,published snapshot WI26
https://catalog.ucsd.edu/courses/CSE.html#cse252d,published snapshot SP25 | published snapshot SP26
https://catalog.ucsd.edu/courses/CSE.html#cse253,published snapshot SP25 | published snapshot SP26
https://catalog.ucsd.edu/courses/CSE.html#cse253r,published snapshot SP25 | published snapshot SP26
https://catalog.ucsd.edu/courses/CSE.html#cse255,published snapshot SP25
https://catalog.ucsd.edu/courses/CSE.html#cse256,05-pipeline-and-schema/tools/catalog-snapshot/generalCatalog.test.ts | published snapshot FA24 | published snapshot FA26 | published snapshot WI26
https://catalog.ucsd.edu/courses/CSE.html#cse257,published snapshot WI25 | published snapshot WI26
https://catalog.ucsd.edu/courses/CSE.html#cse258,published snapshot FA24 | published snapshot FA25 | published snapshot FA26
https://catalog.ucsd.edu/courses/CSE.html#cse258r,published snapshot FA24 | published snapshot FA25 | published snapshot FA26
https://catalog.ucsd.edu/courses/CSE.html#cse259,published snapshot FA24 | published snapshot FA25
https://catalog.ucsd.edu/courses/CSE.html#cse260,published snapshot FA24 | published snapshot FA25 | published snapshot FA26
https://catalog.ucsd.edu/courses/CSE.html#cse261,published snapshot WI26
https://catalog.ucsd.edu/courses/CSE.html#cse270,published snapshot FA24 | published snapshot FA25 | published snapshot FA26
https://catalog.ucsd.edu/courses/CSE.html#cse271,published snapshot SP26
https://catalog.ucsd.edu/courses/CSE.html#cse272,published snapshot WI25 | published snapshot WI26
https://catalog.ucsd.edu/courses/CSE.html#cse274,published snapshot WI26
https://catalog.ucsd.edu/courses/CSE.html#cse276a,published snapshot FA24 | published snapshot FA25 | published snapshot FA26
https://catalog.ucsd.edu/courses/CSE.html#cse276b,published snapshot SP26
https://catalog.ucsd.edu/courses/CSE.html#cse276c,published snapshot FA24 | published snapshot FA26
https://catalog.ucsd.edu/courses/CSE.html#cse276d,published snapshot SP25
https://catalog.ucsd.edu/courses/CSE.html#cse276e,published snapshot FA24
https://catalog.ucsd.edu/courses/CSE.html#cse276f,published snapshot SP25
https://catalog.ucsd.edu/courses/CSE.html#cse280a,published snapshot WI25 | published snapshot WI26
https://catalog.ucsd.edu/courses/CSE.html#cse282,published snapshot WI25 | published snapshot WI26
https://catalog.ucsd.edu/courses/CSE.html#cse283,published snapshot SP25 | published snapshot SP26
https://catalog.ucsd.edu/courses/CSE.html#cse284,published snapshot WI26
https://catalog.ucsd.edu/courses/CSE.html#cse29,published snapshot FA24 | published snapshot FA25 | published snapshot FA26 | published snapshot S125 | published snapshot SP25 | published snapshot SP26 | published snapshot WI25 | published snapshot WI26
https://catalog.ucsd.edu/courses/CSE.html#cse290,published snapshot FA24 | published snapshot FA25 | published snapshot FA26 | published snapshot SP25 | published snapshot SP26 | published snapshot WI25 | published snapshot WI26
https://catalog.ucsd.edu/courses/CSE.html#cse291,published snapshot FA24 | published snapshot SP25 | published snapshot WI25
https://catalog.ucsd.edu/courses/CSE.html#cse291a,published snapshot FA25 | published snapshot FA26 | published snapshot SP26 | published snapshot WI26
https://catalog.ucsd.edu/courses/CSE.html#cse291b,published snapshot SP26
https://catalog.ucsd.edu/courses/CSE.html#cse291c,published snapshot SP26
https://catalog.ucsd.edu/courses/CSE.html#cse291g,published snapshot SP26 | published snapshot WI26
https://catalog.ucsd.edu/courses/CSE.html#cse291i,published snapshot FA26 | published snapshot WI26
https://catalog.ucsd.edu/courses/CSE.html#cse291p,published snapshot FA25 | published snapshot SP26 | published snapshot WI26
https://catalog.ucsd.edu/courses/CSE.html#cse291t,published snapshot FA25 | published snapshot SP26 | published snapshot WI26
https://catalog.ucsd.edu/courses/CSE.html#cse291y,published snapshot FA25 | published snapshot FA26 | published snapshot SP26 | published snapshot WI26
https://catalog.ucsd.edu/courses/CSE.html#cse292,published snapshot FA24 | published snapshot FA25 | published snapshot FA26
https://catalog.ucsd.edu/courses/CSE.html#cse293,published snapshot FA24 | published snapshot FA25 | published snapshot FA26 | published snapshot S326 | published snapshot SP25 | published snapshot SP26 | published snapshot WI25 | published snapshot WI26
https://catalog.ucsd.edu/courses/CSE.html#cse294,published snapshot FA24 | published snapshot FA25 | published snapshot FA26 | published snapshot SP25 | published snapshot SP26 | published snapshot WI25 | published snapshot WI26
https://catalog.ucsd.edu/courses/CSE.html#cse298,published snapshot FA24 | published snapshot FA25 | published snapshot FA26 | published snapshot S324 | published snapshot S325 | published snapshot S326 | published snapshot SP25 | published snapshot SP26 | published snapshot WI25 | published snapshot WI26
https://catalog.ucsd.edu/courses/CSE.html#cse299,published snapshot FA24 | published snapshot FA25 | published snapshot FA26 | published snapshot S125 | published snapshot S225 | published snapshot S324 | published snapshot S325 | published snapshot S326 | published snapshot SP25 | published snapshot SP26 | published snapshot WI25 | published snapshot WI26
https://catalog.ucsd.edu/courses/CSE.html#cse3,05-pipeline-and-schema/tools/catalog-snapshot/catalogSnapshot.test.ts | published snapshot FA25 | published snapshot FA26
https://catalog.ucsd.edu/courses/CSE.html#cse30,published snapshot FA24 | published snapshot FA25 | published snapshot FA26 | published snapshot S224 | published snapshot S225 | published snapshot S226 | published snapshot SP25 | published snapshot SP26 | published snapshot WI25 | published snapshot WI26
https://catalog.ucsd.edu/courses/CSE.html#cse5,published snapshot SP26
https://catalog.ucsd.edu/courses/CSE.html#cse500,published snapshot FA24 | published snapshot FA25 | published snapshot FA26 | published snapshot SP25 | published snapshot SP26 | published snapshot WI25 | published snapshot WI26
https://catalog.ucsd.edu/courses/CSE.html#cse599,published snapshot FA24 | published snapshot FA25 | published snapshot FA26 | published snapshot SP25 | published snapshot SP26 | published snapshot WI25 | published snapshot WI26
https://catalog.ucsd.edu/courses/CSE.html#cse6r,published snapshot FA25 | published snapshot S226 | published snapshot SP25
https://catalog.ucsd.edu/courses/CSE.html#cse87,published snapshot FA24 | published snapshot FA25 | published snapshot FA26 | published snapshot SP25 | published snapshot WI25
https://catalog.ucsd.edu/courses/CSE.html#cse88,published snapshot FA26 | published snapshot SP26 | published snapshot WI26
https://catalog.ucsd.edu/courses/CSE.html#cse89,published snapshot FA24 | published snapshot FA25 | published snapshot FA26 | published snapshot SP25 | published snapshot SP26 | published snapshot WI25 | published snapshot WI26
https://catalog.ucsd.edu/courses/CSE.html#cse8a,published snapshot FA24 | published snapshot FA25 | published snapshot FA26 | published snapshot S125 | published snapshot S126 | published snapshot S224 | published snapshot S225 | published snapshot S226 | published snapshot SP25 | published snapshot SP26 | published snapshot WI25 | published snapshot WI26
https://catalog.ucsd.edu/courses/CSE.html#cse95,published snapshot FA24 | published snapshot FA25 | published snapshot FA26 | published snapshot SP25 | published snapshot SP26 | published snapshot WI25 | published snapshot WI26
https://catalog.ucsd.edu/courses/CSE.html#cse99,published snapshot FA24 | published snapshot SP25 | published snapshot WI25
https://catalog.ucsd.edu/courses/CSS.html#css1,published snapshot FA24 | published snapshot FA25 | published snapshot FA26 | published snapshot S225 | published snapshot S226 | published snapshot SP25
https://catalog.ucsd.edu/courses/CSS.html#css100,published snapshot SP25 | published snapshot SP26
https://catalog.ucsd.edu/courses/CSS.html#css120,published snapshot FA25 | published snapshot SP25
https://catalog.ucsd.edu/courses/CSS.html#css2,published snapshot WI25 | published snapshot WI26
https://catalog.ucsd.edu/courses/CSS.html#css201s,published snapshot S324 | published snapshot S325 | published snapshot S326
https://catalog.ucsd.edu/courses/CSS.html#css202s,published snapshot S324 | published snapshot S325 | published snapshot S326
https://catalog.ucsd.edu/courses/CSS.html#css205,published snapshot WI25 | published snapshot WI26
https://catalog.ucsd.edu/courses/CSS.html#css209,published snapshot FA24 | published snapshot FA25 | published snapshot FA26 | published snapshot SP25 | published snapshot SP26 | published snapshot WI25 | published snapshot WI26
https://catalog.ucsd.edu/courses/CSS.html#css211,published snapshot FA26
https://catalog.ucsd.edu/courses/CSS.html#css296,published snapshot FA24 | published snapshot FA25 | published snapshot SP25 | published snapshot SP26 | published snapshot WI25 | published snapshot WI26
https://catalog.ucsd.edu/courses/CSS.html#css500,published snapshot FA24 | published snapshot FA25 | published snapshot SP25 | published snapshot SP26
https://catalog.ucsd.edu/courses/DOC.html#doc1,published snapshot FA24 | published snapshot FA25 | published snapshot FA26
https://catalog.ucsd.edu/courses/DOC.html#doc100d,published snapshot FA24 | published snapshot FA25 | published snapshot FA26 | published snapshot S125 | published snapshot S126 | published snapshot SP25 | published snapshot SP26 | published snapshot WI25 | published snapshot WI26
https://catalog.ucsd.edu/courses/DOC.html#doc2,published snapshot WI25 | published snapshot WI26
https://catalog.ucsd.edu/courses/DOC.html#doc3,published snapshot SP25 | published snapshot SP26
https://catalog.ucsd.edu/courses/DSC.html,05-pipeline-and-schema/tools/catalog-snapshot/generalCatalog.test.ts
https://catalog.ucsd.edu/courses/DSC.html#dsc10,published snapshot FA24 | published snapshot FA25 | published snapshot FA26 | published snapshot S125 | published snapshot SP25 | published snapshot SP26 | published snapshot WI25 | published snapshot WI26
https://catalog.ucsd.edu/courses/DSC.html#dsc100,published snapshot FA24 | published snapshot FA25 | published snapshot S125 | published snapshot S126 | published snapshot SP25 | published snapshot SP26 | published snapshot WI25 | published snapshot WI26
https://catalog.ucsd.edu/courses/DSC.html#dsc102,published snapshot FA24 | published snapshot FA25 | published snapshot FA26 | published snapshot SP25 | published snapshot SP26
https://catalog.ucsd.edu/courses/DSC.html#dsc106,published snapshot FA25 | published snapshot FA26 | published snapshot SP25 | published snapshot SP26 | published snapshot WI25
https://catalog.ucsd.edu/courses/DSC.html#dsc10r,published snapshot S126
https://catalog.ucsd.edu/courses/DSC.html#dsc120,published snapshot WI26
https://catalog.ucsd.edu/courses/DSC.html#dsc123a,published snapshot FA26
https://catalog.ucsd.edu/courses/DSC.html#dsc123b,published snapshot WI26
https://catalog.ucsd.edu/courses/DSC.html#dsc140a,published snapshot FA25 | published snapshot FA26 | published snapshot SP25 | published snapshot SP26 | published snapshot WI25
https://catalog.ucsd.edu/courses/DSC.html#dsc140b,published snapshot SP25 | published snapshot SP26 | published snapshot WI25 | published snapshot WI26
https://catalog.ucsd.edu/courses/DSC.html#dsc148,published snapshot SP26 | published snapshot WI25
https://catalog.ucsd.edu/courses/DSC.html#dsc155,published snapshot WI26
https://catalog.ucsd.edu/courses/DSC.html#dsc161,published snapshot FA25 | published snapshot S226 | published snapshot SP25
https://catalog.ucsd.edu/courses/DSC.html#dsc170,published snapshot WI25 | published snapshot WI26
https://catalog.ucsd.edu/courses/DSC.html#dsc180a,published snapshot FA24 | published snapshot FA25 | published snapshot FA26
https://catalog.ucsd.edu/courses/DSC.html#dsc180b,published snapshot WI25 | published snapshot WI26
https://catalog.ucsd.edu/courses/DSC.html#dsc190,published snapshot FA24 | published snapshot FA25 | published snapshot FA26 | published snapshot S125 | published snapshot S126 | published snapshot SP25 | published snapshot SP26 | published snapshot WI25 | published snapshot WI26
https://catalog.ucsd.edu/courses/DSC.html#dsc197,published snapshot FA24 | published snapshot FA25 | published snapshot S125 | published snapshot S126 | published snapshot S225 | published snapshot S324 | published snapshot S325 | published snapshot S326 | published snapshot SP25 | published snapshot SP26 | published snapshot WI25 | published snapshot WI26
https://catalog.ucsd.edu/courses/DSC.html#dsc198,published snapshot FA26
https://catalog.ucsd.edu/courses/DSC.html#dsc199,published snapshot FA24 | published snapshot FA25 | published snapshot S325 | published snapshot S326 | published snapshot SP25 | published snapshot SP26 | published snapshot WI25 | published snapshot WI26
https://catalog.ucsd.edu/courses/DSC.html#dsc20,05-pipeline-and-schema/tools/catalog-snapshot/generalCatalog.test.ts | published snapshot FA24 | published snapshot FA25 | published snapshot FA26 | published snapshot S125 | published snapshot SP25 | published snapshot SP26 | published snapshot WI25 | published snapshot WI26
https://catalog.ucsd.edu/courses/DSC.html#dsc200,published snapshot FA24 | published snapshot FA25 | published snapshot FA26
https://catalog.ucsd.edu/courses/DSC.html#dsc202,published snapshot WI25 | published snapshot WI26
https://catalog.ucsd.edu/courses/DSC.html#dsc204a,published snapshot FA25 | published snapshot FA26 | published snapshot SP25 | published snapshot SP26
https://catalog.ucsd.edu/courses/DSC.html#dsc205,published snapshot WI26
https://catalog.ucsd.edu/courses/DSC.html#dsc206,published snapshot SP26 | published snapshot WI25 | published snapshot WI26
https://catalog.ucsd.edu/courses/DSC.html#dsc207r,published snapshot FA24 | published snapshot FA25 | published snapshot FA26 | published snapshot WI25 | published snapshot WI26
https://catalog.ucsd.edu/courses/DSC.html#dsc208r,published snapshot SP25 | published snapshot SP26 | published snapshot WI25 | published snapshot WI26
https://catalog.ucsd.edu/courses/DSC.html#dsc209r,published snapshot FA24 | published snapshot FA25 | published snapshot FA26
https://catalog.ucsd.edu/courses/DSC.html#dsc20r,05-pipeline-and-schema/tools/catalog-snapshot/generalCatalog.test.ts | published snapshot S126
https://catalog.ucsd.edu/courses/DSC.html#dsc210,published snapshot FA24 | published snapshot FA25 | published snapshot FA26 | published snapshot WI26
https://catalog.ucsd.edu/courses/DSC.html#dsc211,published snapshot WI25 | published snapshot WI26
https://catalog.ucsd.edu/courses/DSC.html#dsc212,published snapshot FA24 | published snapshot FA25 | published snapshot FA26 | published snapshot SP25 | published snapshot WI26
https://catalog.ucsd.edu/courses/DSC.html#dsc214,published snapshot SP25
https://catalog.ucsd.edu/courses/DSC.html#dsc215,published snapshot SP26
https://catalog.ucsd.edu/courses/DSC.html#dsc215r,published snapshot FA24 | published snapshot FA25 | published snapshot FA26 | published snapshot WI25 | published snapshot WI26
https://catalog.ucsd.edu/courses/DSC.html#dsc231,published snapshot FA25
https://catalog.ucsd.edu/courses/DSC.html#dsc232r,published snapshot SP25 | published snapshot SP26 | published snapshot WI26
https://catalog.ucsd.edu/courses/DSC.html#dsc240,published snapshot FA26 | published snapshot SP25 | published snapshot SP26 | published snapshot WI25 | published snapshot WI26
https://catalog.ucsd.edu/courses/DSC.html#dsc241,published snapshot FA24 | published snapshot FA25 | published snapshot SP25 | published snapshot WI26
https://catalog.ucsd.edu/courses/DSC.html#dsc242,published snapshot FA24 | published snapshot FA25 | published snapshot FA26
https://catalog.ucsd.edu/courses/DSC.html#dsc243,published snapshot SP26
https://catalog.ucsd.edu/courses/DSC.html#dsc244,published snapshot WI25
https://catalog.ucsd.edu/courses/DSC.html#dsc245,published snapshot FA24 | published snapshot SP26
https://catalog.ucsd.edu/courses/DSC.html#dsc250,published snapshot WI25
https://catalog.ucsd.edu/courses/DSC.html#dsc253,published snapshot FA24 | published snapshot WI26
https://catalog.ucsd.edu/courses/DSC.html#dsc255r,published snapshot SP25 | published snapshot SP26 | published snapshot WI25 | published snapshot WI26
https://catalog.ucsd.edu/courses/DSC.html#dsc256r,published snapshot FA24 | published snapshot FA25 | published snapshot FA26
https://catalog.ucsd.edu/courses/DSC.html#dsc257r,published snapshot FA24 | published snapshot FA25 | published snapshot FA26
https://catalog.ucsd.edu/courses/DSC.html#dsc258r,published snapshot SP25 | published snapshot SP26
https://catalog.ucsd.edu/courses/DSC.html#dsc259r,published snapshot WI26
https://catalog.ucsd.edu/courses/DSC.html#dsc260,published snapshot FA24 | published snapshot SP26
https://catalog.ucsd.edu/courses/DSC.html#dsc261,published snapshot FA24 | published snapshot FA25 | published snapshot FA26
https://catalog.ucsd.edu/courses/DSC.html#dsc266r,published snapshot WI25 | published snapshot WI26
https://catalog.ucsd.edu/courses/DSC.html#dsc267r,published snapshot SP25 | published snapshot SP26
https://catalog.ucsd.edu/courses/DSC.html#dsc270,published snapshot SP26
https://catalog.ucsd.edu/courses/DSC.html#dsc288r,published snapshot SP26 | published snapshot WI25 | published snapshot WI26
https://catalog.ucsd.edu/courses/DSC.html#dsc291,published snapshot FA24 | published snapshot FA25 | published snapshot FA26 | published snapshot SP25 | published snapshot SP26 | published snapshot WI25 | published snapshot WI26
https://catalog.ucsd.edu/courses/DSC.html#dsc293,published snapshot FA24 | published snapshot FA25 | published snapshot FA26 | published snapshot SP25 | published snapshot SP26 | published snapshot WI25 | published snapshot WI26
https://catalog.ucsd.edu/courses/DSC.html#dsc294,published snapshot FA24 | published snapshot FA25 | published snapshot SP25 | published snapshot SP26 | published snapshot WI25 | published snapshot WI26
https://catalog.ucsd.edu/courses/DSC.html#dsc295,published snapshot FA25 | published snapshot FA26
https://catalog.ucsd.edu/courses/DSC.html#dsc297,published snapshot FA24 | published snapshot FA25 | published snapshot S126 | published snapshot S226 | published snapshot S324 | published snapshot S325 | published snapshot S326 | published snapshot SP25 | published snapshot SP26 | published snapshot WI25 | published snapshot WI26
https://catalog.ucsd.edu/courses/DSC.html#dsc299,published snapshot FA24 | published snapshot FA25 | published snapshot FA26 | published snapshot S125 | published snapshot S225 | published snapshot SP25 | published snapshot SP26 | published snapshot WI25 | published snapshot WI26
https://catalog.ucsd.edu/courses/DSC.html#dsc30,published snapshot FA24 | published snapshot FA25 | published snapshot FA26 | published snapshot S224 | published snapshot S225 | published snapshot SP25 | published snapshot SP26 | published snapshot WI25 | published snapshot WI26
https://catalog.ucsd.edu/courses/DSC.html#dsc30r,published snapshot S226
https://catalog.ucsd.edu/courses/DSC.html#dsc40a,published snapshot FA24 | published snapshot FA25 | published snapshot FA26 | published snapshot S125 | published snapshot S224 | published snapshot S225 | published snapshot SP25 | published snapshot SP26 | published snapshot WI25 | published snapshot WI26
https://catalog.ucsd.edu/courses/DSC.html#dsc40b,05-pipeline-and-schema/tools/catalog-snapshot/generalCatalog.test.ts | published snapshot FA24 | published snapshot FA25 | published snapshot FA26 | published snapshot S224 | published snapshot S225 | published snapshot SP25 | published snapshot SP26 | published snapshot WI25 | published snapshot WI26
https://catalog.ucsd.edu/courses/DSC.html#dsc40r,05-pipeline-and-schema/tools/catalog-snapshot/generalCatalog.test.ts | published snapshot S126 | published snapshot S226
https://catalog.ucsd.edu/courses/DSC.html#dsc500,published snapshot FA24 | published snapshot FA25 | published snapshot FA26 | published snapshot SP25 | published snapshot SP26 | published snapshot WI25 | published snapshot WI26
https://catalog.ucsd.edu/courses/DSC.html#dsc599,published snapshot FA24 | published snapshot FA25 | published snapshot FA26 | published snapshot SP25 | published snapshot SP26 | published snapshot WI25 | published snapshot WI26
https://catalog.ucsd.edu/courses/DSC.html#dsc80,05-pipeline-and-schema/tools/catalog-snapshot/generalCatalog.test.ts | published snapshot FA24 | published snapshot FA25 | published snapshot FA26 | published snapshot S224 | published snapshot S225 | published snapshot SP25 | published snapshot SP26 | published snapshot WI25 | published snapshot WI26
https://catalog.ucsd.edu/courses/DSC.html#dsc80r,05-pipeline-and-schema/tools/catalog-snapshot/generalCatalog.test.ts | published snapshot S226
https://catalog.ucsd.edu/courses/DSC.html#dsc90,published snapshot FA24 | published snapshot WI26
https://catalog.ucsd.edu/courses/DSC.html#dsc95,published snapshot FA24 | published snapshot FA25 | published snapshot FA26 | published snapshot SP25 | published snapshot SP26 | published snapshot WI25 | published snapshot WI26
https://catalog.ucsd.edu/courses/DSC.html#dsc96,published snapshot WI25 | published snapshot WI26
https://catalog.ucsd.edu/courses/DSC.html#dsc99,published snapshot SP26 | published snapshot WI26
https://catalog.ucsd.edu/courses/DSGN.html#dsgn1,published snapshot FA24 | published snapshot FA25 | published snapshot FA26 | published snapshot S125 | published snapshot S126 | published snapshot SP25 | published snapshot WI25 | published snapshot WI26
https://catalog.ucsd.edu/courses/DSGN.html#dsgn100,published snapshot FA24 | published snapshot FA25 | published snapshot FA26 | published snapshot S125 | published snapshot S224 | published snapshot S226 | published snapshot SP25 | published snapshot SP26 | published snapshot WI25
https://catalog.ucsd.edu/courses/DSGN.html#dsgn118,published snapshot FA24 | published snapshot FA25
https://catalog.ucsd.edu/courses/DSGN.html#dsgn119,published snapshot FA25 | published snapshot FA26 | published snapshot SP25 | published snapshot SP26 | published snapshot WI25 | published snapshot WI26
https://catalog.ucsd.edu/courses/DSGN.html#dsgn160,published snapshot SP25
https://catalog.ucsd.edu/courses/DSGN.html#dsgn195,published snapshot FA24 | published snapshot SP25 | published snapshot WI25
https://catalog.ucsd.edu/courses/DSGN.html#dsgn198,published snapshot FA24
https://catalog.ucsd.edu/courses/DSGN.html#dsgn199,published snapshot FA24 | published snapshot FA25 | published snapshot SP25 | published snapshot SP26 | published snapshot WI26
https://catalog.ucsd.edu/courses/DSGN.html#dsgn2,published snapshot SP25
https://catalog.ucsd.edu/courses/DSGN.html#dsgn201,published snapshot FA24 | published snapshot FA25 | published snapshot FA26
https://catalog.ucsd.edu/courses/DSGN.html#dsgn219,published snapshot FA25 | published snapshot FA26 | published snapshot SP25 | published snapshot SP26 | published snapshot WI25 | published snapshot WI26
https://catalog.ucsd.edu/courses/DSGN.html#dsgn260,published snapshot SP25
https://catalog.ucsd.edu/courses/ECE.html,05-pipeline-and-schema/tools/catalog-snapshot/generalCatalog.test.ts | published snapshot SP25 | published snapshot SP26
https://catalog.ucsd.edu/courses/ECE.html#ece100,published snapshot FA24 | published snapshot FA25 | published snapshot S324 | published snapshot SP25 | published snapshot SP26
https://catalog.ucsd.edu/courses/ECE.html#ece101,published snapshot FA24 | published snapshot FA25 | published snapshot FA26 | published snapshot S126 | published snapshot S224 | published snapshot SP25 | published snapshot SP26 | published snapshot WI25 | published snapshot WI26
https://catalog.ucsd.edu/courses/ECE.html#ece102,published snapshot FA24 | published snapshot FA25 | published snapshot FA26 | published snapshot WI25 | published snapshot WI26
https://catalog.ucsd.edu/courses/ECE.html#ece103,published snapshot FA24 | published snapshot FA25 | published snapshot FA26 | published snapshot SP25 | published snapshot SP26 | published snapshot WI25 | published snapshot WI26
https://catalog.ucsd.edu/courses/ECE.html#ece107,published snapshot FA24 | published snapshot FA25 | published snapshot FA26 | published snapshot SP26 | published snapshot WI25
https://catalog.ucsd.edu/courses/ECE.html#ece108,published snapshot FA24 | published snapshot FA25 | published snapshot FA26 | published snapshot SP25 | published snapshot SP26
https://catalog.ucsd.edu/courses/ECE.html#ece109,published snapshot FA24 | published snapshot FA25 | published snapshot FA26 | published snapshot S325 | published snapshot SP25 | published snapshot SP26 | published snapshot WI25 | published snapshot WI26
https://catalog.ucsd.edu/courses/ECE.html#ece111,published snapshot FA24 | published snapshot FA25 | published snapshot FA26 | published snapshot S324 | published snapshot S325 | published snapshot S326 | published snapshot SP25 | published snapshot SP26 | published snapshot WI25 | published snapshot WI26
https://catalog.ucsd.edu/courses/ECE.html#ece115,published snapshot SP25 | published snapshot SP26 | published snapshot WI25 | published snapshot WI26
https://catalog.ucsd.edu/courses/ECE.html#ece116,published snapshot FA26
https://catalog.ucsd.edu/courses/ECE.html#ece121a,published snapshot FA24 | published snapshot FA25 | published snapshot FA26
https://catalog.ucsd.edu/courses/ECE.html#ece121b,published snapshot WI25 | published snapshot WI26
https://catalog.ucsd.edu/courses/ECE.html#ece123,published snapshot SP25 | published snapshot SP26
https://catalog.ucsd.edu/courses/ECE.html#ece125a,published snapshot WI25 | published snapshot WI26
https://catalog.ucsd.edu/courses/ECE.html#ece125b,published snapshot SP25 | published snapshot SP26
https://catalog.ucsd.edu/courses/ECE.html#ece128a,published snapshot FA24 | published snapshot FA25 | published snapshot FA26
https://catalog.ucsd.edu/courses/ECE.html#ece128b,published snapshot WI25 | published snapshot WI26
https://catalog.ucsd.edu/courses/ECE.html#ece134,published snapshot SP25 | published snapshot SP26
https://catalog.ucsd.edu/courses/ECE.html#ece135a,published snapshot FA24 | published snapshot FA25 | published snapshot FA26
https://catalog.ucsd.edu/courses/ECE.html#ece135b,published snapshot WI25 | published snapshot WI26
https://catalog.ucsd.edu/courses/ECE.html#ece136l,published snapshot SP25 | published snapshot SP26
https://catalog.ucsd.edu/courses/ECE.html#ece139,published snapshot SP25 | published snapshot SP26
https://catalog.ucsd.edu/courses/ECE.html#ece140a,published snapshot WI25 | published snapshot WI26
https://catalog.ucsd.edu/courses/ECE.html#ece140b,published snapshot SP25 | published snapshot SP26
https://catalog.ucsd.edu/courses/ECE.html#ece141a,published snapshot WI25 | published snapshot WI26
https://catalog.ucsd.edu/courses/ECE.html#ece141b,published snapshot SP25 | published snapshot SP26
https://catalog.ucsd.edu/courses/ECE.html#ece143,published snapshot FA24 | published snapshot FA25 | published snapshot WI25 | published snapshot WI26
https://catalog.ucsd.edu/courses/ECE.html#ece148,published snapshot FA24 | published snapshot FA25 | published snapshot FA26 | published snapshot S224 | published snapshot S225 | published snapshot S226 | published snapshot SP25 | published snapshot SP26 | published snapshot WI25 | published snapshot WI26
https://catalog.ucsd.edu/courses/ECE.html#ece15,published snapshot FA24 | published snapshot FA25 | published snapshot FA26 | published snapshot S125 | published snapshot S126 | published snapshot SP25 | published snapshot SP26 | published snapshot WI25 | published snapshot WI26
https://catalog.ucsd.edu/courses/ECE.html#ece153,published snapshot SP25 | published snapshot SP26
https://catalog.ucsd.edu/courses/ECE.html#ece155,published snapshot FA24 | published snapshot FA25 | published snapshot FA26
https://catalog.ucsd.edu/courses/ECE.html#ece157a,published snapshot SP25 | published snapshot SP26
https://catalog.ucsd.edu/courses/ECE.html#ece157b,published snapshot SP26
https://catalog.ucsd.edu/courses/ECE.html#ece158a,published snapshot FA24 | published snapshot FA25 | published snapshot FA26
https://catalog.ucsd.edu/courses/ECE.html#ece158b,published snapshot WI25 | published snapshot WI26
https://catalog.ucsd.edu/courses/ECE.html#ece16,published snapshot SP25 | published snapshot WI25 | published snapshot WI26
https://catalog.ucsd.edu/courses/ECE.html#ece161a,published snapshot FA24 | published snapshot FA25 | published snapshot FA26
https://catalog.ucsd.edu/courses/ECE.html#ece161b,published snapshot WI25 | published snapshot WI26
https://catalog.ucsd.edu/courses/ECE.html#ece163,published snapshot SP26
https://catalog.ucsd.edu/courses/ECE.html#ece164,published snapshot FA24 | published snapshot FA25 | published snapshot FA26
https://catalog.ucsd.edu/courses/ECE.html#ece165,published snapshot SP25 | published snapshot SP26
https://catalog.ucsd.edu/courses/ECE.html#ece166,published snapshot FA24 | published snapshot FA25 | published snapshot FA26 | published snapshot SP26
https://catalog.ucsd.edu/courses/ECE.html#ece17,published snapshot FA24 | published snapshot FA25 | published snapshot FA26 | published snapshot S125 | published snapshot S126 | published snapshot SP25
https://catalog.ucsd.edu/courses/ECE.html#ece171a,published snapshot FA24 | published snapshot SP25 | published snapshot SP26
https://catalog.ucsd.edu/courses/ECE.html#ece171b,published snapshot FA24 | published snapshot FA25 | published snapshot FA26
https://catalog.ucsd.edu/courses/ECE.html#ece172a,published snapshot WI25
https://catalog.ucsd.edu/courses/ECE.html#ece174,published snapshot FA24 | published snapshot FA25 | published snapshot FA26
https://catalog.ucsd.edu/courses/ECE.html#ece175a,published snapshot WI25 | published snapshot WI26
https://catalog.ucsd.edu/courses/ECE.html#ece175b,published snapshot SP25 | published snapshot SP26
https://catalog.ucsd.edu/courses/ECE.html#ece176,published snapshot WI25 | published snapshot WI26
https://catalog.ucsd.edu/courses/ECE.html#ece18,published snapshot FA24 | published snapshot FA25 | published snapshot FA26 | published snapshot SP26
https://catalog.ucsd.edu/courses/ECE.html#ece180,published snapshot FA25 | published snapshot S126
https://catalog.ucsd.edu/courses/ECE.html#ece181,published snapshot FA26 | published snapshot WI25 | published snapshot WI26
https://catalog.ucsd.edu/courses/ECE.html#ece182,published snapshot FA24 | published snapshot FA25
https://catalog.ucsd.edu/courses/ECE.html#ece183,published snapshot SP25 | published snapshot SP26
https://catalog.ucsd.edu/courses/ECE.html#ece184,published snapshot WI25
https://catalog.ucsd.edu/courses/ECE.html#ece185,published snapshot SP25
https://catalog.ucsd.edu/courses/ECE.html#ece187,published snapshot WI26
https://catalog.ucsd.edu/courses/ECE.html#ece190,published snapshot FA24 | published snapshot SP25 | published snapshot SP26 | published snapshot WI26
https://catalog.ucsd.edu/courses/ECE.html#ece191,published snapshot FA26 | published snapshot WI25 | published snapshot WI26
https://catalog.ucsd.edu/courses/ECE.html#ece193h,published snapshot FA24 | published snapshot FA25 | published snapshot SP26 | published snapshot WI25 | published snapshot WI26
https://catalog.ucsd.edu/courses/ECE.html#ece196,published snapshot FA24 | published snapshot SP25 | published snapshot SP26
https://catalog.ucsd.edu/courses/ECE.html#ece197,published snapshot FA24 | published snapshot FA25 | published snapshot FA26 | published snapshot S225 | published snapshot S324 | published snapshot S325 | published snapshot S326 | published snapshot SP25 | published snapshot SP26 | published snapshot WI25 | published snapshot WI26
https://catalog.ucsd.edu/courses/ECE.html#ece198,published snapshot FA24 | published snapshot FA25 | published snapshot FA26 | published snapshot S125 | published snapshot SP25 | published snapshot SP26 | published snapshot WI25 | published snapshot WI26
https://catalog.ucsd.edu/courses/ECE.html#ece199,published snapshot FA24 | published snapshot FA25 | published snapshot FA26 | published snapshot S224 | published snapshot S324 | published snapshot S325 | published snapshot SP25 | published snapshot SP26 | published snapshot WI25 | published snapshot WI26
https://catalog.ucsd.edu/courses/ECE.html#ece200,published snapshot FA26
https://catalog.ucsd.edu/courses/ECE.html#ece201,published snapshot FA24 | published snapshot FA25 | published snapshot FA26
https://catalog.ucsd.edu/courses/ECE.html#ece202,published snapshot WI26
https://catalog.ucsd.edu/courses/ECE.html#ece203,published snapshot FA24 | published snapshot FA25 | published snapshot FA26
https://catalog.ucsd.edu/courses/ECE.html#ece204,published snapshot SP25
https://catalog.ucsd.edu/courses/ECE.html#ece207a,published snapshot FA24 | published snapshot FA25 | published snapshot FA26
https://catalog.ucsd.edu/courses/ECE.html#ece208,published snapshot SP25 | published snapshot SP26
https://catalog.ucsd.edu/courses/ECE.html#ece212an,published snapshot FA24 | published snapshot FA25 | published snapshot FA26
https://catalog.ucsd.edu/courses/ECE.html#ece212bn,published snapshot WI25 | published snapshot WI26
https://catalog.ucsd.edu/courses/ECE.html#ece212cn,published snapshot SP25 | published snapshot SP26
https://catalog.ucsd.edu/courses/ECE.html#ece213,published snapshot WI26
https://catalog.ucsd.edu/courses/ECE.html#ece222a,published snapshot FA24 | published snapshot FA25 | published snapshot FA26
https://catalog.ucsd.edu/courses/ECE.html#ece222b,published snapshot WI25 | published snapshot WI26
https://catalog.ucsd.edu/courses/ECE.html#ece222c,published snapshot SP26
https://catalog.ucsd.edu/courses/ECE.html#ece222d,published snapshot SP25
https://catalog.ucsd.edu/courses/ECE.html#ece225a,published snapshot FA24 | published snapshot FA25 | published snapshot FA26
https://catalog.ucsd.edu/courses/ECE.html#ece226,published snapshot FA26 | published snapshot WI25 | published snapshot WI26
https://catalog.ucsd.edu/courses/ECE.html#ece227,published snapshot SP25 | published snapshot WI26
https://catalog.ucsd.edu/courses/ECE.html#ece228,published snapshot SP25 | published snapshot SP26
https://catalog.ucsd.edu/courses/ECE.html#ece230a,published snapshot FA24 | published snapshot FA25 | published snapshot FA26
https://catalog.ucsd.edu/courses/ECE.html#ece230b,published snapshot SP26 | published snapshot WI25
https://catalog.ucsd.edu/courses/ECE.html#ece230c,published snapshot SP26
https://catalog.ucsd.edu/courses/ECE.html#ece236a,published snapshot FA24 | published snapshot FA26
https://catalog.ucsd.edu/courses/ECE.html#ece236b,published snapshot SP25
https://catalog.ucsd.edu/courses/ECE.html#ece238a,published snapshot FA25 | published snapshot FA26 | published snapshot WI25
https://catalog.ucsd.edu/courses/ECE.html#ece238b,published snapshot SP25 | published snapshot SP26
https://catalog.ucsd.edu/courses/ECE.html#ece240a,published snapshot FA24 | published snapshot FA25 | published snapshot FA26
https://catalog.ucsd.edu/courses/ECE.html#ece240b,published snapshot WI25 | published snapshot WI26
https://catalog.ucsd.edu/courses/ECE.html#ece240c,published snapshot SP25 | published snapshot SP26
https://catalog.ucsd.edu/courses/ECE.html#ece241a,published snapshot FA26 | published snapshot SP25
https://catalog.ucsd.edu/courses/ECE.html#ece241b,published snapshot FA24
https://catalog.ucsd.edu/courses/ECE.html#ece244a,published snapshot SP26
https://catalog.ucsd.edu/courses/ECE.html#ece247a,published snapshot FA24 | published snapshot FA25 | published snapshot FA26
https://catalog.ucsd.edu/courses/ECE.html#ece247b,published snapshot FA25 | published snapshot WI25 | published snapshot WI26
https://catalog.ucsd.edu/courses/ECE.html#ece247c,published snapshot SP26
https://catalog.ucsd.edu/courses/ECE.html#ece25,published snapshot FA24 | published snapshot FA25 | published snapshot FA26 | published snapshot SP25 | published snapshot SP26 | published snapshot WI25 | published snapshot WI26
https://catalog.ucsd.edu/courses/ECE.html#ece250,published snapshot FA24 | published snapshot FA25 | published snapshot FA26 | published snapshot WI25 | published snapshot WI26
https://catalog.ucsd.edu/courses/ECE.html#ece251a,published snapshot SP26 | published snapshot WI25
https://catalog.ucsd.edu/courses/ECE.html#ece251b,published snapshot SP25 | published snapshot SP26
https://catalog.ucsd.edu/courses/ECE.html#ece251c,published snapshot FA24 | published snapshot FA25 | published snapshot FA26
https://catalog.ucsd.edu/courses/ECE.html#ece253,published snapshot FA24 | published snapshot FA25 | published snapshot FA26
https://catalog.ucsd.edu/courses/ECE.html#ece255a,published snapshot FA24 | published snapshot FA25 | published snapshot FA26
https://catalog.ucsd.edu/courses/ECE.html#ece257a,published snapshot FA24 | published snapshot FA25
https://catalog.ucsd.edu/courses/ECE.html#ece257b,published snapshot WI25 | published snapshot WI26
https://catalog.ucsd.edu/courses/ECE.html#ece258a,published snapshot FA25 | published snapshot FA26 | published snapshot WI25
https://catalog.ucsd.edu/courses/ECE.html#ece258b,published snapshot SP25 | published snapshot WI26
https://catalog.ucsd.edu/courses/ECE.html#ece259c,published snapshot FA26 | published snapshot SP26
https://catalog.ucsd.edu/courses/ECE.html#ece260a,published snapshot FA24 | published snapshot FA25 | published snapshot FA26
https://catalog.ucsd.edu/courses/ECE.html#ece260b,published snapshot WI25 | published snapshot WI26
https://catalog.ucsd.edu/courses/ECE.html#ece260c,published snapshot SP25 | published snapshot SP26
https://catalog.ucsd.edu/courses/ECE.html#ece264a,published snapshot WI25 | published snapshot WI26
https://catalog.ucsd.edu/courses/ECE.html#ece264b,published snapshot SP25 | published snapshot SP26
https://catalog.ucsd.edu/courses/ECE.html#ece264c,published snapshot FA24 | published snapshot FA25 | published snapshot FA26
https://catalog.ucsd.edu/courses/ECE.html#ece265a,published snapshot WI25 | published snapshot WI26
https://catalog.ucsd.edu/courses/ECE.html#ece265b,published snapshot SP25 | published snapshot SP26
https://catalog.ucsd.edu/courses/ECE.html#ece265c,published snapshot FA24 | published snapshot FA25 | published snapshot FA26
https://catalog.ucsd.edu/courses/ECE.html#ece265d,published snapshot WI25 | published snapshot WI26
https://catalog.ucsd.edu/courses/ECE.html#ece266a,published snapshot SP26
https://catalog.ucsd.edu/courses/ECE.html#ece266b,published snapshot FA25 | published snapshot FA26
https://catalog.ucsd.edu/courses/ECE.html#ece268,published snapshot SP25 | published snapshot SP26
https://catalog.ucsd.edu/courses/ECE.html#ece269,published snapshot WI25 | published snapshot WI26
https://catalog.ucsd.edu/courses/ECE.html#ece271a,published snapshot FA24 | published snapshot FA25 | published snapshot FA26
https://catalog.ucsd.edu/courses/ECE.html#ece271b,published snapshot WI25 | published snapshot WI26
https://catalog.ucsd.edu/courses/ECE.html#ece272a,published snapshot SP25 | published snapshot SP26
https://catalog.ucsd.edu/courses/ECE.html#ece272b,published snapshot FA24
https://catalog.ucsd.edu/courses/ECE.html#ece273,published snapshot SP25 | published snapshot SP26
https://catalog.ucsd.edu/courses/ECE.html#ece275a,published snapshot SP25
https://catalog.ucsd.edu/courses/ECE.html#ece276a,published snapshot WI25 | published snapshot WI26
https://catalog.ucsd.edu/courses/ECE.html#ece276b,published snapshot SP25 | published snapshot SP26
https://catalog.ucsd.edu/courses/ECE.html#ece276c,published snapshot FA24 | published snapshot FA25 | published snapshot FA26
https://catalog.ucsd.edu/courses/ECE.html#ece277,published snapshot FA24 | published snapshot WI25
https://catalog.ucsd.edu/courses/ECE.html#ece283,published snapshot FA24 | published snapshot FA25 | published snapshot WI25 | published snapshot WI26
https://catalog.ucsd.edu/courses/ECE.html#ece284,published snapshot FA24 | published snapshot FA25 | published snapshot FA26 | published snapshot SP25 | published snapshot SP26
https://catalog.ucsd.edu/courses/ECE.html#ece285,published snapshot FA24 | published snapshot FA25 | published snapshot FA26 | published snapshot SP25 | published snapshot WI25 | published snapshot WI26
https://catalog.ucsd.edu/courses/ECE.html#ece286,published snapshot WI25
https://catalog.ucsd.edu/courses/ECE.html#ece287,published snapshot FA26 | published snapshot SP25 | published snapshot WI26
https://catalog.ucsd.edu/courses/ECE.html#ece290,published snapshot FA24 | published snapshot FA25 | published snapshot SP25 | published snapshot SP26 | published snapshot WI25 | published snapshot WI26
https://catalog.ucsd.edu/courses/ECE.html#ece298,published snapshot FA24 | published snapshot FA25 | published snapshot FA26 | published snapshot S324 | published snapshot S325 | published snapshot S326 | published snapshot SP25 | published snapshot SP26 | published snapshot WI25 | published snapshot WI26
https://catalog.ucsd.edu/courses/ECE.html#ece299,published snapshot FA24 | published snapshot FA25 | published snapshot FA26 | published snapshot S126 | published snapshot S225 | published snapshot S226 | published snapshot S324 | published snapshot S325 | published snapshot S326 | published snapshot SP25 | published snapshot SP26 | published snapshot WI25 | published snapshot WI26
https://catalog.ucsd.edu/courses/ECE.html#ece30,published snapshot FA24 | published snapshot FA25 | published snapshot FA26 | published snapshot SP25 | published snapshot SP26
https://catalog.ucsd.edu/courses/ECE.html#ece35,published snapshot FA24 | published snapshot FA25 | published snapshot FA26 | published snapshot SP25 | published snapshot SP26 | published snapshot WI25 | published snapshot WI26
https://catalog.ucsd.edu/courses/ECE.html#ece45,published snapshot FA24 | published snapshot FA25 | published snapshot FA26 | published snapshot S126 | published snapshot S324 | published snapshot S325 | published snapshot SP25 | published snapshot SP26 | published snapshot WI25 | published snapshot WI26
https://catalog.ucsd.edu/courses/ECE.html#ece5,published snapshot FA24 | published snapshot FA25 | published snapshot FA26 | published snapshot S224 | published snapshot S225 | published snapshot S226 | published snapshot SP25 | published snapshot SP26 | published snapshot WI25
https://catalog.ucsd.edu/courses/ECE.html#ece501,published snapshot FA24 | published snapshot FA25 | published snapshot FA26 | published snapshot SP25 | published snapshot SP26 | published snapshot WI25 | published snapshot WI26
https://catalog.ucsd.edu/courses/ECE.html#ece65,published snapshot FA24 | published snapshot FA25 | published snapshot FA26 | published snapshot S125 | published snapshot S126 | published snapshot SP25 | published snapshot SP26 | published snapshot WI25 | published snapshot WI26
https://catalog.ucsd.edu/courses/ECE.html#ece87,published snapshot FA24
https://catalog.ucsd.edu/courses/ECON.html,published snapshot FA24 | published snapshot FA25 | published snapshot FA26 | published snapshot SP25 | published snapshot SP26 | published snapshot WI25 | published snapshot WI26
https://catalog.ucsd.edu/courses/ECON.html#econ1,published snapshot FA24 | published snapshot FA25 | published snapshot FA26 | published snapshot S125 | published snapshot S126 | published snapshot S224 | published snapshot S225 | published snapshot S226 | published snapshot SP25 | published snapshot SP26 | published snapshot WI25 | published snapshot WI26
https://catalog.ucsd.edu/courses/ECON.html#econ100a,published snapshot FA24 | published snapshot FA25 | published snapshot FA26 | published snapshot S125 | published snapshot S126 | published snapshot S224 | published snapshot S225 | published snapshot SP25 | published snapshot SP26 | published snapshot WI25 | published snapshot WI26
https://catalog.ucsd.edu/courses/ECON.html#econ100ah,published snapshot SP25
https://catalog.ucsd.edu/courses/ECON.html#econ100b,published snapshot FA24 | published snapshot FA25 | published snapshot FA26 | published snapshot S125 | published snapshot S224 | published snapshot S225 | published snapshot S226 | published snapshot SP25 | published snapshot SP26 | published snapshot WI25 | published snapshot WI26
https://catalog.ucsd.edu/courses/ECON.html#econ100bh,published snapshot FA26 | published snapshot SP25 | published snapshot SP26
https://catalog.ucsd.edu/courses/ECON.html#econ100c,published snapshot FA25 | published snapshot FA26 | published snapshot S125 | published snapshot S224 | published snapshot S225 | published snapshot SP25 | published snapshot SP26 | published snapshot WI25 | published snapshot WI26
https://catalog.ucsd.edu/courses/ECON.html#econ101,published snapshot SP25 | published snapshot SP26
https://catalog.ucsd.edu/courses/ECON.html#econ102,published snapshot FA26 | published snapshot WI25
https://catalog.ucsd.edu/courses/ECON.html#econ103,published snapshot FA26
https://catalog.ucsd.edu/courses/ECON.html#econ105,published snapshot S224 | published snapshot S225 | published snapshot WI25 | published snapshot WI26
https://catalog.ucsd.edu/courses/ECON.html#econ109,published snapshot FA25 | published snapshot S125 | published snapshot S224 | published snapshot S225 | published snapshot S226 | published snapshot WI25
https://catalog.ucsd.edu/courses/ECON.html#econ109t,published snapshot FA25 | published snapshot SP25 | published snapshot SP26 | published snapshot WI25 | published snapshot WI26
https://catalog.ucsd.edu/courses/ECON.html#econ110a,published snapshot FA24 | published snapshot FA25 | published snapshot FA26 | published snapshot S225 | published snapshot S226 | published snapshot SP25 | published snapshot SP26 | published snapshot WI25 | published snapshot WI26
https://catalog.ucsd.edu/courses/ECON.html#econ110ah,published snapshot FA24 | published snapshot SP26
https://catalog.ucsd.edu/courses/ECON.html#econ110b,published snapshot FA24 | published snapshot FA25 | published snapshot FA26 | published snapshot S125 | published snapshot S126 | published snapshot S225 | published snapshot SP25 | published snapshot SP26 | published snapshot WI25 | published snapshot WI26
https://catalog.ucsd.edu/courses/ECON.html#econ110bh,published snapshot WI25 | published snapshot WI26
https://catalog.ucsd.edu/courses/ECON.html#econ112,published snapshot S224 | published snapshot S225 | published snapshot SP26
https://catalog.ucsd.edu/courses/ECON.html#econ116,published snapshot WI25 | published snapshot WI26
https://catalog.ucsd.edu/courses/ECON.html#econ120a,published snapshot FA24 | published snapshot FA25 | published snapshot FA26 | published snapshot S125 | published snapshot S126 | published snapshot S225 | published snapshot S226 | published snapshot SP25 | published snapshot SP26 | published snapshot WI25 | published snapshot WI26
https://catalog.ucsd.edu/courses/ECON.html#econ120b,published snapshot FA24 | published snapshot FA25 | published snapshot FA26 | published snapshot S125 | published snapshot S126 | published snapshot S224 | published snapshot SP25 | published snapshot SP26 | published snapshot WI25 | published snapshot WI26
https://catalog.ucsd.edu/courses/ECON.html#econ120bh,published snapshot WI25 | published snapshot WI26
https://catalog.ucsd.edu/courses/ECON.html#econ120c,published snapshot FA24 | published snapshot FA25 | published snapshot FA26 | published snapshot S225 | published snapshot S226 | published snapshot SP25 | published snapshot SP26 | published snapshot WI25 | published snapshot WI26
https://catalog.ucsd.edu/courses/ECON.html#econ121,published snapshot FA24 | published snapshot FA25 | published snapshot S125
https://catalog.ucsd.edu/courses/ECON.html#econ125,published snapshot SP25
https://catalog.ucsd.edu/courses/ECON.html#econ129,published snapshot FA24 | published snapshot FA25 | published snapshot S125 | published snapshot S126 | published snapshot SP25 | published snapshot SP26
https://catalog.ucsd.edu/courses/ECON.html#econ130,published snapshot FA24 | published snapshot FA25 | published snapshot FA26
https://catalog.ucsd.edu/courses/ECON.html#econ131,published snapshot FA24 | published snapshot FA25 | published snapshot FA26 | published snapshot S125
https://catalog.ucsd.edu/courses/ECON.html#econ132,published snapshot SP25 | published snapshot SP26
https://catalog.ucsd.edu/courses/ECON.html#econ132t,published snapshot SP25
https://catalog.ucsd.edu/courses/ECON.html#econ134,published snapshot SP25 | published snapshot SP26
https://catalog.ucsd.edu/courses/ECON.html#econ136,published snapshot SP26
https://catalog.ucsd.edu/courses/ECON.html#econ137,published snapshot SP25 | published snapshot WI26
https://catalog.ucsd.edu/courses/ECON.html#econ138,published snapshot S125 | published snapshot S225 | published snapshot S226 | published snapshot WI25 | published snapshot WI26
https://catalog.ucsd.edu/courses/ECON.html#econ139,published snapshot FA25
https://catalog.ucsd.edu/courses/ECON.html#econ140,published snapshot FA26 | published snapshot SP25 | published snapshot SP26
https://catalog.ucsd.edu/courses/ECON.html#econ141,published snapshot FA26 | published snapshot SP26
https://catalog.ucsd.edu/courses/ECON.html#econ142,published snapshot SP25 | published snapshot SP26
https://catalog.ucsd.edu/courses/ECON.html#econ144,published snapshot S224 | published snapshot S225
https://catalog.ucsd.edu/courses/ECON.html#econ145,published snapshot WI25 | published snapshot WI26
https://catalog.ucsd.edu/courses/ECON.html#econ147,published snapshot SP25
https://catalog.ucsd.edu/courses/ECON.html#econ149,published snapshot WI25 | published snapshot WI26
https://catalog.ucsd.edu/courses/ECON.html#econ151,published snapshot WI26
https://catalog.ucsd.edu/courses/ECON.html#econ152,published snapshot FA24 | published snapshot FA25
https://catalog.ucsd.edu/courses/ECON.html#econ159,published snapshot FA24 | published snapshot FA26
https://catalog.ucsd.edu/courses/ECON.html#econ164,published snapshot SP25 | published snapshot SP26
https://catalog.ucsd.edu/courses/ECON.html#econ168,published snapshot FA26 | published snapshot SP25 | published snapshot SP26
https://catalog.ucsd.edu/courses/ECON.html#econ171,published snapshot S225 | published snapshot WI26
https://catalog.ucsd.edu/courses/ECON.html#econ173b,published snapshot SP25 | published snapshot SP26
https://catalog.ucsd.edu/courses/ECON.html#econ175,published snapshot S125 | published snapshot S126 | published snapshot S225 | published snapshot WI25 | published snapshot WI26
https://catalog.ucsd.edu/courses/ECON.html#econ178,published snapshot S325 | published snapshot WI25 | published snapshot WI26
https://catalog.ucsd.edu/courses/ECON.html#econ181,published snapshot FA25 | published snapshot FA26 | published snapshot WI25
https://catalog.ucsd.edu/courses/ECON.html#econ182,published snapshot FA26 | published snapshot SP26 | published snapshot WI26
https://catalog.ucsd.edu/courses/ECON.html#econ183,published snapshot S224
https://catalog.ucsd.edu/courses/ECON.html#econ184,published snapshot WI26
https://catalog.ucsd.edu/courses/ECON.html#econ185,published snapshot SP26 | published snapshot WI25 | published snapshot WI26
https://catalog.ucsd.edu/courses/ECON.html#econ186,published snapshot FA24 | published snapshot FA25 | published snapshot FA26 | published snapshot SP25 | published snapshot SP26 | published snapshot WI25 | published snapshot WI26
https://catalog.ucsd.edu/courses/ECON.html#econ190,published snapshot S225 | published snapshot WI25 | published snapshot WI26
https://catalog.ucsd.edu/courses/ECON.html#econ191a,published snapshot FA26 | published snapshot SP25 | published snapshot SP26
https://catalog.ucsd.edu/courses/ECON.html#econ191b,published snapshot FA24 | published snapshot FA25 | published snapshot FA26
https://catalog.ucsd.edu/courses/ECON.html#econ195p,published snapshot FA25 | published snapshot FA26 | published snapshot SP26 | published snapshot WI26
https://catalog.ucsd.edu/courses/ECON.html#econ198,published snapshot FA25
https://catalog.ucsd.edu/courses/ECON.html#econ199,published snapshot FA24 | published snapshot FA25 | published snapshot S325 | published snapshot SP25 | published snapshot SP26 | published snapshot WI25
https://catalog.ucsd.edu/courses/ECON.html#econ2,published snapshot FA24 | published snapshot FA25 | published snapshot FA26 | published snapshot S224 | published snapshot S225 | published snapshot SP25 | published snapshot SP26 | published snapshot WI25 | published snapshot WI26
https://catalog.ucsd.edu/courses/ECON.html#econ200a,published snapshot FA24 | published snapshot FA25 | published snapshot FA26
https://catalog.ucsd.edu/courses/ECON.html#econ200b,published snapshot WI25 | published snapshot WI26
https://catalog.ucsd.edu/courses/ECON.html#econ200c,published snapshot SP25 | published snapshot SP26
https://catalog.ucsd.edu/courses/ECON.html#econ204,published snapshot FA24 | published snapshot FA25
https://catalog.ucsd.edu/courses/ECON.html#econ205,published snapshot FA24 | published snapshot FA25 | published snapshot FA26
https://catalog.ucsd.edu/courses/ECON.html#econ208,published snapshot FA25 | published snapshot WI25
https://catalog.ucsd.edu/courses/ECON.html#econ210a,published snapshot FA24 | published snapshot FA25 | published snapshot FA26
https://catalog.ucsd.edu/courses/ECON.html#econ210b,published snapshot WI25 | published snapshot WI26
https://catalog.ucsd.edu/courses/ECON.html#econ210c,published snapshot SP25 | published snapshot SP26
https://catalog.ucsd.edu/courses/ECON.html#econ220a,published snapshot FA24 | published snapshot FA25 | published snapshot FA26
https://catalog.ucsd.edu/courses/ECON.html#econ220b,published snapshot WI25 | published snapshot WI26
https://catalog.ucsd.edu/courses/ECON.html#econ220c,published snapshot SP25 | published snapshot SP26
https://catalog.ucsd.edu/courses/ECON.html#econ220d,published snapshot FA24 | published snapshot FA25 | published snapshot FA26
https://catalog.ucsd.edu/courses/ECON.html#econ220e,published snapshot WI25 | published snapshot WI26
https://catalog.ucsd.edu/courses/ECON.html#econ220f,published snapshot SP25 | published snapshot SP26
https://catalog.ucsd.edu/courses/ECON.html#econ221,published snapshot FA25 | published snapshot FA26 | published snapshot SP25
https://catalog.ucsd.edu/courses/ECON.html#econ231,published snapshot WI25
https://catalog.ucsd.edu/courses/ECON.html#econ232,published snapshot FA24 | published snapshot FA25
https://catalog.ucsd.edu/courses/ECON.html#econ233,published snapshot SP26
https://catalog.ucsd.edu/courses/ECON.html#econ237,published snapshot WI25 | published snapshot WI26
https://catalog.ucsd.edu/courses/ECON.html#econ241,published snapshot SP25 | published snapshot SP26
https://catalog.ucsd.edu/courses/ECON.html#econ242,published snapshot FA24 | published snapshot FA25 | published snapshot FA26
https://catalog.ucsd.edu/courses/ECON.html#econ243,published snapshot SP25 | published snapshot WI26
https://catalog.ucsd.edu/courses/ECON.html#econ246,published snapshot WI26
https://catalog.ucsd.edu/courses/ECON.html#econ248,published snapshot SP25 | published snapshot SP26
https://catalog.ucsd.edu/courses/ECON.html#econ250a,published snapshot FA24 | published snapshot FA25 | published snapshot FA26
https://catalog.ucsd.edu/courses/ECON.html#econ250b,published snapshot WI25 | published snapshot WI26
https://catalog.ucsd.edu/courses/ECON.html#econ250c,published snapshot SP25 | published snapshot SP26
https://catalog.ucsd.edu/courses/ECON.html#econ262,published snapshot FA24 | published snapshot FA25
https://catalog.ucsd.edu/courses/ECON.html#econ263,published snapshot FA26
https://catalog.ucsd.edu/courses/ECON.html#econ264,published snapshot WI26
https://catalog.ucsd.edu/courses/ECON.html#econ266,published snapshot FA24 | published snapshot FA26
https://catalog.ucsd.edu/courses/ECON.html#econ268,published snapshot FA25
https://catalog.ucsd.edu/courses/ECON.html#econ280,published snapshot FA24 | published snapshot FA25
https://catalog.ucsd.edu/courses/ECON.html#econ281,published snapshot FA24 | published snapshot FA25 | published snapshot FA26 | published snapshot SP25
https://catalog.ucsd.edu/courses/ECON.html#econ284,published snapshot WI25 | published snapshot WI26
https://catalog.ucsd.edu/courses/ECON.html#econ285,published snapshot FA24 | published snapshot FA25 | published snapshot FA26 | published snapshot SP25 | published snapshot SP26
https://catalog.ucsd.edu/courses/ECON.html#econ291,published snapshot FA24 | published snapshot FA25 | published snapshot SP25 | published snapshot SP26 | published snapshot WI25 | published snapshot WI26
https://catalog.ucsd.edu/courses/ECON.html#econ296,published snapshot FA24 | published snapshot FA25 | published snapshot FA26 | published snapshot SP25 | published snapshot SP26
https://catalog.ucsd.edu/courses/ECON.html#econ297,published snapshot FA24 | published snapshot FA25 | published snapshot SP25 | published snapshot SP26 | published snapshot WI25 | published snapshot WI26
https://catalog.ucsd.edu/courses/ECON.html#econ299,published snapshot FA24 | published snapshot FA25 | published snapshot FA26 | published snapshot SP25 | published snapshot SP26 | published snapshot WI25 | published snapshot WI26
https://catalog.ucsd.edu/courses/ECON.html#econ3,published snapshot FA24 | published snapshot FA25 | published snapshot FA26 | published snapshot S125 | published snapshot S126 | published snapshot S224 | published snapshot S225 | published snapshot SP25 | published snapshot SP26 | published snapshot WI25 | published snapshot WI26
https://catalog.ucsd.edu/courses/ECON.html#econ4,published snapshot FA24 | published snapshot FA25 | published snapshot FA26 | published snapshot S224 | published snapshot S225 | published snapshot SP25 | published snapshot SP26 | published snapshot WI25 | published snapshot WI26
https://catalog.ucsd.edu/courses/ECON.html#econ5,published snapshot FA24 | published snapshot FA25 | published snapshot FA26 | published snapshot S125 | published snapshot S126 | published snapshot S225 | published snapshot S226 | published snapshot SP25 | published snapshot SP26 | published snapshot WI25 | published snapshot WI26
https://catalog.ucsd.edu/courses/ECON.html#econ500a,published snapshot FA24 | published snapshot FA25 | published snapshot FA26
https://catalog.ucsd.edu/courses/ECON.html#econ500b,published snapshot WI25 | published snapshot WI26
https://catalog.ucsd.edu/courses/ECON.html#econ500c,published snapshot SP25 | published snapshot SP26
https://catalog.ucsd.edu/courses/ECON.html#econ86,published snapshot FA25 | published snapshot FA26 | published snapshot SP26 | published snapshot WI25
https://catalog.ucsd.edu/courses/EDS.html#eds102,published snapshot FA24 | published snapshot FA26 | published snapshot SP25 | published snapshot WI26
https://catalog.ucsd.edu/courses/EDS.html#eds103,published snapshot FA24 | published snapshot FA26 | published snapshot SP26 | published snapshot WI25
https://catalog.ucsd.edu/courses/EDS.html#eds107,published snapshot S224 | published snapshot SP26
https://catalog.ucsd.edu/courses/EDS.html#eds110r,published snapshot FA24 | published snapshot FA25 | published snapshot S125 | published snapshot S226
https://catalog.ucsd.edu/courses/EDS.html#eds111,published snapshot FA25 | published snapshot S224 | published snapshot WI25
https://catalog.ucsd.edu/courses/EDS.html#eds112,published snapshot FA25 | published snapshot FA26 | published snapshot S125 | published snapshot S126 | published snapshot S225 | published snapshot WI25 | published snapshot WI26
https://catalog.ucsd.edu/courses/EDS.html#eds113,published snapshot S125
https://catalog.ucsd.edu/courses/EDS.html#eds114,published snapshot FA24 | published snapshot FA25 | published snapshot FA26 | published snapshot SP25 | published snapshot WI25
https://catalog.ucsd.edu/courses/EDS.html#eds115,published snapshot FA24 | published snapshot FA25 | published snapshot FA26 | published snapshot S224 | published snapshot S225 | published snapshot S226 | published snapshot S324 | published snapshot S325 | published snapshot S326 | published snapshot SP25 | published snapshot WI25 | published snapshot WI26
https://catalog.ucsd.edu/courses/EDS.html#eds116,published snapshot S225
https://catalog.ucsd.edu/courses/EDS.html#eds117,published snapshot FA24 | published snapshot FA25 | published snapshot FA26 | published snapshot S125 | published snapshot S126 | published snapshot S224 | published snapshot S225 | published snapshot S226 | published snapshot S324 | published snapshot S325 | published snapshot S326 | published snapshot SP25 | published snapshot SP26 | published snapshot WI25 | published snapshot WI26
https://catalog.ucsd.edu/courses/EDS.html#eds118,published snapshot FA24 | published snapshot FA26 | published snapshot S125 | published snapshot S226 | published snapshot SP25 | published snapshot WI26
https://catalog.ucsd.edu/courses/EDS.html#eds119,published snapshot WI26
https://catalog.ucsd.edu/courses/EDS.html#eds122,published snapshot WI25 | published snapshot WI26
https://catalog.ucsd.edu/courses/EDS.html#eds123,published snapshot SP25 | published snapshot SP26
https://catalog.ucsd.edu/courses/EDS.html#eds124ar,published snapshot FA24 | published snapshot FA25 | published snapshot S125 | published snapshot S224 | published snapshot S225 | published snapshot S226 | published snapshot SP25 | published snapshot SP26 | published snapshot WI25 | published snapshot WI26
https://catalog.ucsd.edu/courses/EDS.html#eds124br,published snapshot FA24 | published snapshot FA25 | published snapshot FA26 | published snapshot S125 | published snapshot S126 | published snapshot S224 | published snapshot S225 | published snapshot S226 | published snapshot SP25 | published snapshot SP26 | published snapshot WI25 | published snapshot WI26
https://catalog.ucsd.edu/courses/EDS.html#eds125,published snapshot FA24 | published snapshot FA25 | published snapshot S125 | published snapshot S126 | published snapshot S224 | published snapshot S225 | published snapshot S324 | published snapshot S325 | published snapshot S326 | published snapshot SP25 | published snapshot SP26 | published snapshot WI25
https://catalog.ucsd.edu/courses/EDS.html#eds126,published snapshot FA26 | published snapshot S125 | published snapshot S126 | published snapshot S224 | published snapshot S225 | published snapshot SP25 | published snapshot SP26 | published snapshot WI25 | published snapshot WI26
https://catalog.ucsd.edu/courses/EDS.html#eds130,published snapshot FA24 | published snapshot FA25 | published snapshot FA26 | published snapshot SP25 | published snapshot SP26 | published snapshot WI25 | published snapshot WI26
https://catalog.ucsd.edu/courses/EDS.html#eds131,published snapshot FA24 | published snapshot FA25 | published snapshot FA26 | published snapshot WI25
https://catalog.ucsd.edu/courses/EDS.html#eds133,published snapshot FA25 | published snapshot SP25 | published snapshot SP26 | published snapshot WI25
https://catalog.ucsd.edu/courses/EDS.html#eds135,published snapshot S125
https://catalog.ucsd.edu/courses/EDS.html#eds136,published snapshot FA24 | published snapshot FA26 | published snapshot SP25
https://catalog.ucsd.edu/courses/EDS.html#eds139,published snapshot FA24 | published snapshot FA25 | published snapshot FA26 | published snapshot S324 | published snapshot S325 | published snapshot S326 | published snapshot SP25 | published snapshot SP26 | published snapshot WI25
https://catalog.ucsd.edu/courses/EDS.html#eds140,published snapshot WI25
https://catalog.ucsd.edu/courses/EDS.html#eds141,published snapshot SP25 | published snapshot SP26
https://catalog.ucsd.edu/courses/EDS.html#eds145,published snapshot SP25 | published snapshot SP26
https://catalog.ucsd.edu/courses/EDS.html#eds146,published snapshot WI25
https://catalog.ucsd.edu/courses/EDS.html#eds149,published snapshot FA24 | published snapshot FA25 | published snapshot FA26 | published snapshot WI25
https://catalog.ucsd.edu/courses/EDS.html#eds155,published snapshot FA24
https://catalog.ucsd.edu/courses/EDS.html#eds162,published snapshot WI25
https://catalog.ucsd.edu/courses/EDS.html#eds164r,published snapshot FA26 | published snapshot S225 | published snapshot SP25 | published snapshot SP26
https://catalog.ucsd.edu/courses/EDS.html#eds165,published snapshot SP25
https://catalog.ucsd.edu/courses/EDS.html#eds180,published snapshot FA24 | published snapshot SP25
https://catalog.ucsd.edu/courses/EDS.html#eds190,published snapshot FA24 | published snapshot FA25 | published snapshot SP25 | published snapshot SP26 | published snapshot WI25
https://catalog.ucsd.edu/courses/EDS.html#eds195,published snapshot FA24 | published snapshot FA25 | published snapshot FA26 | published snapshot SP25 | published snapshot SP26 | published snapshot WI25
https://catalog.ucsd.edu/courses/EDS.html#eds198,published snapshot FA26 | published snapshot SP26
https://catalog.ucsd.edu/courses/EDS.html#eds199,published snapshot FA24 | published snapshot S325 | published snapshot S326 | published snapshot SP25 | published snapshot SP26 | published snapshot WI25
https://catalog.ucsd.edu/courses/EDS.html#eds201,published snapshot FA24 | published snapshot FA25 | published snapshot FA26 | published snapshot S324 | published snapshot S325 | published snapshot S326
https://catalog.ucsd.edu/courses/EDS.html#eds203,published snapshot FA24 | published snapshot FA25 | published snapshot FA26 | published snapshot S324 | published snapshot S325 | published snapshot S326
https://catalog.ucsd.edu/courses/EDS.html#eds204r,published snapshot S324 | published snapshot S325 | published snapshot S326
https://catalog.ucsd.edu/courses/EDS.html#eds205a,published snapshot FA24 | published snapshot FA25 | published snapshot FA26 | published snapshot WI25
https://catalog.ucsd.edu/courses/EDS.html#eds205b,published snapshot SP25 | published snapshot SP26 | published snapshot WI25
https://catalog.ucsd.edu/courses/EDS.html#eds206r,published snapshot S324 | published snapshot S325 | published snapshot S326
https://catalog.ucsd.edu/courses/EDS.html#eds23,published snapshot WI25 | published snapshot WI26
https://catalog.ucsd.edu/courses/EDS.html#eds232,published snapshot FA24 | published snapshot WI25
https://catalog.ucsd.edu/courses/EDS.html#eds246,published snapshot FA24
https://catalog.ucsd.edu/courses/EDS.html#eds247,published snapshot SP26
https://catalog.ucsd.edu/courses/EDS.html#eds25,published snapshot S224 | published snapshot S225 | published snapshot S226
https://catalog.ucsd.edu/courses/EDS.html#eds250,published snapshot FA24 | published snapshot FA26 | published snapshot S324 | published snapshot S325 | published snapshot S326
https://catalog.ucsd.edu/courses/EDS.html#eds251,published snapshot FA24
https://catalog.ucsd.edu/courses/EDS.html#eds253,published snapshot FA26 | published snapshot SP25
https://catalog.ucsd.edu/courses/EDS.html#eds255,published snapshot SP26
https://catalog.ucsd.edu/courses/EDS.html#eds256,published snapshot FA26 | published snapshot WI25
https://catalog.ucsd.edu/courses/EDS.html#eds257,published snapshot SP26
https://catalog.ucsd.edu/courses/EDS.html#eds259a,published snapshot WI25
https://catalog.ucsd.edu/courses/EDS.html#eds259b,published snapshot WI25
https://catalog.ucsd.edu/courses/EDS.html#eds264,published snapshot WI25
https://catalog.ucsd.edu/courses/EDS.html#eds266,published snapshot SP25
https://catalog.ucsd.edu/courses/EDS.html#eds280,published snapshot WI25
https://catalog.ucsd.edu/courses/EDS.html#eds281,published snapshot S324 | published snapshot S325 | published snapshot S326
https://catalog.ucsd.edu/courses/EDS.html#eds282,published snapshot SP25 | published snapshot SP26
https://catalog.ucsd.edu/courses/EDS.html#eds283,published snapshot FA24 | published snapshot FA26
https://catalog.ucsd.edu/courses/EDS.html#eds284,published snapshot S324 | published snapshot S325 | published snapshot S326
https://catalog.ucsd.edu/courses/EDS.html#eds285,published snapshot FA24 | published snapshot FA26
https://catalog.ucsd.edu/courses/EDS.html#eds286,published snapshot FA26 | published snapshot S324 | published snapshot S325 | published snapshot S326
https://catalog.ucsd.edu/courses/EDS.html#eds287a,published snapshot WI25
https://catalog.ucsd.edu/courses/EDS.html#eds287b,published snapshot SP25 | published snapshot SP26
https://catalog.ucsd.edu/courses/EDS.html#eds287c,published snapshot WI25
https://catalog.ucsd.edu/courses/EDS.html#eds288a,published snapshot SP25 | published snapshot SP26
https://catalog.ucsd.edu/courses/EDS.html#eds288b,published snapshot SP25 | published snapshot WI25
https://catalog.ucsd.edu/courses/EDS.html#eds288c,published snapshot SP25 | published snapshot SP26
https://catalog.ucsd.edu/courses/EDS.html#eds289a,published snapshot WI25
https://catalog.ucsd.edu/courses/EDS.html#eds289b,published snapshot SP25 | published snapshot SP26
https://catalog.ucsd.edu/courses/EDS.html#eds289c,published snapshot S324 | published snapshot S325 | published snapshot S326
https://catalog.ucsd.edu/courses/EDS.html#eds289d,published snapshot FA26
https://catalog.ucsd.edu/courses/EDS.html#eds290,published snapshot S324 | published snapshot S325 | published snapshot S326 | published snapshot SP25
https://catalog.ucsd.edu/courses/EDS.html#eds291a,published snapshot WI25
https://catalog.ucsd.edu/courses/EDS.html#eds291b,published snapshot SP25 | published snapshot SP26
https://catalog.ucsd.edu/courses/EDS.html#eds292,published snapshot FA26
https://catalog.ucsd.edu/courses/EDS.html#eds293a,published snapshot WI25
https://catalog.ucsd.edu/courses/EDS.html#eds293b,published snapshot SP25 | published snapshot SP26
https://catalog.ucsd.edu/courses/EDS.html#eds294a,published snapshot WI25
https://catalog.ucsd.edu/courses/EDS.html#eds294b,published snapshot SP25 | published snapshot SP26
https://catalog.ucsd.edu/courses/EDS.html#eds296,published snapshot FA26 | published snapshot SP25 | published snapshot SP26 | published snapshot WI25
https://catalog.ucsd.edu/courses/EDS.html#eds298,published snapshot SP26
https://catalog.ucsd.edu/courses/EDS.html#eds299,published snapshot FA26 | published snapshot S225 | published snapshot S324 | published snapshot S325 | published snapshot S326 | published snapshot SP26 | published snapshot WI25
https://catalog.ucsd.edu/courses/EDS.html#eds31,published snapshot FA24 | published snapshot FA25 | published snapshot FA26 | published snapshot SP25 | published snapshot SP26
https://catalog.ucsd.edu/courses/EDS.html#eds324ar,published snapshot WI25
https://catalog.ucsd.edu/courses/EDS.html#eds324br,published snapshot WI25
https://catalog.ucsd.edu/courses/EDS.html#eds351,published snapshot FA26
https://catalog.ucsd.edu/courses/EDS.html#eds352a,published snapshot FA26
https://catalog.ucsd.edu/courses/EDS.html#eds352b,published snapshot WI25
https://catalog.ucsd.edu/courses/EDS.html#eds352c,published snapshot SP26
https://catalog.ucsd.edu/courses/EDS.html#eds355b,published snapshot WI25
https://catalog.ucsd.edu/courses/EDS.html#eds361a,published snapshot FA26
https://catalog.ucsd.edu/courses/EDS.html#eds361b,published snapshot WI25
https://catalog.ucsd.edu/courses/EDS.html#eds361c,published snapshot SP26
https://catalog.ucsd.edu/courses/EDS.html#eds368,published snapshot FA26 | published snapshot SP26 | published snapshot WI25
https://catalog.ucsd.edu/courses/EDS.html#eds369a,published snapshot FA26
https://catalog.ucsd.edu/courses/EDS.html#eds369b,published snapshot WI25
https://catalog.ucsd.edu/courses/EDS.html#eds369c,published snapshot SP26
https://catalog.ucsd.edu/courses/EDS.html#eds370a,published snapshot FA26
https://catalog.ucsd.edu/courses/EDS.html#eds370c,published snapshot SP26
https://catalog.ucsd.edu/courses/EDS.html#eds373,published snapshot S324 | published snapshot S325 | published snapshot S326
https://catalog.ucsd.edu/courses/EDS.html#eds374,published snapshot S324 | published snapshot S325 | published snapshot S326
https://catalog.ucsd.edu/courses/EDS.html#eds375,published snapshot S324 | published snapshot S325 | published snapshot S326
https://catalog.ucsd.edu/courses/EDS.html#eds376,published snapshot S324 | published snapshot S325 | published snapshot S326
https://catalog.ucsd.edu/courses/EDS.html#eds378,published snapshot FA26 | published snapshot SP26
https://catalog.ucsd.edu/courses/EDS.html#eds379a,published snapshot FA26
https://catalog.ucsd.edu/courses/EDS.html#eds379c,published snapshot SP26
https://catalog.ucsd.edu/courses/EDS.html#eds38,published snapshot FA26 | published snapshot S225 | published snapshot SP26
https://catalog.ucsd.edu/courses/EDS.html#eds380a,published snapshot FA26
https://catalog.ucsd.edu/courses/EDS.html#eds380c,published snapshot S224 | published snapshot SP26
https://catalog.ucsd.edu/courses/EDS.html#eds382,published snapshot SP26
https://catalog.ucsd.edu/courses/EDS.html#eds385,published snapshot S324 | published snapshot S325
https://catalog.ucsd.edu/courses/EDS.html#eds39,published snapshot SP25 | published snapshot WI25 | published snapshot WI26
https://catalog.ucsd.edu/courses/EDS.html#eds40,published snapshot S125
https://catalog.ucsd.edu/courses/EDS.html#eds88,published snapshot FA25 | published snapshot SP26
https://catalog.ucsd.edu/courses/ENG.html#eng10,published snapshot FA24 | published snapshot FA25 | published snapshot FA26 | published snapshot SP25 | published snapshot SP26 | published snapshot WI25 | published snapshot WI26
https://catalog.ucsd.edu/courses/ENG.html#eng100d,published snapshot FA24 | published snapshot FA25 | published snapshot SP25 | published snapshot SP26 | published snapshot WI25 | published snapshot WI26
https://catalog.ucsd.edu/courses/ENG.html#eng100l,published snapshot FA24 | published snapshot FA25 | published snapshot SP25 | published snapshot SP26 | published snapshot WI25 | published snapshot WI26
https://catalog.ucsd.edu/courses/ENG.html#eng15,published snapshot FA24 | published snapshot FA25 | published snapshot FA26 | published snapshot S224 | published snapshot S225 | published snapshot S226
https://catalog.ucsd.edu/courses/ENG.html#eng20,published snapshot FA24 | published snapshot FA26
https://catalog.ucsd.edu/courses/ENG.html#eng30,published snapshot S225 | published snapshot S226 | published snapshot SP25 | published snapshot SP26
https://catalog.ucsd.edu/courses/ENG.html#eng5,published snapshot FA24 | published snapshot FA25 | published snapshot FA26
https://catalog.ucsd.edu/courses/ENVR.html#envr102,published snapshot FA24 | published snapshot FA25 | published snapshot S225 | published snapshot SP25 | published snapshot SP26 | published snapshot WI25
https://catalog.ucsd.edu/courses/ENVR.html#envr110,published snapshot FA26
https://catalog.ucsd.edu/courses/ENVR.html#envr111,published snapshot FA24 | published snapshot WI26
https://catalog.ucsd.edu/courses/ENVR.html#envr120,published snapshot WI25 | published snapshot WI26
https://catalog.ucsd.edu/courses/ENVR.html#envr140,published snapshot SP25 | published snapshot SP26
https://catalog.ucsd.edu/courses/ENVR.html#envr141,published snapshot WI25 | published snapshot WI26
https://catalog.ucsd.edu/courses/ENVR.html#envr144,published snapshot SP26 | published snapshot WI25
https://catalog.ucsd.edu/courses/ENVR.html#envr150,published snapshot FA24
https://catalog.ucsd.edu/courses/ENVR.html#envr152,published snapshot WI25
https://catalog.ucsd.edu/courses/ENVR.html#envr30,published snapshot FA24 | published snapshot FA25 | published snapshot FA26
https://catalog.ucsd.edu/courses/ERC.html#erc196,published snapshot SP26 | published snapshot WI26
https://catalog.ucsd.edu/courses/ERC.html#erc20,published snapshot FA24 | published snapshot FA25 | published snapshot FA26 | published snapshot WI25 | published snapshot WI26
https://catalog.ucsd.edu/courses/ERC.html#erc88,published snapshot FA25 | published snapshot WI26
https://catalog.ucsd.edu/courses/ERC.html#erc92,published snapshot FA24 | published snapshot FA25 | published snapshot SP25 | published snapshot SP26 | published snapshot WI25 | published snapshot WI26
https://catalog.ucsd.edu/courses/ESYS.html#esys10,published snapshot WI25 | published snapshot WI26
https://catalog.ucsd.edu/courses/ESYS.html#esys101,published snapshot FA24 | published snapshot FA25 | published snapshot FA26
https://catalog.ucsd.edu/courses/ESYS.html#esys102,published snapshot WI25 | published snapshot WI26
https://catalog.ucsd.edu/courses/ESYS.html#esys103,published snapshot SP25 | published snapshot SP26
https://catalog.ucsd.edu/courses/ESYS.html#esys187a,published snapshot FA24 | published snapshot FA25 | published snapshot FA26
https://catalog.ucsd.edu/courses/ESYS.html#esys187b,published snapshot WI25 | published snapshot WI26
https://catalog.ucsd.edu/courses/ESYS.html#esys187c,published snapshot SP25 | published snapshot SP26
https://catalog.ucsd.edu/courses/ESYS.html#esys199,published snapshot SP25 | published snapshot SP26
https://catalog.ucsd.edu/courses/ESYS.html#esys90,published snapshot FA25 | published snapshot FA26
https://catalog.ucsd.edu/courses/ETHN.html,published snapshot FA24 | published snapshot FA25 | published snapshot FA26 | published snapshot S125 | published snapshot S126 | published snapshot S224 | published snapshot S225 | published snapshot SP25 | published snapshot SP26 | published snapshot WI25 | published snapshot WI26
https://catalog.ucsd.edu/courses/ETHN.html#ethn1,published snapshot FA25
https://catalog.ucsd.edu/courses/ETHN.html#ethn100a,published snapshot FA24 | published snapshot FA25 | published snapshot FA26
https://catalog.ucsd.edu/courses/ETHN.html#ethn100b,published snapshot WI25 | published snapshot WI26
https://catalog.ucsd.edu/courses/ETHN.html#ethn100c,published snapshot SP25 | published snapshot SP26
https://catalog.ucsd.edu/courses/ETHN.html#ethn100h,published snapshot WI25 | published snapshot WI26
https://catalog.ucsd.edu/courses/ETHN.html#ethn101,published snapshot FA25 | published snapshot SP25 | published snapshot SP26 | published snapshot WI25
https://catalog.ucsd.edu/courses/ETHN.html#ethn102,published snapshot SP26 | published snapshot WI25
https://catalog.ucsd.edu/courses/ETHN.html#ethn102a,published snapshot SP26
https://catalog.ucsd.edu/courses/ETHN.html#ethn103,published snapshot S125 | published snapshot WI26
https://catalog.ucsd.edu/courses/ETHN.html#ethn103a,published snapshot S125 | published snapshot S225 | published snapshot S226
https://catalog.ucsd.edu/courses/ETHN.html#ethn104,published snapshot S226 | published snapshot SP26
https://catalog.ucsd.edu/courses/ETHN.html#ethn108,published snapshot SP25
https://catalog.ucsd.edu/courses/ETHN.html#ethn109,published snapshot FA24 | published snapshot FA25 | published snapshot S125
https://catalog.ucsd.edu/courses/ETHN.html#ethn110,published snapshot FA25 | published snapshot FA26 | published snapshot S125 | published snapshot SP25
https://catalog.ucsd.edu/courses/ETHN.html#ethn112a,published snapshot FA24 | published snapshot WI26
https://catalog.ucsd.edu/courses/ETHN.html#ethn112b,published snapshot SP26 | published snapshot WI25
https://catalog.ucsd.edu/courses/ETHN.html#ethn112c,published snapshot SP25 | published snapshot WI26
https://catalog.ucsd.edu/courses/ETHN.html#ethn113,published snapshot FA24 | published snapshot S126 | published snapshot S225 | published snapshot WI26
https://catalog.ucsd.edu/courses/ETHN.html#ethn116,published snapshot FA25 | published snapshot FA26 | published snapshot S224 | published snapshot S225
https://catalog.ucsd.edu/courses/ETHN.html#ethn117,published snapshot FA24 | published snapshot S225
https://catalog.ucsd.edu/courses/ETHN.html#ethn118,published snapshot S225
https://catalog.ucsd.edu/courses/ETHN.html#ethn119,published snapshot FA26 | published snapshot S226 | published snapshot WI25 | published snapshot WI26
https://catalog.ucsd.edu/courses/ETHN.html#ethn120,published snapshot FA24 | published snapshot FA25
https://catalog.ucsd.edu/courses/ETHN.html#ethn121r,published snapshot S125 | published snapshot S126 | published snapshot SP25
https://catalog.ucsd.edu/courses/ETHN.html#ethn122,published snapshot FA26 | published snapshot WI25 | published snapshot WI26
https://catalog.ucsd.edu/courses/ETHN.html#ethn122a,published snapshot FA25 | published snapshot FA26 | published snapshot S125
https://catalog.ucsd.edu/courses/ETHN.html#ethn122b,published snapshot SP25
https://catalog.ucsd.edu/courses/ETHN.html#ethn123a,published snapshot SP25
https://catalog.ucsd.edu/courses/ETHN.html#ethn125r,published snapshot FA25 | published snapshot WI25
https://catalog.ucsd.edu/courses/ETHN.html#ethn126,published snapshot SP26
https://catalog.ucsd.edu/courses/ETHN.html#ethn127,published snapshot FA26 | published snapshot S225 | published snapshot SP25
https://catalog.ucsd.edu/courses/ETHN.html#ethn128,published snapshot FA24
https://catalog.ucsd.edu/courses/ETHN.html#ethn130,published snapshot FA25
https://catalog.ucsd.edu/courses/ETHN.html#ethn131,published snapshot SP26
https://catalog.ucsd.edu/courses/ETHN.html#ethn133,published snapshot FA26 | published snapshot WI25
https://catalog.ucsd.edu/courses/ETHN.html#ethn134,published snapshot WI25
https://catalog.ucsd.edu/courses/ETHN.html#ethn142,published snapshot S224 | published snapshot S225 | published snapshot S226 | published snapshot SP25
https://catalog.ucsd.edu/courses/ETHN.html#ethn143,published snapshot WI25
https://catalog.ucsd.edu/courses/ETHN.html#ethn144m,published snapshot FA24 | published snapshot SP26
https://catalog.ucsd.edu/courses/ETHN.html#ethn146a,published snapshot FA24 | published snapshot WI26
https://catalog.ucsd.edu/courses/ETHN.html#ethn147,published snapshot SP25
https://catalog.ucsd.edu/courses/ETHN.html#ethn150,published snapshot FA24 | published snapshot FA25 | published snapshot FA26
https://catalog.ucsd.edu/courses/ETHN.html#ethn152,published snapshot FA24 | published snapshot FA26 | published snapshot SP26
https://catalog.ucsd.edu/courses/ETHN.html#ethn155,published snapshot FA26 | published snapshot S226
https://catalog.ucsd.edu/courses/ETHN.html#ethn161,published snapshot FA24 | published snapshot FA25 | published snapshot FA26 | published snapshot S224 | published snapshot S225 | published snapshot WI26
https://catalog.ucsd.edu/courses/ETHN.html#ethn162a,published snapshot SP26
https://catalog.ucsd.edu/courses/ETHN.html#ethn163e,published snapshot FA24 | published snapshot WI26
https://catalog.ucsd.edu/courses/ETHN.html#ethn163f,published snapshot WI25
https://catalog.ucsd.edu/courses/ETHN.html#ethn163fr,published snapshot S126 | published snapshot S225 | published snapshot SP26
https://catalog.ucsd.edu/courses/ETHN.html#ethn163g,published snapshot FA24
https://catalog.ucsd.edu/courses/ETHN.html#ethn165,published snapshot WI25
https://catalog.ucsd.edu/courses/ETHN.html#ethn167,published snapshot WI26
https://catalog.ucsd.edu/courses/ETHN.html#ethn167a,published snapshot WI25
https://catalog.ucsd.edu/courses/ETHN.html#ethn168,published snapshot S125 | published snapshot S224 | published snapshot S226
https://catalog.ucsd.edu/courses/ETHN.html#ethn170b,published snapshot FA24
https://catalog.ucsd.edu/courses/ETHN.html#ethn171,published snapshot FA26 | published snapshot S125 | published snapshot SP25 | published snapshot SP26
https://catalog.ucsd.edu/courses/ETHN.html#ethn172,published snapshot SP25 | published snapshot WI26
https://catalog.ucsd.edu/courses/ETHN.html#ethn174,published snapshot FA25 | published snapshot FA26 | published snapshot SP25 | published snapshot SP26 | published snapshot WI25 | published snapshot WI26
https://catalog.ucsd.edu/courses/ETHN.html#ethn177,published snapshot S226 | published snapshot SP26
https://catalog.ucsd.edu/courses/ETHN.html#ethn179,published snapshot FA24 | published snapshot FA26 | published snapshot SP26 | published snapshot WI25 | published snapshot WI26
https://catalog.ucsd.edu/courses/ETHN.html#ethn182,published snapshot S224 | published snapshot SP25
https://catalog.ucsd.edu/courses/ETHN.html#ethn183,published snapshot S125 | published snapshot S126 | published snapshot S224 | published snapshot SP25 | published snapshot SP26
https://catalog.ucsd.edu/courses/ETHN.html#ethn185a,published snapshot WI26
https://catalog.ucsd.edu/courses/ETHN.html#ethn186,published snapshot FA25
https://catalog.ucsd.edu/courses/ETHN.html#ethn187,published snapshot FA25 | published snapshot S226 | published snapshot WI25
https://catalog.ucsd.edu/courses/ETHN.html#ethn189,published snapshot FA24 | published snapshot FA25 | published snapshot SP25 | published snapshot SP26
https://catalog.ucsd.edu/courses/ETHN.html#ethn196h,published snapshot SP25 | published snapshot SP26
https://catalog.ucsd.edu/courses/ETHN.html#ethn198,published snapshot WI25 | published snapshot WI26
https://catalog.ucsd.edu/courses/ETHN.html#ethn199,published snapshot S324
https://catalog.ucsd.edu/courses/ETHN.html#ethn1r,published snapshot FA24 | published snapshot FA26
https://catalog.ucsd.edu/courses/ETHN.html#ethn200a,published snapshot FA24 | published snapshot FA25 | published snapshot FA26
https://catalog.ucsd.edu/courses/ETHN.html#ethn200b,published snapshot WI25 | published snapshot WI26
https://catalog.ucsd.edu/courses/ETHN.html#ethn200c,published snapshot SP25 | published snapshot SP26
https://catalog.ucsd.edu/courses/ETHN.html#ethn20r,published snapshot FA24 | published snapshot FA25 | published snapshot FA26
https://catalog.ucsd.edu/courses/ETHN.html#ethn230,published snapshot FA24 | published snapshot FA25 | published snapshot FA26 | published snapshot SP25 | published snapshot SP26 | published snapshot WI25 | published snapshot WI26
https://catalog.ucsd.edu/courses/ETHN.html#ethn265,published snapshot FA24
https://catalog.ucsd.edu/courses/ETHN.html#ethn289,published snapshot FA25 | published snapshot WI26
https://catalog.ucsd.edu/courses/ETHN.html#ethn291,published snapshot SP25 | published snapshot SP26
https://catalog.ucsd.edu/courses/ETHN.html#ethn298,published snapshot FA24 | published snapshot FA25 | published snapshot FA26 | published snapshot SP25 | published snapshot SP26 | published snapshot WI25 | published snapshot WI26
https://catalog.ucsd.edu/courses/ETHN.html#ethn299,published snapshot FA24 | published snapshot FA25 | published snapshot FA26 | published snapshot SP25 | published snapshot SP26 | published snapshot WI25 | published snapshot WI26
https://catalog.ucsd.edu/courses/ETHN.html#ethn2r,published snapshot S125 | published snapshot S126 | published snapshot S224 | published snapshot WI25 | published snapshot WI26
https://catalog.ucsd.edu/courses/ETHN.html#ethn30,published snapshot SP25 | published snapshot WI26
https://catalog.ucsd.edu/courses/ETHN.html#ethn3r,published snapshot S226 | published snapshot SP25 | published snapshot SP26
https://catalog.ucsd.edu/courses/ETHN.html#ethn500,published snapshot FA24 | published snapshot FA25 | published snapshot FA26 | published snapshot SP25 | published snapshot SP26 | published snapshot WI25 | published snapshot WI26
https://catalog.ucsd.edu/courses/ETHN.html#ethn87,published snapshot FA26
https://catalog.ucsd.edu/courses/ETHN.html#ethn98,published snapshot FA25 | published snapshot SP26 | published snapshot WI26
https://catalog.ucsd.edu/courses/ETHN.html#ethn99,published snapshot SP25 | published snapshot WI25
https://catalog.ucsd.edu/courses/ETHN.html#ettim289,published snapshot FA24 | published snapshot FA25 | published snapshot FA26 | published snapshot SP25 | published snapshot SP26 | published snapshot WI25 | published snapshot WI26
https://catalog.ucsd.edu/courses/FMPH.html#fmph161,published snapshot S224
https://catalog.ucsd.edu/courses/FMPH.html#fmph199,published snapshot S324
https://catalog.ucsd.edu/courses/FMPH.html#fmph277,published snapshot WI25
https://catalog.ucsd.edu/courses/FMPH.html#fmph291,published snapshot FA24 | published snapshot FA25 | published snapshot SP25 | published snapshot WI25
https://catalog.ucsd.edu/courses/FMPH.html#fmph40,published snapshot S224
https://catalog.ucsd.edu/courses/FMPH.html#fmph400,published snapshot FA24
https://catalog.ucsd.edu/courses/FMPH.html#fmph401,published snapshot FA24
https://catalog.ucsd.edu/courses/FMPH.html#fmph402,published snapshot FA24
https://catalog.ucsd.edu/courses/FMPH.html#fmph403,published snapshot SP25
https://catalog.ucsd.edu/courses/FMPH.html#fmph404,published snapshot WI25
https://catalog.ucsd.edu/courses/FMPH.html#fmph405,published snapshot WI25
https://catalog.ucsd.edu/courses/FMPH.html#fmph406,published snapshot SP25
https://catalog.ucsd.edu/courses/FMPH.html#fmph410,published snapshot SP25
https://catalog.ucsd.edu/courses/FMPH.html#fmph412,published snapshot WI25
https://catalog.ucsd.edu/courses/FMPH.html#fmph413,published snapshot FA24
https://catalog.ucsd.edu/courses/FMPH.html#fmph415,published snapshot WI25
https://catalog.ucsd.edu/courses/FMPH.html#fmph417,published snapshot FA24
https://catalog.ucsd.edu/courses/FMPH.html#fmph418,published snapshot SP25
https://catalog.ucsd.edu/courses/FMPH.html#fmph419,published snapshot WI25
https://catalog.ucsd.edu/courses/FMPH.html#fmph425,published snapshot WI25
https://catalog.ucsd.edu/courses/FMPH.html#fmph426,published snapshot SP25
https://catalog.ucsd.edu/courses/FMPH.html#fmph428,published snapshot WI25
https://catalog.ucsd.edu/courses/FMPH.html#fmph430,published snapshot FA24
https://catalog.ucsd.edu/courses/FMPH.html#fmph440,published snapshot SP25
https://catalog.ucsd.edu/courses/FMPH.html#fmph491,published snapshot FA24 | published snapshot FA25 | published snapshot SP25 | published snapshot WI25
https://catalog.ucsd.edu/courses/FMPH.html#fmph496a,published snapshot FA24
https://catalog.ucsd.edu/courses/FMPH.html#fmph496b,published snapshot S324 | published snapshot S325 | published snapshot SP25 | published snapshot WI25
https://catalog.ucsd.edu/courses/FMPH.html#fmph498,published snapshot FA24 | published snapshot FA25 | published snapshot S324 | published snapshot S325 | published snapshot SP25 | published snapshot WI25
https://catalog.ucsd.edu/courses/FMPH.html#fmph499,published snapshot FA24 | published snapshot SP25 | published snapshot WI25
https://catalog.ucsd.edu/courses/FMPH.html#fpm244,published snapshot FA24 | published snapshot FA25 | published snapshot SP25 | published snapshot SP26
https://catalog.ucsd.edu/courses/FMPH.html#fpm258a,published snapshot FA24
https://catalog.ucsd.edu/courses/FMPH.html#fpm259a,published snapshot FA24
https://catalog.ucsd.edu/courses/FMPH.html#fpm270,published snapshot FA24
https://catalog.ucsd.edu/courses/FMPH.html#fpm272,published snapshot FA24 | published snapshot FA25 | published snapshot WI25 | published snapshot WI26
https://catalog.ucsd.edu/courses/FMPH.html#fpm276,published snapshot SP25
https://catalog.ucsd.edu/courses/FMPH.html#fpm278,published snapshot WI25
https://catalog.ucsd.edu/courses/FMPH.html#fpm280b,published snapshot FA24
https://catalog.ucsd.edu/courses/FMPH.html#fpm286,published snapshot FA24 | published snapshot FA25 | published snapshot FA26 | published snapshot SP25 | published snapshot SP26 | published snapshot WI25 | published snapshot WI26
https://catalog.ucsd.edu/courses/FMPH.html#fpm288,published snapshot FA24 | published snapshot WI25
https://catalog.ucsd.edu/courses/FMPH.html#fpm291,published snapshot FA24 | published snapshot FA25
https://catalog.ucsd.edu/courses/GLBH.html#glbh100,published snapshot FA25 | published snapshot FA26
https://catalog.ucsd.edu/courses/GLBH.html#glbh102,published snapshot FA26
https://catalog.ucsd.edu/courses/GLBH.html#glbh111,published snapshot FA25 | published snapshot FA26
https://catalog.ucsd.edu/courses/GLBH.html#glbh114,published snapshot FA25
https://catalog.ucsd.edu/courses/GLBH.html#glbh116,published snapshot FA25 | published snapshot FA26
https://catalog.ucsd.edu/courses/GLBH.html#glbh117,published snapshot FA25
https://catalog.ucsd.edu/courses/GLBH.html#glbh118,published snapshot FA25 | published snapshot FA26
https://catalog.ucsd.edu/courses/GLBH.html#glbh119,published snapshot FA25 | published snapshot FA26
https://catalog.ucsd.edu/courses/GLBH.html#glbh129,published snapshot FA26
https://catalog.ucsd.edu/courses/GLBH.html#glbh141,published snapshot FA26
https://catalog.ucsd.edu/courses/GLBH.html#glbh148,published snapshot FA25 | published snapshot FA26
https://catalog.ucsd.edu/courses/GLBH.html#glbh171r,published snapshot FA26
https://catalog.ucsd.edu/courses/GLBH.html#glbh181,published snapshot FA25 | published snapshot FA26
https://catalog.ucsd.edu/courses/GLBH.html#glbh190,published snapshot FA26
https://catalog.ucsd.edu/courses/GLBH.html#glbh20,published snapshot FA25 | published snapshot FA26
https://catalog.ucsd.edu/courses/GLBH.html#glbh200,published snapshot FA25 | published snapshot FA26
https://catalog.ucsd.edu/courses/GLBH.html#glbh201,published snapshot FA25
https://catalog.ucsd.edu/courses/GLBH.html#glbh241,published snapshot FA26
https://catalog.ucsd.edu/courses/GLBH.html#glbh248,published snapshot FA25 | published snapshot FA26
https://catalog.ucsd.edu/courses/GSS.html#gss20,published snapshot FA24 | published snapshot FA25 | published snapshot FA26 | published snapshot SP25 | published snapshot SP26
https://catalog.ucsd.edu/courses/GSS.html#gss21,published snapshot SP25 | published snapshot SP26
https://catalog.ucsd.edu/courses/GSS.html#gss22,published snapshot S125 | published snapshot S225 | published snapshot S226 | published snapshot WI25 | published snapshot WI26
https://catalog.ucsd.edu/courses/GSS.html#gss25,published snapshot WI26
https://catalog.ucsd.edu/courses/GSS.html#gss27,published snapshot FA24 | published snapshot SP26 | published snapshot WI25 | published snapshot WI26
https://catalog.ucsd.edu/courses/HDS.html#hds1,published snapshot FA24 | published snapshot FA25 | published snapshot FA26 | published snapshot SP25 | published snapshot SP26
https://catalog.ucsd.edu/courses/HDS.html#hds110,published snapshot WI25 | published snapshot WI26
https://catalog.ucsd.edu/courses/HDS.html#hds111,published snapshot FA24 | published snapshot FA25 | published snapshot FA26
https://catalog.ucsd.edu/courses/HDS.html#hds120,published snapshot SP25 | published snapshot SP26
https://catalog.ucsd.edu/courses/HDS.html#hds121,published snapshot FA24
https://catalog.ucsd.edu/courses/HDS.html#hds122,published snapshot SP25 | published snapshot SP26
https://catalog.ucsd.edu/courses/HDS.html#hds133,published snapshot WI25 | published snapshot WI26
https://catalog.ucsd.edu/courses/HDS.html#hds150,published snapshot FA24 | published snapshot FA25 | published snapshot FA26 | published snapshot SP25 | published snapshot SP26 | published snapshot WI25 | published snapshot WI26
https://catalog.ucsd.edu/courses/HDS.html#hds175,published snapshot FA24 | published snapshot FA25 | published snapshot FA26 | published snapshot SP25 | published snapshot SP26 | published snapshot WI25 | published snapshot WI26
https://catalog.ucsd.edu/courses/HDS.html#hds181,published snapshot FA24 | published snapshot FA25 | published snapshot FA26 | published snapshot SP25 | published snapshot SP26 | published snapshot WI25 | published snapshot WI26
https://catalog.ucsd.edu/courses/HDS.html#hds191,published snapshot FA24 | published snapshot FA25 | published snapshot FA26 | published snapshot SP25 | published snapshot SP26 | published snapshot WI25 | published snapshot WI26
https://catalog.ucsd.edu/courses/HDS.html#hds193,published snapshot S324 | published snapshot SP26
https://catalog.ucsd.edu/courses/HDS.html#hds195,published snapshot FA24 | published snapshot SP25 | published snapshot WI25
https://catalog.ucsd.edu/courses/HDS.html#hds199,published snapshot FA24 | published snapshot SP25
https://catalog.ucsd.edu/courses/HDS.html#hds60,published snapshot FA24 | published snapshot FA25 | published snapshot FA26 | published snapshot S126 | published snapshot S224 | published snapshot S225 | published snapshot SP25 | published snapshot SP26 | published snapshot WI25 | published snapshot WI26
https://catalog.ucsd.edu/courses/HDS.html#hds95,published snapshot SP25 | published snapshot WI25
https://catalog.ucsd.edu/courses/HIST.html,published snapshot FA24 | published snapshot FA25 | published snapshot FA26 | published snapshot S125 | published snapshot S126 | published snapshot S224 | published snapshot S225 | published snapshot S226 | published snapshot SP25 | published snapshot SP26 | published snapshot WI25 | published snapshot WI26
https://catalog.ucsd.edu/courses/HIST.html#hiaf111,published snapshot FA24 | published snapshot FA26 | published snapshot S225 | published snapshot WI26
https://catalog.ucsd.edu/courses/HIST.html#hiaf112,published snapshot SP25
https://catalog.ucsd.edu/courses/HIST.html#hiaf113,published snapshot S226 | published snapshot SP26 | published snapshot WI25
https://catalog.ucsd.edu/courses/HIST.html#hiaf114,published snapshot WI25
https://catalog.ucsd.edu/courses/HIST.html#hiea112,published snapshot FA24 | published snapshot FA25 | published snapshot S226
https://catalog.ucsd.edu/courses/HIST.html#hiea114,published snapshot SP25 | published snapshot WI26
https://catalog.ucsd.edu/courses/HIST.html#hiea115,published snapshot WI26
https://catalog.ucsd.edu/courses/HIST.html#hiea131,published snapshot S126 | published snapshot S225 | published snapshot SP25
https://catalog.ucsd.edu/courses/HIST.html#hiea132,published snapshot S125 | published snapshot S224 | published snapshot S226
https://catalog.ucsd.edu/courses/HIST.html#hiea137,published snapshot FA24 | published snapshot FA26 | published snapshot S126
https://catalog.ucsd.edu/courses/HIST.html#hiea138,published snapshot SP25
https://catalog.ucsd.edu/courses/HIST.html#hiea140r,published snapshot WI25
https://catalog.ucsd.edu/courses/HIST.html#hiea144,published snapshot S225 | published snapshot SP25 | published snapshot SP26
https://catalog.ucsd.edu/courses/HIST.html#hiea153,published snapshot FA25
https://catalog.ucsd.edu/courses/HIST.html#hiea154,published snapshot S225
https://catalog.ucsd.edu/courses/HIST.html#hiea155,published snapshot FA24 | published snapshot S226
https://catalog.ucsd.edu/courses/HIST.html#hiea171,published snapshot FA24
https://catalog.ucsd.edu/courses/HIST.html#hiea199,published snapshot FA24 | published snapshot SP26 | published snapshot WI25
https://catalog.ucsd.edu/courses/HIST.html#hieu102,published snapshot S125 | published snapshot S226
https://catalog.ucsd.edu/courses/HIST.html#hieu102a,published snapshot S125
https://catalog.ucsd.edu/courses/HIST.html#hieu103,published snapshot S126 | published snapshot WI25
https://catalog.ucsd.edu/courses/HIST.html#hieu104,published snapshot S224
https://catalog.ucsd.edu/courses/HIST.html#hieu106,published snapshot S224 | published snapshot S225
https://catalog.ucsd.edu/courses/HIST.html#hieu108,published snapshot FA25 | published snapshot S225
https://catalog.ucsd.edu/courses/HIST.html#hieu109,published snapshot S125 | published snapshot WI26
https://catalog.ucsd.edu/courses/HIST.html#hieu111,published snapshot SP26
https://catalog.ucsd.edu/courses/HIST.html#hieu113,published snapshot S125
https://catalog.ucsd.edu/courses/HIST.html#hieu114,published snapshot FA25 | published snapshot S224 | published snapshot S225
https://catalog.ucsd.edu/courses/HIST.html#hieu116b,published snapshot WI25
https://catalog.ucsd.edu/courses/HIST.html#hieu116c,published snapshot FA26
https://catalog.ucsd.edu/courses/HIST.html#hieu122,published snapshot WI26
https://catalog.ucsd.edu/courses/HIST.html#hieu123,published snapshot SP26 | published snapshot WI25
https://catalog.ucsd.edu/courses/HIST.html#hieu124,published snapshot FA26 | published snapshot S125
https://catalog.ucsd.edu/courses/HIST.html#hieu124gs,published snapshot S126
https://catalog.ucsd.edu/courses/HIST.html#hieu128,published snapshot S125 | published snapshot S224 | published snapshot SP25 | published snapshot SP26
https://catalog.ucsd.edu/courses/HIST.html#hieu135,published snapshot FA24
https://catalog.ucsd.edu/courses/HIST.html#hieu135gs,published snapshot S225
https://catalog.ucsd.edu/courses/HIST.html#hieu137,published snapshot FA24 | published snapshot S225 | published snapshot S226 | published snapshot WI26
https://catalog.ucsd.edu/courses/HIST.html#hieu138,published snapshot SP25
https://catalog.ucsd.edu/courses/HIST.html#hieu139,published snapshot FA25 | published snapshot S226
https://catalog.ucsd.edu/courses/HIST.html#hieu140,published snapshot FA25
https://catalog.ucsd.edu/courses/HIST.html#hieu144,published snapshot SP26
https://catalog.ucsd.edu/courses/HIST.html#hieu144p,published snapshot FA24 | published snapshot S125
https://catalog.ucsd.edu/courses/HIST.html#hieu146,published snapshot SP25
https://catalog.ucsd.edu/courses/HIST.html#hieu147,published snapshot S125 | published snapshot S126 | published snapshot SP26 | published snapshot WI25
https://catalog.ucsd.edu/courses/HIST.html#hieu148,published snapshot S224 | published snapshot S225 | published snapshot S226 | published snapshot SP25
https://catalog.ucsd.edu/courses/HIST.html#hieu149,published snapshot WI25
https://catalog.ucsd.edu/courses/HIST.html#hieu149gs,published snapshot S126
https://catalog.ucsd.edu/courses/HIST.html#hieu152,published snapshot FA26 | published snapshot WI26
https://catalog.ucsd.edu/courses/HIST.html#hieu154,published snapshot FA24 | published snapshot FA25 | published snapshot S224 | published snapshot S225
https://catalog.ucsd.edu/courses/HIST.html#hieu154gs,published snapshot S125 | published snapshot S126
https://catalog.ucsd.edu/courses/HIST.html#hieu155,published snapshot SP26
https://catalog.ucsd.edu/courses/HIST.html#hieu157gs,published snapshot S226
https://catalog.ucsd.edu/courses/HIST.html#hieu158,published snapshot FA25
https://catalog.ucsd.edu/courses/HIST.html#hieu160,published snapshot SP25
https://catalog.ucsd.edu/courses/HIST.html#hieu164,published snapshot WI26
https://catalog.ucsd.edu/courses/HIST.html#hieu166,published snapshot FA24
https://catalog.ucsd.edu/courses/HIST.html#hieu171,published snapshot FA24 | published snapshot FA25
https://catalog.ucsd.edu/courses/HIST.html#hieu183,published snapshot SP25
https://catalog.ucsd.edu/courses/HIST.html#hieu184,published snapshot FA26 | published snapshot SP25
https://catalog.ucsd.edu/courses/HIST.html#hieu199,published snapshot FA25 | published snapshot SP26 | published snapshot WI26
https://catalog.ucsd.edu/courses/HIST.html#hieu264,published snapshot WI26
https://catalog.ucsd.edu/courses/HIST.html#hieu271,published snapshot FA25
https://catalog.ucsd.edu/courses/HIST.html#hieu283,published snapshot SP25
https://catalog.ucsd.edu/courses/HIST.html#higl114,published snapshot SP26
https://catalog.ucsd.edu/courses/HIST.html#higl126,published snapshot SP25
https://catalog.ucsd.edu/courses/HIST.html#higl127,published snapshot FA24 | published snapshot WI26
https://catalog.ucsd.edu/courses/HIST.html#higl144,published snapshot S226 | published snapshot SP26
https://catalog.ucsd.edu/courses/HIST.html#higr200,published snapshot FA24 | published snapshot FA25 | published snapshot FA26
https://catalog.ucsd.edu/courses/HIST.html#higr201,published snapshot FA24
https://catalog.ucsd.edu/courses/HIST.html#higr202a,published snapshot FA26
https://catalog.ucsd.edu/courses/HIST.html#higr203,published snapshot WI25
https://catalog.ucsd.edu/courses/HIST.html#higr205,published snapshot SP26
https://catalog.ucsd.edu/courses/HIST.html#higr208,published snapshot FA26
https://catalog.ucsd.edu/courses/HIST.html#higr209,published snapshot SP25
https://catalog.ucsd.edu/courses/HIST.html#higr210,published snapshot FA25 | published snapshot FA26 | published snapshot SP25
https://catalog.ucsd.edu/courses/HIST.html#higr215a,published snapshot FA24 | published snapshot WI26
https://catalog.ucsd.edu/courses/HIST.html#higr215b,published snapshot SP26 | published snapshot WI25
https://catalog.ucsd.edu/courses/HIST.html#higr217a,published snapshot FA24
https://catalog.ucsd.edu/courses/HIST.html#higr217b,published snapshot WI25
https://catalog.ucsd.edu/courses/HIST.html#higr220,published snapshot SP25
https://catalog.ucsd.edu/courses/HIST.html#higr221,published snapshot FA24
https://catalog.ucsd.edu/courses/HIST.html#higr222,published snapshot FA25
https://catalog.ucsd.edu/courses/HIST.html#higr224,published snapshot WI26
https://catalog.ucsd.edu/courses/HIST.html#higr230a,published snapshot FA24
https://catalog.ucsd.edu/courses/HIST.html#higr236b,published snapshot FA26
https://catalog.ucsd.edu/courses/HIST.html#higr238,published snapshot FA24 | published snapshot FA25
https://catalog.ucsd.edu/courses/HIST.html#higr239,published snapshot SP25 | published snapshot SP26
https://catalog.ucsd.edu/courses/HIST.html#higr240,published snapshot FA24 | published snapshot FA25 | published snapshot FA26 | published snapshot SP25 | published snapshot SP26 | published snapshot WI25 | published snapshot WI26
https://catalog.ucsd.edu/courses/HIST.html#higr241,published snapshot WI25 | published snapshot WI26
https://catalog.ucsd.edu/courses/HIST.html#higr248a,published snapshot FA24
https://catalog.ucsd.edu/courses/HIST.html#higr248b,published snapshot SP25
https://catalog.ucsd.edu/courses/HIST.html#higr265b,published snapshot WI26
https://catalog.ucsd.edu/courses/HIST.html#higr267a,published snapshot FA25
https://catalog.ucsd.edu/courses/HIST.html#higr267b,published snapshot SP26
https://catalog.ucsd.edu/courses/HIST.html#higr280,published snapshot SP25 | published snapshot SP26
https://catalog.ucsd.edu/courses/HIST.html#higr281,published snapshot FA24 | published snapshot FA25 | published snapshot WI26
https://catalog.ucsd.edu/courses/HIST.html#higr282,published snapshot FA26 | published snapshot SP25
https://catalog.ucsd.edu/courses/HIST.html#higr298,published snapshot FA24 | published snapshot FA25 | published snapshot SP25 | published snapshot SP26 | published snapshot WI25 | published snapshot WI26
https://catalog.ucsd.edu/courses/HIST.html#higr299,published snapshot FA24 | published snapshot FA25 | published snapshot FA26 | published snapshot SP25 | published snapshot SP26 | published snapshot WI25 | published snapshot WI26
https://catalog.ucsd.edu/courses/HIST.html#higr500,published snapshot FA24 | published snapshot FA25 | published snapshot FA26 | published snapshot SP25 | published snapshot SP26 | published snapshot WI25 | published snapshot WI26
https://catalog.ucsd.edu/courses/HIST.html#hila100,published snapshot WI25
https://catalog.ucsd.edu/courses/HIST.html#hila102,published snapshot S225 | published snapshot S226 | published snapshot WI25 | published snapshot WI26
https://catalog.ucsd.edu/courses/HIST.html#hila114,published snapshot FA25 | published snapshot S126
https://catalog.ucsd.edu/courses/HIST.html#hila118,published snapshot FA24 | published snapshot FA26 | published snapshot SP26
https://catalog.ucsd.edu/courses/HIST.html#hila121a,published snapshot FA24 | published snapshot WI26
https://catalog.ucsd.edu/courses/HIST.html#hila121b,published snapshot WI25
https://catalog.ucsd.edu/courses/HIST.html#hila122,published snapshot FA24 | published snapshot FA26 | published snapshot SP26
https://catalog.ucsd.edu/courses/HIST.html#hila131,published snapshot FA25
https://catalog.ucsd.edu/courses/HIST.html#hila132,published snapshot FA26 | published snapshot S226 | published snapshot SP25 | published snapshot SP26
https://catalog.ucsd.edu/courses/HIST.html#hila135,published snapshot FA26 | published snapshot S126
https://catalog.ucsd.edu/courses/HIST.html#hila144,published snapshot SP26
https://catalog.ucsd.edu/courses/HIST.html#hila144p,published snapshot SP25
https://catalog.ucsd.edu/courses/HIST.html#hila161,published snapshot FA25
https://catalog.ucsd.edu/courses/HIST.html#hila167,published snapshot WI25
https://catalog.ucsd.edu/courses/HIST.html#hila168,published snapshot WI26
https://catalog.ucsd.edu/courses/HIST.html#hila169,published snapshot FA24 | published snapshot FA26
https://catalog.ucsd.edu/courses/HIST.html#hila261,published snapshot FA25
https://catalog.ucsd.edu/courses/HIST.html#hila267,published snapshot WI25
https://catalog.ucsd.edu/courses/HIST.html#hila268,published snapshot WI26
https://catalog.ucsd.edu/courses/HIST.html#hila269,published snapshot FA24 | published snapshot FA26
https://catalog.ucsd.edu/courses/HIST.html#hild10,published snapshot FA24 | published snapshot FA25 | published snapshot FA26 | published snapshot S125
https://catalog.ucsd.edu/courses/HIST.html#hild11,published snapshot WI25 | published snapshot WI26
https://catalog.ucsd.edu/courses/HIST.html#hild12,published snapshot S126 | published snapshot S225 | published snapshot S226 | published snapshot SP25 | published snapshot SP26
https://catalog.ucsd.edu/courses/HIST.html#hild14,published snapshot FA24 | published snapshot FA25 | published snapshot FA26 | published snapshot S125 | published snapshot S126 | published snapshot S224
https://catalog.ucsd.edu/courses/HIST.html#hild2a,published snapshot FA24 | published snapshot FA25 | published snapshot FA26 | published snapshot S125 | published snapshot S126 | published snapshot S225 | published snapshot S226
https://catalog.ucsd.edu/courses/HIST.html#hild2b,published snapshot WI25 | published snapshot WI26
https://catalog.ucsd.edu/courses/HIST.html#hild2c,published snapshot S125 | published snapshot S224 | published snapshot SP25 | published snapshot SP26
https://catalog.ucsd.edu/courses/HIST.html#hild30,published snapshot FA24 | published snapshot FA26 | published snapshot S224 | published snapshot S225 | published snapshot SP26
https://catalog.ucsd.edu/courses/HIST.html#hild30gs,published snapshot S125 | published snapshot S126
https://catalog.ucsd.edu/courses/HIST.html#hild41,published snapshot S226 | published snapshot WI25 | published snapshot WI26
https://catalog.ucsd.edu/courses/HIST.html#hild42,published snapshot SP25
https://catalog.ucsd.edu/courses/HIST.html#hild43,published snapshot S126 | published snapshot SP26
https://catalog.ucsd.edu/courses/HIST.html#hild60,published snapshot WI26
https://catalog.ucsd.edu/courses/HIST.html#hine100,published snapshot FA24 | published snapshot WI26
https://catalog.ucsd.edu/courses/HIST.html#hine109,published snapshot WI25
https://catalog.ucsd.edu/courses/HIST.html#hine109r,published snapshot SP26
https://catalog.ucsd.edu/courses/HIST.html#hine115,published snapshot SP25 | published snapshot SP26
https://catalog.ucsd.edu/courses/HIST.html#hine116,published snapshot S126 | published snapshot S226 | published snapshot SP25 | published snapshot WI26
https://catalog.ucsd.edu/courses/HIST.html#hine118,published snapshot S226 | published snapshot WI25
https://catalog.ucsd.edu/courses/HIST.html#hine119,published snapshot WI26
https://catalog.ucsd.edu/courses/HIST.html#hine120,published snapshot SP25 | published snapshot SP26
https://catalog.ucsd.edu/courses/HIST.html#hine125,published snapshot FA26 | published snapshot WI25
https://catalog.ucsd.edu/courses/HIST.html#hine128,published snapshot S125 | published snapshot S225 | published snapshot SP26
https://catalog.ucsd.edu/courses/HIST.html#hine128r,published snapshot SP26
https://catalog.ucsd.edu/courses/HIST.html#hine129,published snapshot S125 | published snapshot S126 | published snapshot S225
https://catalog.ucsd.edu/courses/HIST.html#hine137,published snapshot FA24 | published snapshot FA26
https://catalog.ucsd.edu/courses/HIST.html#hine144,published snapshot FA25 | published snapshot FA26
https://catalog.ucsd.edu/courses/HIST.html#hine171,published snapshot WI26
https://catalog.ucsd.edu/courses/HIST.html#hine186,published snapshot FA25 | published snapshot WI25 | published snapshot WI26
https://catalog.ucsd.edu/courses/HIST.html#hine199,published snapshot SP25 | published snapshot SP26
https://catalog.ucsd.edu/courses/HIST.html#hisa101,published snapshot SP25
https://catalog.ucsd.edu/courses/HIST.html#hisa110,published snapshot FA25 | published snapshot WI25
https://catalog.ucsd.edu/courses/HIST.html#hisa120,published snapshot SP25 | published snapshot WI26
https://catalog.ucsd.edu/courses/HIST.html#hisa122,published snapshot FA25 | published snapshot FA26
https://catalog.ucsd.edu/courses/HIST.html#hisa144,published snapshot WI25
https://catalog.ucsd.edu/courses/HIST.html#hisa199,published snapshot FA25 | published snapshot WI26
https://catalog.ucsd.edu/courses/HIST.html#hisc102,published snapshot S126 | published snapshot S226
https://catalog.ucsd.edu/courses/HIST.html#hisc105,published snapshot S125
https://catalog.ucsd.edu/courses/HIST.html#hisc106,published snapshot S225 | published snapshot WI26
https://catalog.ucsd.edu/courses/HIST.html#hisc107,published snapshot FA24 | published snapshot FA25 | published snapshot SP26
https://catalog.ucsd.edu/courses/HIST.html#hisc109,published snapshot WI25
https://catalog.ucsd.edu/courses/HIST.html#hisc115,published snapshot WI25
https://catalog.ucsd.edu/courses/HIST.html#hisc119,published snapshot FA24 | published snapshot S224 | published snapshot S225 | published snapshot S226
https://catalog.ucsd.edu/courses/HIST.html#hisc125,published snapshot SP26
https://catalog.ucsd.edu/courses/HIST.html#hisc131,published snapshot FA25 | published snapshot SP26
https://catalog.ucsd.edu/courses/HIST.html#hisc144,published snapshot WI26
https://catalog.ucsd.edu/courses/HIST.html#hisc176,published snapshot FA26
https://catalog.ucsd.edu/courses/HIST.html#hisc180,published snapshot WI25
https://catalog.ucsd.edu/courses/HIST.html#hisc199,published snapshot SP26
https://catalog.ucsd.edu/courses/HIST.html#hisc276,published snapshot FA26
https://catalog.ucsd.edu/courses/HIST.html#hisc280,published snapshot WI25
https://catalog.ucsd.edu/courses/HIST.html#hito100,published snapshot FA24 | published snapshot FA25 | published snapshot FA26 | published snapshot SP25 | published snapshot SP26 | published snapshot WI25 | published snapshot WI26
https://catalog.ucsd.edu/courses/HIST.html#hito115,published snapshot S125
https://catalog.ucsd.edu/courses/HIST.html#hito117,published snapshot SP26
https://catalog.ucsd.edu/courses/HIST.html#hito119,published snapshot WI26
https://catalog.ucsd.edu/courses/HIST.html#hito133,published snapshot S224 | published snapshot S226 | published snapshot WI25 | published snapshot WI26
https://catalog.ucsd.edu/courses/HIST.html#hito136,published snapshot FA24 | published snapshot FA26
https://catalog.ucsd.edu/courses/HIST.html#hito155,published snapshot S125 | published snapshot S126 | published snapshot S224
https://catalog.ucsd.edu/courses/HIST.html#hito156gs,published snapshot S224
https://catalog.ucsd.edu/courses/HIST.html#hito170,published snapshot SP25
https://catalog.ucsd.edu/courses/HIST.html#hito178,published snapshot WI25
https://catalog.ucsd.edu/courses/HIST.html#hito192,published snapshot FA24 | published snapshot SP26
https://catalog.ucsd.edu/courses/HIST.html#hito193,published snapshot FA24 | published snapshot FA25 | published snapshot FA26 | published snapshot SP25 | published snapshot SP26 | published snapshot WI25 | published snapshot WI26
https://catalog.ucsd.edu/courses/HIST.html#hito194,published snapshot FA24 | published snapshot FA25 | published snapshot FA26
https://catalog.ucsd.edu/courses/HIST.html#hito195,published snapshot WI25 | published snapshot WI26
https://catalog.ucsd.edu/courses/HIST.html#hito196,published snapshot FA24 | published snapshot FA25 | published snapshot FA26
https://catalog.ucsd.edu/courses/HIST.html#hito199,published snapshot FA26 | published snapshot S324 | published snapshot SP25 | published snapshot SP26 | published snapshot WI25
https://catalog.ucsd.edu/courses/HIST.html#hito87,published snapshot FA24 | published snapshot FA25 | published snapshot FA26 | published snapshot SP25 | published snapshot SP26 | published snapshot WI25 | published snapshot WI26
https://catalog.ucsd.edu/courses/HIST.html#hito99,published snapshot SP26 | published snapshot WI26
https://catalog.ucsd.edu/courses/HIST.html#hius103,published snapshot S125 | published snapshot S225 | published snapshot S226
https://catalog.ucsd.edu/courses/HIST.html#hius104,published snapshot SP25
https://catalog.ucsd.edu/courses/HIST.html#hius105,published snapshot FA25
https://catalog.ucsd.edu/courses/HIST.html#hius106,published snapshot FA25
https://catalog.ucsd.edu/courses/HIST.html#hius108a,published snapshot FA24
https://catalog.ucsd.edu/courses/HIST.html#hius108b,published snapshot S125 | published snapshot WI25
https://catalog.ucsd.edu/courses/HIST.html#hius112,published snapshot FA24 | published snapshot FA26
https://catalog.ucsd.edu/courses/HIST.html#hius113,published snapshot FA24 | published snapshot S224 | published snapshot SP26
https://catalog.ucsd.edu/courses/HIST.html#hius114a,published snapshot FA26 | published snapshot SP25
https://catalog.ucsd.edu/courses/HIST.html#hius114b,published snapshot S125
https://catalog.ucsd.edu/courses/HIST.html#hius117,published snapshot S125 | published snapshot S126 | published snapshot S225 | published snapshot S226
https://catalog.ucsd.edu/courses/HIST.html#hius125,published snapshot S224 | published snapshot S226
https://catalog.ucsd.edu/courses/HIST.html#hius126,published snapshot S126
https://catalog.ucsd.edu/courses/HIST.html#hius133,published snapshot WI25
https://catalog.ucsd.edu/courses/HIST.html#hius136,published snapshot FA24 | published snapshot S126 | published snapshot SP26
https://catalog.ucsd.edu/courses/HIST.html#hius141,published snapshot FA24 | published snapshot FA26
https://catalog.ucsd.edu/courses/HIST.html#hius142a,published snapshot S225
https://catalog.ucsd.edu/courses/HIST.html#hius143,published snapshot S224
https://catalog.ucsd.edu/courses/HIST.html#hius144,published snapshot FA24 | published snapshot FA25 | published snapshot S225 | published snapshot SP25
https://catalog.ucsd.edu/courses/HIST.html#hius146,published snapshot FA26 | published snapshot WI25 | published snapshot WI26
https://catalog.ucsd.edu/courses/HIST.html#hius149,published snapshot S224 | published snapshot S225 | published snapshot WI26
https://catalog.ucsd.edu/courses/HIST.html#hius152b,published snapshot WI25
https://catalog.ucsd.edu/courses/HIST.html#hius155,published snapshot S225 | published snapshot S226 | published snapshot SP26
https://catalog.ucsd.edu/courses/HIST.html#hius158,published snapshot FA25
https://catalog.ucsd.edu/courses/HIST.html#hius159,published snapshot SP26
https://catalog.ucsd.edu/courses/HIST.html#hius161,published snapshot SP26
https://catalog.ucsd.edu/courses/HIST.html#hius180,published snapshot WI25
https://catalog.ucsd.edu/courses/HIST.html#hius181,published snapshot FA24 | published snapshot FA25 | published snapshot FA26 | published snapshot SP26
https://catalog.ucsd.edu/courses/HIST.html#hius198,published snapshot SP25 | published snapshot WI25
https://catalog.ucsd.edu/courses/HIST.html#hius199,published snapshot WI25
https://catalog.ucsd.edu/courses/HIST.html#hius281,published snapshot FA25
https://catalog.ucsd.edu/courses/HUM.html#hum1,published snapshot FA24 | published snapshot FA25 | published snapshot FA26 | published snapshot WI25 | published snapshot WI26
https://catalog.ucsd.edu/courses/HUM.html#hum100,published snapshot FA24 | published snapshot FA25 | published snapshot FA26 | published snapshot SP25 | published snapshot SP26 | published snapshot WI25 | published snapshot WI26
https://catalog.ucsd.edu/courses/HUM.html#hum199,published snapshot S126
https://catalog.ucsd.edu/courses/HUM.html#hum2,published snapshot SP25 | published snapshot SP26 | published snapshot WI25 | published snapshot WI26
https://catalog.ucsd.edu/courses/HUM.html#hum200,published snapshot FA24
https://catalog.ucsd.edu/courses/HUM.html#hum3,published snapshot FA24 | published snapshot FA25 | published snapshot FA26 | published snapshot S125 | published snapshot S126 | published snapshot S224 | published snapshot S225
https://catalog.ucsd.edu/courses/HUM.html#hum3gs,published snapshot S126 | published snapshot S224 | published snapshot S225 | published snapshot S226
https://catalog.ucsd.edu/courses/HUM.html#hum3r,published snapshot S125 | published snapshot S126 | published snapshot S225 | published snapshot S226
https://catalog.ucsd.edu/courses/HUM.html#hum4,published snapshot S125 | published snapshot S224 | published snapshot S225 | published snapshot WI25 | published snapshot WI26
https://catalog.ucsd.edu/courses/HUM.html#hum4gs,published snapshot S125 | published snapshot S225
https://catalog.ucsd.edu/courses/HUM.html#hum4r,published snapshot S125 | published snapshot S126 | published snapshot S224 | published snapshot S226
https://catalog.ucsd.edu/courses/HUM.html#hum5,published snapshot S125 | published snapshot S126 | published snapshot S224 | published snapshot S225 | published snapshot S226 | published snapshot SP25 | published snapshot SP26
https://catalog.ucsd.edu/courses/HUM.html#hum5gs,published snapshot S226
https://catalog.ucsd.edu/courses/HUM.html#hum5r,published snapshot S125 | published snapshot S126 | published snapshot S225 | published snapshot S226
https://catalog.ucsd.edu/courses/HUM.html#hum88,published snapshot FA25 | published snapshot FA26 | published snapshot SP26 | published snapshot WI26
https://catalog.ucsd.edu/courses/INTL.html#intl100,published snapshot FA24 | published snapshot FA25 | published snapshot FA26 | published snapshot SP25 | published snapshot SP26 | published snapshot WI25 | published snapshot WI26
https://catalog.ucsd.edu/courses/INTL.html#intl101,published snapshot FA25 | published snapshot FA26 | published snapshot SP25 | published snapshot SP26 | published snapshot WI25 | published snapshot WI26
https://catalog.ucsd.edu/courses/INTL.html#intl102,published snapshot FA24 | published snapshot FA25 | published snapshot FA26 | published snapshot SP25 | published snapshot SP26 | published snapshot WI25 | published snapshot WI26
https://catalog.ucsd.edu/courses/INTL.html#intl190,published snapshot FA24 | published snapshot FA25 | published snapshot FA26 | published snapshot S224 | published snapshot SP25 | published snapshot SP26 | published snapshot WI25 | published snapshot WI26
https://catalog.ucsd.edu/courses/INTL.html#intl190h,published snapshot FA25 | published snapshot FA26
https://catalog.ucsd.edu/courses/INTL.html#intl196h,published snapshot WI26
https://catalog.ucsd.edu/courses/JAPN.html#japn10a,published snapshot FA24 | published snapshot FA25 | published snapshot FA26
https://catalog.ucsd.edu/courses/JAPN.html#japn10b,published snapshot WI25 | published snapshot WI26
https://catalog.ucsd.edu/courses/JAPN.html#japn10c,published snapshot SP25 | published snapshot SP26
https://catalog.ucsd.edu/courses/JAPN.html#japn130a,published snapshot FA24 | published snapshot FA25 | published snapshot FA26
https://catalog.ucsd.edu/courses/JAPN.html#japn130b,published snapshot WI25 | published snapshot WI26
https://catalog.ucsd.edu/courses/JAPN.html#japn130c,published snapshot SP25 | published snapshot SP26
https://catalog.ucsd.edu/courses/JAPN.html#japn135a,published snapshot FA24 | published snapshot FA25 | published snapshot FA26
https://catalog.ucsd.edu/courses/JAPN.html#japn135b,published snapshot WI25 | published snapshot WI26
https://catalog.ucsd.edu/courses/JAPN.html#japn135c,published snapshot SP25 | published snapshot SP26
https://catalog.ucsd.edu/courses/JAPN.html#japn137a,published snapshot FA24 | published snapshot FA25 | published snapshot FA26 | published snapshot S125
https://catalog.ucsd.edu/courses/JAPN.html#japn137b,published snapshot WI25 | published snapshot WI26
https://catalog.ucsd.edu/courses/JAPN.html#japn137c,published snapshot SP25 | published snapshot SP26
https://catalog.ucsd.edu/courses/JAPN.html#japn140a,published snapshot FA24 | published snapshot FA25 | published snapshot FA26
https://catalog.ucsd.edu/courses/JAPN.html#japn140b,published snapshot WI25 | published snapshot WI26
https://catalog.ucsd.edu/courses/JAPN.html#japn150a,published snapshot FA24 | published snapshot WI25
https://catalog.ucsd.edu/courses/JAPN.html#japn150b,published snapshot SP26
https://catalog.ucsd.edu/courses/JAPN.html#japn180,published snapshot S125 | published snapshot S126 | published snapshot S224 | published snapshot S225 | published snapshot S226
https://catalog.ucsd.edu/courses/JAPN.html#japn190,published snapshot WI25 | published snapshot WI26
https://catalog.ucsd.edu/courses/JAPN.html#japn20a,published snapshot FA24 | published snapshot FA25 | published snapshot FA26
https://catalog.ucsd.edu/courses/JAPN.html#japn20b,published snapshot WI25 | published snapshot WI26
https://catalog.ucsd.edu/courses/JAPN.html#japn20c,published snapshot SP25 | published snapshot SP26
https://catalog.ucsd.edu/courses/JWSP.html#jwsp1,published snapshot FA24 | published snapshot FA25 | published snapshot FA26
https://catalog.ucsd.edu/courses/JWSP.html#jwsp104,published snapshot FA24 | published snapshot FA25 | published snapshot FA26
https://catalog.ucsd.edu/courses/JWSP.html#jwsp198,published snapshot WI26
https://catalog.ucsd.edu/courses/JWSP.html#jwsp199,published snapshot S225
https://catalog.ucsd.edu/courses/JWSP.html#jwsp2,published snapshot WI25 | published snapshot WI26
https://catalog.ucsd.edu/courses/JWSP.html#jwsp3,published snapshot SP25 | published snapshot SP26
https://catalog.ucsd.edu/courses/JWSP.html#jwsp87,published snapshot SP26
https://catalog.ucsd.edu/courses/LATI.html#lati10,published snapshot FA24 | published snapshot FA25 | published snapshot FA26 | published snapshot S125 | published snapshot S126 | published snapshot S224 | published snapshot SP25 | published snapshot SP26 | published snapshot WI25 | published snapshot WI26
https://catalog.ucsd.edu/courses/LATI.html#lati124,published snapshot SP26
https://catalog.ucsd.edu/courses/LATI.html#lati130,published snapshot SP25 | published snapshot SP26
https://catalog.ucsd.edu/courses/LATI.html#lati131,published snapshot SP25 | published snapshot SP26
https://catalog.ucsd.edu/courses/LATI.html#lati140,published snapshot WI25 | published snapshot WI26
https://catalog.ucsd.edu/courses/LATI.html#lati150,published snapshot FA24
https://catalog.ucsd.edu/courses/LATI.html#lati160,published snapshot SP25
https://catalog.ucsd.edu/courses/LATI.html#lati165,published snapshot WI26
https://catalog.ucsd.edu/courses/LATI.html#lati166,published snapshot FA25 | published snapshot FA26 | published snapshot SP25 | published snapshot SP26
https://catalog.ucsd.edu/courses/LATI.html#lati170,published snapshot FA25 | published snapshot FA26 | published snapshot WI25
https://catalog.ucsd.edu/courses/LATI.html#lati175,published snapshot WI26
https://catalog.ucsd.edu/courses/LATI.html#lati180,published snapshot FA24 | published snapshot FA25 | published snapshot FA26 | published snapshot S125 | published snapshot S126 | published snapshot S224 | published snapshot SP25 | published snapshot SP26 | published snapshot WI25 | published snapshot WI26
https://catalog.ucsd.edu/courses/LATI.html#lati184,published snapshot FA25
https://catalog.ucsd.edu/courses/LATI.html#lati190,published snapshot SP26 | published snapshot WI25 | published snapshot WI26
https://catalog.ucsd.edu/courses/LATI.html#lati199,published snapshot FA25 | published snapshot SP26 | published snapshot WI25 | published snapshot WI26
https://catalog.ucsd.edu/courses/LATI.html#lati200,published snapshot FA24 | published snapshot FA25 | published snapshot FA26
https://catalog.ucsd.edu/courses/LATI.html#lati298,published snapshot FA24 | published snapshot FA25 | published snapshot SP25 | published snapshot SP26 | published snapshot WI25 | published snapshot WI26
https://catalog.ucsd.edu/courses/LATI.html#lati299,published snapshot FA24 | published snapshot FA25 | published snapshot FA26 | published snapshot SP25 | published snapshot SP26 | published snapshot WI25 | published snapshot WI26
https://catalog.ucsd.edu/courses/LATI.html#lati50,published snapshot FA24 | published snapshot FA25 | published snapshot FA26 | published snapshot S225 | published snapshot S226 | published snapshot SP25 | published snapshot SP26 | published snapshot WI25 | published snapshot WI26
https://catalog.ucsd.edu/courses/LATI.html#lati500,published snapshot FA25 | published snapshot WI26
https://catalog.ucsd.edu/courses/LAWS.html#laws101,published snapshot S224 | published snapshot S225 | published snapshot S226 | published snapshot WI25
https://catalog.ucsd.edu/courses/LING.html,05-pipeline-and-schema/tools/catalog-snapshot/generalCatalog.test.ts | published snapshot FA25 | published snapshot S324 | published snapshot S325 | published snapshot SP25 | published snapshot WI25 | published snapshot WI26
https://catalog.ucsd.edu/courses/LING.html#liab1a,published snapshot FA24 | published snapshot FA25 | published snapshot FA26 | published snapshot S225
https://catalog.ucsd.edu/courses/LING.html#liab1ax,published snapshot FA24 | published snapshot FA25 | published snapshot FA26 | published snapshot S225
https://catalog.ucsd.edu/courses/LING.html#liab1b,published snapshot WI25 | published snapshot WI26
https://catalog.ucsd.edu/courses/LING.html#liab1bx,published snapshot WI25 | published snapshot WI26
https://catalog.ucsd.edu/courses/LING.html#liab1c,published snapshot SP25 | published snapshot SP26
https://catalog.ucsd.edu/courses/LING.html#liab1cx,published snapshot SP25 | published snapshot SP26
https://catalog.ucsd.edu/courses/LING.html#liab1d,published snapshot FA24 | published snapshot FA25 | published snapshot FA26 | published snapshot S125
https://catalog.ucsd.edu/courses/LING.html#liab1dx,published snapshot FA24 | published snapshot FA25 | published snapshot FA26 | published snapshot S125
https://catalog.ucsd.edu/courses/LING.html#liab1e,published snapshot WI25 | published snapshot WI26
https://catalog.ucsd.edu/courses/LING.html#liab1f,published snapshot SP25 | published snapshot SP26
https://catalog.ucsd.edu/courses/LING.html#lids19,published snapshot FA24 | published snapshot FA25 | published snapshot SP25 | published snapshot SP26 | published snapshot WI25 | published snapshot WI26
https://catalog.ucsd.edu/courses/LING.html#lifr11,published snapshot FA24 | published snapshot FA25 | published snapshot FA26 | published snapshot SP25 | published snapshot SP26 | published snapshot WI25 | published snapshot WI26
https://catalog.ucsd.edu/courses/LING.html#lifr1a,published snapshot FA24 | published snapshot FA25 | published snapshot FA26 | published snapshot S125 | published snapshot SP25 | published snapshot SP26
https://catalog.ucsd.edu/courses/LING.html#lifr1ax,published snapshot FA24 | published snapshot FA25 | published snapshot FA26 | published snapshot S125 | published snapshot SP25 | published snapshot SP26
https://catalog.ucsd.edu/courses/LING.html#lifr1b,published snapshot FA24 | published snapshot FA25 | published snapshot FA26 | published snapshot S125 | published snapshot WI25 | published snapshot WI26
https://catalog.ucsd.edu/courses/LING.html#lifr1bx,published snapshot FA24 | published snapshot FA25 | published snapshot FA26 | published snapshot S125 | published snapshot WI25 | published snapshot WI26
https://catalog.ucsd.edu/courses/LING.html#lifr1c,published snapshot S224 | published snapshot S225 | published snapshot SP25 | published snapshot SP26 | published snapshot WI25 | published snapshot WI26
https://catalog.ucsd.edu/courses/LING.html#lifr1cx,published snapshot S224 | published snapshot S225 | published snapshot SP25 | published snapshot SP26 | published snapshot WI25 | published snapshot WI26
https://catalog.ucsd.edu/courses/LING.html#lifr1d,published snapshot FA24 | published snapshot FA25 | published snapshot FA26 | published snapshot S126 | published snapshot S224 | published snapshot S225 | published snapshot SP25 | published snapshot SP26
https://catalog.ucsd.edu/courses/LING.html#lifr1dx,published snapshot FA24 | published snapshot FA25 | published snapshot FA26 | published snapshot S126 | published snapshot S224 | published snapshot S225 | published snapshot SP25 | published snapshot SP26
https://catalog.ucsd.edu/courses/LING.html#ligm11,published snapshot FA24 | published snapshot FA25 | published snapshot FA26 | published snapshot SP25 | published snapshot SP26 | published snapshot WI25 | published snapshot WI26
https://catalog.ucsd.edu/courses/LING.html#ligm1a,published snapshot FA24 | published snapshot FA25 | published snapshot FA26
https://catalog.ucsd.edu/courses/LING.html#ligm1ax,published snapshot FA24 | published snapshot FA25 | published snapshot FA26
https://catalog.ucsd.edu/courses/LING.html#ligm1b,published snapshot WI25 | published snapshot WI26
https://catalog.ucsd.edu/courses/LING.html#ligm1bx,published snapshot WI25 | published snapshot WI26
https://catalog.ucsd.edu/courses/LING.html#ligm1c,published snapshot SP25 | published snapshot SP26
https://catalog.ucsd.edu/courses/LING.html#ligm1cx,published snapshot SP25 | published snapshot SP26
https://catalog.ucsd.edu/courses/LING.html#ligm1d,published snapshot FA24 | published snapshot FA25
https://catalog.ucsd.edu/courses/LING.html#ligm1dx,published snapshot FA24 | published snapshot FA25
https://catalog.ucsd.edu/courses/LING.html#lign101,published snapshot FA24 | published snapshot FA25 | published snapshot S125 | published snapshot S126 | published snapshot SP25 | published snapshot SP26 | published snapshot WI25 | published snapshot WI26
https://catalog.ucsd.edu/courses/LING.html#lign108,published snapshot FA25
https://catalog.ucsd.edu/courses/LING.html#lign110,published snapshot FA24 | published snapshot FA25
https://catalog.ucsd.edu/courses/LING.html#lign111,published snapshot WI25 | published snapshot WI26
https://catalog.ucsd.edu/courses/LING.html#lign112,published snapshot WI25
https://catalog.ucsd.edu/courses/LING.html#lign113,published snapshot SP25 | published snapshot WI26
https://catalog.ucsd.edu/courses/LING.html#lign117,published snapshot SP25
https://catalog.ucsd.edu/courses/LING.html#lign119,published snapshot WI26
https://catalog.ucsd.edu/courses/LING.html#lign120,published snapshot SP25 | published snapshot SP26
https://catalog.ucsd.edu/courses/LING.html#lign121,published snapshot WI25 | published snapshot WI26
https://catalog.ucsd.edu/courses/LING.html#lign130,published snapshot FA24 | published snapshot FA26 | published snapshot S125 | published snapshot SP26
https://catalog.ucsd.edu/courses/LING.html#lign139,published snapshot FA24 | published snapshot FA26
https://catalog.ucsd.edu/courses/LING.html#lign143,published snapshot FA24 | published snapshot SP26
https://catalog.ucsd.edu/courses/LING.html#lign144,published snapshot SP26
https://catalog.ucsd.edu/courses/LING.html#lign146,published snapshot SP25
https://catalog.ucsd.edu/courses/LING.html#lign148,published snapshot SP26 | published snapshot WI25
https://catalog.ucsd.edu/courses/LING.html#lign149gs,published snapshot S125 | published snapshot S126
https://catalog.ucsd.edu/courses/LING.html#lign150,published snapshot FA26 | published snapshot WI25
https://catalog.ucsd.edu/courses/LING.html#lign160,published snapshot FA25
https://catalog.ucsd.edu/courses/LING.html#lign165,published snapshot SP25
https://catalog.ucsd.edu/courses/LING.html#lign167,published snapshot FA25 | published snapshot FA26
https://catalog.ucsd.edu/courses/LING.html#lign169,published snapshot WI25
https://catalog.ucsd.edu/courses/LING.html#lign17,published snapshot FA24 | published snapshot FA25 | published snapshot FA26 | published snapshot S224 | published snapshot S225 | published snapshot S226 | published snapshot SP25 | published snapshot SP26 | published snapshot WI25 | published snapshot WI26
https://catalog.ucsd.edu/courses/LING.html#lign170,published snapshot S226
https://catalog.ucsd.edu/courses/LING.html#lign171,published snapshot FA26 | published snapshot WI26
https://catalog.ucsd.edu/courses/LING.html#lign172,published snapshot SP26 | published snapshot WI25
https://catalog.ucsd.edu/courses/LING.html#lign175,published snapshot FA26
https://catalog.ucsd.edu/courses/LING.html#lign176,published snapshot SP26
https://catalog.ucsd.edu/courses/LING.html#lign178,published snapshot WI25
https://catalog.ucsd.edu/courses/LING.html#lign179,published snapshot FA25
https://catalog.ucsd.edu/courses/LING.html#lign180,published snapshot SP25
https://catalog.ucsd.edu/courses/LING.html#lign181,published snapshot SP26
https://catalog.ucsd.edu/courses/LING.html#lign187,published snapshot WI25
https://catalog.ucsd.edu/courses/LING.html#lign188r,published snapshot FA25 | published snapshot FA26 | published snapshot SP25 | published snapshot SP26 | published snapshot WI25 | published snapshot WI26
https://catalog.ucsd.edu/courses/LING.html#lign199,published snapshot FA25 | published snapshot FA26 | published snapshot SP25 | published snapshot SP26 | published snapshot WI25 | published snapshot WI26
https://catalog.ucsd.edu/courses/LING.html#lign199h,published snapshot SP25 | published snapshot SP26
https://catalog.ucsd.edu/courses/LING.html#lign200,published snapshot FA25 | published snapshot FA26 | published snapshot SP25 | published snapshot SP26 | published snapshot WI25 | published snapshot WI26
https://catalog.ucsd.edu/courses/LING.html#lign210,published snapshot FA25
https://catalog.ucsd.edu/courses/LING.html#lign211,published snapshot SP25 | published snapshot WI26
https://catalog.ucsd.edu/courses/LING.html#lign214,published snapshot WI25
https://catalog.ucsd.edu/courses/LING.html#lign215,published snapshot WI26
https://catalog.ucsd.edu/courses/LING.html#lign220,published snapshot SP25 | published snapshot WI26
https://catalog.ucsd.edu/courses/LING.html#lign221,published snapshot FA25 | published snapshot FA26
https://catalog.ucsd.edu/courses/LING.html#lign225,published snapshot SP25 | published snapshot WI25
https://catalog.ucsd.edu/courses/LING.html#lign230,published snapshot FA26 | published snapshot SP26
https://catalog.ucsd.edu/courses/LING.html#lign236,published snapshot FA25
https://catalog.ucsd.edu/courses/LING.html#lign238,published snapshot SP25
https://catalog.ucsd.edu/courses/LING.html#lign240,published snapshot SP26
https://catalog.ucsd.edu/courses/LING.html#lign241,published snapshot FA26
https://catalog.ucsd.edu/courses/LING.html#lign251,published snapshot WI25
https://catalog.ucsd.edu/courses/LING.html#lign252,published snapshot SP25
https://catalog.ucsd.edu/courses/LING.html#lign255,published snapshot WI26
https://catalog.ucsd.edu/courses/LING.html#lign256,published snapshot FA26 | published snapshot WI26
https://catalog.ucsd.edu/courses/LING.html#lign279,published snapshot SP25
https://catalog.ucsd.edu/courses/LING.html#lign280,published snapshot SP26
https://catalog.ucsd.edu/courses/LING.html#lign282,published snapshot SP26
https://catalog.ucsd.edu/courses/LING.html#lign293,published snapshot FA25 | published snapshot FA26
https://catalog.ucsd.edu/courses/LING.html#lign296,published snapshot FA25 | published snapshot FA26 | published snapshot SP25 | published snapshot SP26 | published snapshot WI25 | published snapshot WI26
https://catalog.ucsd.edu/courses/LING.html#lign299,published snapshot FA25 | published snapshot FA26 | published snapshot SP25 | published snapshot SP26 | published snapshot WI25 | published snapshot WI26
https://catalog.ucsd.edu/courses/LING.html#lign5,published snapshot FA24 | published snapshot FA25 | published snapshot FA26
https://catalog.ucsd.edu/courses/LING.html#lign500,published snapshot FA26 | published snapshot WI25 | published snapshot WI26
https://catalog.ucsd.edu/courses/LING.html#lign502,published snapshot FA25 | published snapshot FA26 | published snapshot SP25 | published snapshot SP26 | published snapshot WI25 | published snapshot WI26
https://catalog.ucsd.edu/courses/LING.html#lign503,published snapshot FA25 | published snapshot FA26 | published snapshot SP25 | published snapshot SP26 | published snapshot WI25 | published snapshot WI26
https://catalog.ucsd.edu/courses/LING.html#lign504,published snapshot FA25 | published snapshot FA26 | published snapshot SP25 | published snapshot SP26 | published snapshot WI25 | published snapshot WI26
https://catalog.ucsd.edu/courses/LING.html#lign505,published snapshot FA25 | published snapshot FA26 | published snapshot SP25 | published snapshot SP26 | published snapshot WI25 | published snapshot WI26
https://catalog.ucsd.edu/courses/LING.html#lign506,published snapshot FA25 | published snapshot FA26 | published snapshot SP25 | published snapshot SP26 | published snapshot WI25 | published snapshot WI26
https://catalog.ucsd.edu/courses/LING.html#lign507,published snapshot FA25 | published snapshot FA26 | published snapshot SP25 | published snapshot SP26 | published snapshot WI25 | published snapshot WI26
https://catalog.ucsd.edu/courses/LING.html#lign508,published snapshot FA25 | published snapshot FA26 | published snapshot SP25 | published snapshot SP26 | published snapshot WI25 | published snapshot WI26
https://catalog.ucsd.edu/courses/LING.html#lign509,published snapshot FA25 | published snapshot FA26 | published snapshot SP25 | published snapshot SP26 | published snapshot WI25 | published snapshot WI26
https://catalog.ucsd.edu/courses/LING.html#lign7,published snapshot FA24 | published snapshot FA25 | published snapshot FA26 | published snapshot S224 | published snapshot S225 | published snapshot WI26
https://catalog.ucsd.edu/courses/LING.html#lign8,published snapshot FA24 | published snapshot FA25 | published snapshot FA26 | published snapshot S125 | published snapshot S126 | published snapshot SP25 | published snapshot SP26 | published snapshot WI25 | published snapshot WI26
https://catalog.ucsd.edu/courses/LING.html#lign9gs,published snapshot S125 | published snapshot S126
https://catalog.ucsd.edu/courses/LING.html#lihl112f,published snapshot FA24 | published snapshot FA25 | published snapshot FA26
https://catalog.ucsd.edu/courses/LING.html#lihl112p,published snapshot SP25 | published snapshot SP26
https://catalog.ucsd.edu/courses/LING.html#lihl112w,published snapshot WI25 | published snapshot WI26
https://catalog.ucsd.edu/courses/LING.html#lihl114f,published snapshot FA24 | published snapshot FA25 | published snapshot FA26
https://catalog.ucsd.edu/courses/LING.html#lihl114p,published snapshot SP25 | published snapshot SP26
https://catalog.ucsd.edu/courses/LING.html#lihl114w,published snapshot WI25 | published snapshot WI26
https://catalog.ucsd.edu/courses/LING.html#lihl117f,published snapshot FA24 | published snapshot FA25 | published snapshot FA26
https://catalog.ucsd.edu/courses/LING.html#lihl117p,published snapshot SP25 | published snapshot SP26
https://catalog.ucsd.edu/courses/LING.html#lihl117w,published snapshot WI25 | published snapshot WI26
https://catalog.ucsd.edu/courses/LING.html#lihl118,published snapshot FA24 | published snapshot FA25 | published snapshot SP25 | published snapshot WI25
https://catalog.ucsd.edu/courses/LING.html#lihl118f,published snapshot FA26
https://catalog.ucsd.edu/courses/LING.html#lihl118p,published snapshot SP26
https://catalog.ucsd.edu/courses/LING.html#lihl118w,published snapshot WI26
https://catalog.ucsd.edu/courses/LING.html#lihl124f,published snapshot FA24 | published snapshot FA25 | published snapshot FA26
https://catalog.ucsd.edu/courses/LING.html#lihl124p,published snapshot SP25 | published snapshot SP26
https://catalog.ucsd.edu/courses/LING.html#lihl124w,published snapshot WI25 | published snapshot WI26
https://catalog.ucsd.edu/courses/LING.html#lihl132f,published snapshot FA24 | published snapshot FA25 | published snapshot FA26
https://catalog.ucsd.edu/courses/LING.html#lihl132p,published snapshot SP25 | published snapshot SP26
https://catalog.ucsd.edu/courses/LING.html#lihl132w,published snapshot WI25 | published snapshot WI26
https://catalog.ucsd.edu/courses/LING.html#lihl134f,published snapshot FA24 | published snapshot FA25 | published snapshot FA26
https://catalog.ucsd.edu/courses/LING.html#lihl134p,published snapshot SP25
https://catalog.ucsd.edu/courses/LING.html#lihl134w,published snapshot WI25 | published snapshot WI26
https://catalog.ucsd.edu/courses/LING.html#lihl138p,published snapshot SP26
https://catalog.ucsd.edu/courses/LING.html#liit1a,published snapshot FA24 | published snapshot FA25 | published snapshot FA26
https://catalog.ucsd.edu/courses/LING.html#liit1ax,published snapshot FA24 | published snapshot FA25 | published snapshot FA26
https://catalog.ucsd.edu/courses/LING.html#liit1b,published snapshot WI25 | published snapshot WI26
https://catalog.ucsd.edu/courses/LING.html#liit1bx,published snapshot WI25 | published snapshot WI26
https://catalog.ucsd.edu/courses/LING.html#liit1c,published snapshot SP25 | published snapshot SP26
https://catalog.ucsd.edu/courses/LING.html#liit1cx,published snapshot SP25 | published snapshot SP26
https://catalog.ucsd.edu/courses/LING.html#lipo1a,published snapshot FA24 | published snapshot FA25 | published snapshot FA26
https://catalog.ucsd.edu/courses/LING.html#lipo1ax,published snapshot FA24 | published snapshot FA25 | published snapshot FA26
https://catalog.ucsd.edu/courses/LING.html#lipo1b,published snapshot WI25 | published snapshot WI26
https://catalog.ucsd.edu/courses/LING.html#lipo1bx,published snapshot WI25 | published snapshot WI26
https://catalog.ucsd.edu/courses/LING.html#lipo1c,published snapshot SP25 | published snapshot SP26
https://catalog.ucsd.edu/courses/LING.html#lipo1cx,published snapshot SP25 | published snapshot SP26
https://catalog.ucsd.edu/courses/LING.html#lipo1d,published snapshot FA24 | published snapshot FA25 | published snapshot FA26
https://catalog.ucsd.edu/courses/LING.html#lipo1dx,published snapshot FA24 | published snapshot FA25 | published snapshot FA26
https://catalog.ucsd.edu/courses/LING.html#lisl1a,05-pipeline-and-schema/tools/catalog-snapshot/generalCatalog.test.ts | published snapshot FA24 | published snapshot FA25 | published snapshot FA26 | published snapshot SP25 | published snapshot SP26
https://catalog.ucsd.edu/courses/LING.html#lisl1ar,published snapshot FA24 | published snapshot FA25 | published snapshot FA26 | published snapshot SP25 | published snapshot SP26
https://catalog.ucsd.edu/courses/LING.html#lisl1ax,published snapshot FA24 | published snapshot FA25 | published snapshot FA26 | published snapshot SP25 | published snapshot SP26
https://catalog.ucsd.edu/courses/LING.html#lisl1b,published snapshot FA24 | published snapshot FA25 | published snapshot FA26 | published snapshot WI25 | published snapshot WI26
https://catalog.ucsd.edu/courses/LING.html#lisl1bx,published snapshot FA24 | published snapshot FA25 | published snapshot FA26 | published snapshot WI25 | published snapshot WI26
https://catalog.ucsd.edu/courses/LING.html#lisl1c,published snapshot SP25 | published snapshot SP26 | published snapshot WI25 | published snapshot WI26
https://catalog.ucsd.edu/courses/LING.html#lisl1cx,published snapshot SP25 | published snapshot SP26 | published snapshot WI25 | published snapshot WI26
https://catalog.ucsd.edu/courses/LING.html#lisl1d,published snapshot FA24 | published snapshot FA25 | published snapshot FA26 | published snapshot SP25 | published snapshot SP26
https://catalog.ucsd.edu/courses/LING.html#lisl1dx,published snapshot FA24 | published snapshot FA25 | published snapshot FA26 | published snapshot SP25 | published snapshot SP26
https://catalog.ucsd.edu/courses/LING.html#lisl1e,published snapshot WI25 | published snapshot WI26
https://catalog.ucsd.edu/courses/LING.html#lisp18,published snapshot FA24 | published snapshot FA25 | published snapshot FA26 | published snapshot SP25 | published snapshot SP26 | published snapshot WI25 | published snapshot WI26
https://catalog.ucsd.edu/courses/LING.html#lisp1a,published snapshot FA24 | published snapshot FA25 | published snapshot FA26 | published snapshot SP25 | published snapshot SP26
https://catalog.ucsd.edu/courses/LING.html#lisp1ax,published snapshot FA24 | published snapshot FA25 | published snapshot FA26 | published snapshot SP25 | published snapshot SP26
https://catalog.ucsd.edu/courses/LING.html#lisp1b,published snapshot FA24 | published snapshot FA25 | published snapshot FA26 | published snapshot S126 | published snapshot WI25 | published snapshot WI26
https://catalog.ucsd.edu/courses/LING.html#lisp1bx,published snapshot FA24 | published snapshot FA25 | published snapshot FA26 | published snapshot S126 | published snapshot WI25 | published snapshot WI26
https://catalog.ucsd.edu/courses/LING.html#lisp1c,published snapshot S226 | published snapshot SP25 | published snapshot SP26 | published snapshot WI25 | published snapshot WI26
https://catalog.ucsd.edu/courses/LING.html#lisp1cx,published snapshot S226 | published snapshot SP25 | published snapshot SP26 | published snapshot WI25 | published snapshot WI26
https://catalog.ucsd.edu/courses/LING.html#lisp1d,published snapshot FA24 | published snapshot FA25 | published snapshot FA26 | published snapshot S125 | published snapshot S126 | published snapshot SP25 | published snapshot SP26
https://catalog.ucsd.edu/courses/LING.html#lisp1dx,published snapshot FA24 | published snapshot FA25 | published snapshot FA26 | published snapshot S125 | published snapshot S126 | published snapshot SP25 | published snapshot SP26
https://catalog.ucsd.edu/courses/LIT.html,published snapshot FA26
https://catalog.ucsd.edu/courses/LIT.html#ltaf110,published snapshot WI26
https://catalog.ucsd.edu/courses/LIT.html#ltaf120,published snapshot FA24 | published snapshot FA25 | published snapshot FA26 | published snapshot WI26
https://catalog.ucsd.edu/courses/LIT.html#ltaf120gs,published snapshot S125 | published snapshot S126
https://catalog.ucsd.edu/courses/LIT.html#ltam100,published snapshot FA25 | published snapshot WI26
https://catalog.ucsd.edu/courses/LIT.html#ltam105,published snapshot WI25 | published snapshot WI26
https://catalog.ucsd.edu/courses/LIT.html#ltam110,published snapshot FA24 | published snapshot FA26 | published snapshot S126 | published snapshot S225 | published snapshot SP26 | published snapshot WI25
https://catalog.ucsd.edu/courses/LIT.html#ltam110gs,published snapshot S125 | published snapshot S225 | published snapshot S226
https://catalog.ucsd.edu/courses/LIT.html#ltam111,published snapshot SP25
https://catalog.ucsd.edu/courses/LIT.html#ltam120,published snapshot FA26 | published snapshot WI25
https://catalog.ucsd.edu/courses/LIT.html#ltch101,published snapshot FA25 | published snapshot FA26 | published snapshot S125 | published snapshot S225 | published snapshot SP25
https://catalog.ucsd.edu/courses/LIT.html#ltco201,published snapshot FA26 | published snapshot SP26
https://catalog.ucsd.edu/courses/LIT.html#ltco281,published snapshot FA24 | published snapshot WI25
https://catalog.ucsd.edu/courses/LIT.html#ltco282,published snapshot WI25 | published snapshot WI26
https://catalog.ucsd.edu/courses/LIT.html#ltco284,published snapshot FA24
https://catalog.ucsd.edu/courses/LIT.html#ltco285,published snapshot FA25
https://catalog.ucsd.edu/courses/LIT.html#ltco287,published snapshot SP25
https://catalog.ucsd.edu/courses/LIT.html#ltco297,published snapshot FA24 | published snapshot FA25 | published snapshot SP25 | published snapshot WI25 | published snapshot WI26
https://catalog.ucsd.edu/courses/LIT.html#ltco298,published snapshot FA24 | published snapshot FA25 | published snapshot FA26 | published snapshot SP25 | published snapshot SP26 | published snapshot WI25 | published snapshot WI26
https://catalog.ucsd.edu/courses/LIT.html#ltco299,published snapshot FA24 | published snapshot FA25 | published snapshot FA26 | published snapshot S226 | published snapshot SP25 | published snapshot SP26 | published snapshot WI25 | published snapshot WI26
https://catalog.ucsd.edu/courses/LIT.html#ltcs10,published snapshot FA24 | published snapshot FA25 | published snapshot FA26
https://catalog.ucsd.edu/courses/LIT.html#ltcs108,published snapshot S125 | published snapshot WI25
https://catalog.ucsd.edu/courses/LIT.html#ltcs11,published snapshot WI25 | published snapshot WI26
https://catalog.ucsd.edu/courses/LIT.html#ltcs110,published snapshot FA26
https://catalog.ucsd.edu/courses/LIT.html#ltcs111,published snapshot SP25 | published snapshot WI25
https://catalog.ucsd.edu/courses/LIT.html#ltcs119,published snapshot FA24 | published snapshot SP26
https://catalog.ucsd.edu/courses/LIT.html#ltcs12,published snapshot SP25 | published snapshot SP26
https://catalog.ucsd.edu/courses/LIT.html#ltcs130,published snapshot FA25 | published snapshot FA26 | published snapshot S125 | published snapshot S224 | published snapshot S225
https://catalog.ucsd.edu/courses/LIT.html#ltcs131,published snapshot SP26 | published snapshot WI25
https://catalog.ucsd.edu/courses/LIT.html#ltcs141,published snapshot WI26
https://catalog.ucsd.edu/courses/LIT.html#ltcs150,published snapshot FA25
https://catalog.ucsd.edu/courses/LIT.html#ltcs155,published snapshot WI26
https://catalog.ucsd.edu/courses/LIT.html#ltcs170,published snapshot FA26
https://catalog.ucsd.edu/courses/LIT.html#ltcs172gs,published snapshot S125
https://catalog.ucsd.edu/courses/LIT.html#ltcs199,published snapshot SP25 | published snapshot WI26
https://catalog.ucsd.edu/courses/LIT.html#ltcs222,published snapshot SP25
https://catalog.ucsd.edu/courses/LIT.html#ltcs250,published snapshot FA25 | published snapshot FA26 | published snapshot SP25
https://catalog.ucsd.edu/courses/LIT.html#ltcs297,published snapshot FA24 | published snapshot FA25 | published snapshot SP25 | published snapshot SP26 | published snapshot WI25 | published snapshot WI26
https://catalog.ucsd.edu/courses/LIT.html#ltcs298,published snapshot FA24 | published snapshot FA25 | published snapshot SP25 | published snapshot SP26 | published snapshot WI25
https://catalog.ucsd.edu/courses/LIT.html#ltcs299,published snapshot FA24 | published snapshot FA25 | published snapshot FA26 | published snapshot SP25 | published snapshot SP26 | published snapshot WI25 | published snapshot WI26
https://catalog.ucsd.edu/courses/LIT.html#ltcs87,published snapshot FA24 | published snapshot FA25 | published snapshot FA26 | published snapshot SP25 | published snapshot WI25
https://catalog.ucsd.edu/courses/LIT.html#ltea100a,published snapshot WI25
https://catalog.ucsd.edu/courses/LIT.html#ltea100b,published snapshot SP25 | published snapshot SP26
https://catalog.ucsd.edu/courses/LIT.html#ltea110a,published snapshot FA26
https://catalog.ucsd.edu/courses/LIT.html#ltea110b,published snapshot FA24 | published snapshot SP26
https://catalog.ucsd.edu/courses/LIT.html#ltea110c,published snapshot SP25
https://catalog.ucsd.edu/courses/LIT.html#ltea120a,published snapshot FA25 | published snapshot S126 | published snapshot S224 | published snapshot SP25 | published snapshot SP26
https://catalog.ucsd.edu/courses/LIT.html#ltea120b,published snapshot FA25
https://catalog.ucsd.edu/courses/LIT.html#ltea120c,published snapshot FA24
https://catalog.ucsd.edu/courses/LIT.html#ltea132,published snapshot FA25 | published snapshot S224 | published snapshot S226 | published snapshot WI25
https://catalog.ucsd.edu/courses/LIT.html#ltea138,published snapshot FA26 | published snapshot S126 | published snapshot S225 | published snapshot WI25 | published snapshot WI26
https://catalog.ucsd.edu/courses/LIT.html#ltea140,published snapshot FA26
https://catalog.ucsd.edu/courses/LIT.html#ltea141,published snapshot WI26
https://catalog.ucsd.edu/courses/LIT.html#ltea142,published snapshot FA24 | published snapshot S125 | published snapshot WI26
https://catalog.ucsd.edu/courses/LIT.html#ltea143,published snapshot FA25 | published snapshot FA26
https://catalog.ucsd.edu/courses/LIT.html#ltea144,published snapshot SP26
https://catalog.ucsd.edu/courses/LIT.html#ltea145,published snapshot FA24 | published snapshot FA25
https://catalog.ucsd.edu/courses/LIT.html#ltea151,published snapshot FA24 | published snapshot WI26
https://catalog.ucsd.edu/courses/LIT.html#ltea199,published snapshot SP26
https://catalog.ucsd.edu/courses/LIT.html#lten107,published snapshot FA24 | published snapshot SP26
https://catalog.ucsd.edu/courses/LIT.html#lten110,published snapshot FA26 | published snapshot SP25 | published snapshot WI26
https://catalog.ucsd.edu/courses/LIT.html#lten112,published snapshot WI25
https://catalog.ucsd.edu/courses/LIT.html#lten113,published snapshot FA25
https://catalog.ucsd.edu/courses/LIT.html#lten117,published snapshot FA26
https://catalog.ucsd.edu/courses/LIT.html#lten125,published snapshot FA26
https://catalog.ucsd.edu/courses/LIT.html#lten127,published snapshot SP25
https://catalog.ucsd.edu/courses/LIT.html#lten128gs,published snapshot S125
https://catalog.ucsd.edu/courses/LIT.html#lten140,published snapshot SP26 | published snapshot WI25
https://catalog.ucsd.edu/courses/LIT.html#lten142,published snapshot WI25 | published snapshot WI26
https://catalog.ucsd.edu/courses/LIT.html#lten144,published snapshot FA24
https://catalog.ucsd.edu/courses/LIT.html#lten144gs,published snapshot S126
https://catalog.ucsd.edu/courses/LIT.html#lten148,published snapshot FA26 | published snapshot SP25 | published snapshot WI26
https://catalog.ucsd.edu/courses/LIT.html#lten149,published snapshot S126 | published snapshot S225 | published snapshot SP25
https://catalog.ucsd.edu/courses/LIT.html#lten152,published snapshot FA24 | published snapshot FA25
https://catalog.ucsd.edu/courses/LIT.html#lten158,published snapshot S125
https://catalog.ucsd.edu/courses/LIT.html#lten169,published snapshot FA25 | published snapshot S225 | published snapshot S226
https://catalog.ucsd.edu/courses/LIT.html#lten171,published snapshot FA24
https://catalog.ucsd.edu/courses/LIT.html#lten176,published snapshot SP26
https://catalog.ucsd.edu/courses/LIT.html#lten178,published snapshot S125 | published snapshot S224 | published snapshot S226
https://catalog.ucsd.edu/courses/LIT.html#lten179,published snapshot FA26
https://catalog.ucsd.edu/courses/LIT.html#lten180,published snapshot FA25 | published snapshot S126 | published snapshot S224 | published snapshot S225 | published snapshot WI25
https://catalog.ucsd.edu/courses/LIT.html#lten181,published snapshot FA25 | published snapshot S125 | published snapshot S225 | published snapshot SP25 | published snapshot WI25 | published snapshot WI26
https://catalog.ucsd.edu/courses/LIT.html#lten183,published snapshot SP25 | published snapshot WI26
https://catalog.ucsd.edu/courses/LIT.html#lten185,published snapshot FA25 | published snapshot FA26 | published snapshot SP25 | published snapshot SP26 | published snapshot WI25 | published snapshot WI26
https://catalog.ucsd.edu/courses/LIT.html#lten189,published snapshot FA25 | published snapshot WI25 | published snapshot WI26
https://catalog.ucsd.edu/courses/LIT.html#lten189gs,published snapshot S126
https://catalog.ucsd.edu/courses/LIT.html#lten196,published snapshot WI25 | published snapshot WI26
https://catalog.ucsd.edu/courses/LIT.html#lten199,published snapshot S324 | published snapshot S326 | published snapshot SP26
https://catalog.ucsd.edu/courses/LIT.html#lten21,published snapshot FA24 | published snapshot FA25
https://catalog.ucsd.edu/courses/LIT.html#lten22,published snapshot FA26 | published snapshot SP25 | published snapshot SP26
https://catalog.ucsd.edu/courses/LIT.html#lten23,published snapshot WI25 | published snapshot WI26
https://catalog.ucsd.edu/courses/LIT.html#lten231,published snapshot SP25
https://catalog.ucsd.edu/courses/LIT.html#lten25,published snapshot FA24 | published snapshot WI26
https://catalog.ucsd.edu/courses/LIT.html#lten252,published snapshot WI25
https://catalog.ucsd.edu/courses/LIT.html#lten254,published snapshot FA25 | published snapshot SP25
https://catalog.ucsd.edu/courses/LIT.html#lten256,published snapshot FA24
https://catalog.ucsd.edu/courses/LIT.html#lten258,published snapshot FA26
https://catalog.ucsd.edu/courses/LIT.html#lten259,published snapshot FA24 | published snapshot FA26 | published snapshot WI26
https://catalog.ucsd.edu/courses/LIT.html#lten26,published snapshot SP26 | published snapshot WI25
https://catalog.ucsd.edu/courses/LIT.html#lten27,published snapshot SP26 | published snapshot WI25
https://catalog.ucsd.edu/courses/LIT.html#lten271,published snapshot FA25
https://catalog.ucsd.edu/courses/LIT.html#lten272,published snapshot SP26 | published snapshot WI25
https://catalog.ucsd.edu/courses/LIT.html#lten28,published snapshot FA25 | published snapshot FA26 | published snapshot SP25
https://catalog.ucsd.edu/courses/LIT.html#lten281,published snapshot WI26
https://catalog.ucsd.edu/courses/LIT.html#lten29,published snapshot FA24 | published snapshot WI26
https://catalog.ucsd.edu/courses/LIT.html#lten297,published snapshot FA24 | published snapshot SP26
https://catalog.ucsd.edu/courses/LIT.html#lten298,published snapshot FA24 | published snapshot FA25 | published snapshot SP25 | published snapshot SP26
https://catalog.ucsd.edu/courses/LIT.html#lten299,published snapshot FA24 | published snapshot FA25 | published snapshot FA26 | published snapshot SP25 | published snapshot SP26 | published snapshot WI25 | published snapshot WI26
https://catalog.ucsd.edu/courses/LIT.html#lten87,published snapshot SP26
https://catalog.ucsd.edu/courses/LIT.html#lteu110,published snapshot FA26 | published snapshot SP25
https://catalog.ucsd.edu/courses/LIT.html#lteu111,published snapshot WI26
https://catalog.ucsd.edu/courses/LIT.html#lteu140,published snapshot FA25 | published snapshot SP25
https://catalog.ucsd.edu/courses/LIT.html#lteu141,published snapshot FA26 | published snapshot WI25 | published snapshot WI26
https://catalog.ucsd.edu/courses/LIT.html#lteu150a,published snapshot FA26 | published snapshot WI26
https://catalog.ucsd.edu/courses/LIT.html#lteu150c,published snapshot WI25
https://catalog.ucsd.edu/courses/LIT.html#lteu154,published snapshot FA24 | published snapshot FA25 | published snapshot SP25
https://catalog.ucsd.edu/courses/LIT.html#ltfr104,published snapshot FA24 | published snapshot FA25 | published snapshot FA26 | published snapshot WI25
https://catalog.ucsd.edu/courses/LIT.html#ltfr115,published snapshot SP26 | published snapshot WI25
https://catalog.ucsd.edu/courses/LIT.html#ltfr116,published snapshot WI26
https://catalog.ucsd.edu/courses/LIT.html#ltfr141,published snapshot SP25
https://catalog.ucsd.edu/courses/LIT.html#ltfr199,published snapshot FA24
https://catalog.ucsd.edu/courses/LIT.html#ltfr297,published snapshot FA25 | published snapshot SP25 | published snapshot WI25
https://catalog.ucsd.edu/courses/LIT.html#ltfr2a,published snapshot FA24 | published snapshot FA25 | published snapshot FA26 | published snapshot SP25 | published snapshot SP26
https://catalog.ucsd.edu/courses/LIT.html#ltfr2b,published snapshot FA24 | published snapshot FA25 | published snapshot WI25 | published snapshot WI26
https://catalog.ucsd.edu/courses/LIT.html#ltfr2c,published snapshot SP25 | published snapshot SP26 | published snapshot WI25 | published snapshot WI26
https://catalog.ucsd.edu/courses/LIT.html#ltgk1,published snapshot FA24 | published snapshot FA25 | published snapshot FA26
https://catalog.ucsd.edu/courses/LIT.html#ltgk103,published snapshot FA24 | published snapshot FA26
https://catalog.ucsd.edu/courses/LIT.html#ltgk104,published snapshot FA25 | published snapshot WI25
https://catalog.ucsd.edu/courses/LIT.html#ltgk199,published snapshot SP26
https://catalog.ucsd.edu/courses/LIT.html#ltgk2,published snapshot WI25 | published snapshot WI26
https://catalog.ucsd.edu/courses/LIT.html#ltgk3,published snapshot SP25 | published snapshot SP26
https://catalog.ucsd.edu/courses/LIT.html#ltgm199,published snapshot FA24
https://catalog.ucsd.edu/courses/LIT.html#ltgm2a,published snapshot FA24 | published snapshot FA25 | published snapshot FA26
https://catalog.ucsd.edu/courses/LIT.html#ltgm2b,published snapshot WI25 | published snapshot WI26
https://catalog.ucsd.edu/courses/LIT.html#ltgm2c,published snapshot SP25 | published snapshot SP26
https://catalog.ucsd.edu/courses/LIT.html#ltit115,published snapshot WI25
https://catalog.ucsd.edu/courses/LIT.html#ltit2a,published snapshot FA24 | published snapshot FA25 | published snapshot FA26
https://catalog.ucsd.edu/courses/LIT.html#ltit2b,published snapshot WI25 | published snapshot WI26
https://catalog.ucsd.edu/courses/LIT.html#ltit50,published snapshot SP25 | published snapshot SP26
https://catalog.ucsd.edu/courses/LIT.html#ltko130f,published snapshot FA24 | published snapshot FA25 | published snapshot FA26
https://catalog.ucsd.edu/courses/LIT.html#ltko130p,published snapshot SP25 | published snapshot SP26
https://catalog.ucsd.edu/courses/LIT.html#ltko130w,published snapshot WI25 | published snapshot WI26
https://catalog.ucsd.edu/courses/LIT.html#ltko135,published snapshot SP25 | published snapshot SP26
https://catalog.ucsd.edu/courses/LIT.html#ltko1a,published snapshot FA24 | published snapshot FA25 | published snapshot FA26
https://catalog.ucsd.edu/courses/LIT.html#ltko1b,published snapshot WI25 | published snapshot WI26
https://catalog.ucsd.edu/courses/LIT.html#ltko1c,published snapshot SP25 | published snapshot SP26
https://catalog.ucsd.edu/courses/LIT.html#ltko2a,published snapshot FA24 | published snapshot FA25 | published snapshot FA26
https://catalog.ucsd.edu/courses/LIT.html#ltko2b,published snapshot WI25 | published snapshot WI26
https://catalog.ucsd.edu/courses/LIT.html#ltko2c,published snapshot SP25 | published snapshot SP26
https://catalog.ucsd.edu/courses/LIT.html#ltla1,published snapshot FA24 | published snapshot FA25 | published snapshot FA26
https://catalog.ucsd.edu/courses/LIT.html#ltla100,published snapshot FA24 | published snapshot FA25 | published snapshot FA26
https://catalog.ucsd.edu/courses/LIT.html#ltla102,published snapshot WI25 | published snapshot WI26
https://catalog.ucsd.edu/courses/LIT.html#ltla2,published snapshot WI25 | published snapshot WI26
https://catalog.ucsd.edu/courses/LIT.html#ltla3,published snapshot SP25 | published snapshot SP26
https://catalog.ucsd.edu/courses/LIT.html#ltru104a,published snapshot SP25 | published snapshot SP26
https://catalog.ucsd.edu/courses/LIT.html#ltru104b,published snapshot FA24 | published snapshot FA25 | published snapshot FA26
https://catalog.ucsd.edu/courses/LIT.html#ltru104c,published snapshot WI25 | published snapshot WI26
https://catalog.ucsd.edu/courses/LIT.html#ltru110a,published snapshot FA26
https://catalog.ucsd.edu/courses/LIT.html#ltru110b,published snapshot WI26
https://catalog.ucsd.edu/courses/LIT.html#ltru110c,published snapshot WI25
https://catalog.ucsd.edu/courses/LIT.html#ltru150,published snapshot FA24 | published snapshot FA25 | published snapshot SP25
https://catalog.ucsd.edu/courses/LIT.html#ltru199,published snapshot FA25 | published snapshot S125 | published snapshot SP25
https://catalog.ucsd.edu/courses/LIT.html#ltru1a,published snapshot FA24 | published snapshot FA25 | published snapshot FA26
https://catalog.ucsd.edu/courses/LIT.html#ltru1b,published snapshot WI25 | published snapshot WI26
https://catalog.ucsd.edu/courses/LIT.html#ltru1c,published snapshot SP25 | published snapshot SP26
https://catalog.ucsd.edu/courses/LIT.html#ltru2a,published snapshot FA24 | published snapshot FA25 | published snapshot FA26
https://catalog.ucsd.edu/courses/LIT.html#ltru2b,published snapshot WI25 | published snapshot WI26
https://catalog.ucsd.edu/courses/LIT.html#ltsp100a,published snapshot FA24 | published snapshot FA25 | published snapshot FA26 | published snapshot SP25 | published snapshot SP26
https://catalog.ucsd.edu/courses/LIT.html#ltsp100f,published snapshot FA24 | published snapshot FA25 | published snapshot FA26 | published snapshot SP25 | published snapshot SP26 | published snapshot WI25 | published snapshot WI26
https://catalog.ucsd.edu/courses/LIT.html#ltsp116,published snapshot FA25 | published snapshot FA26 | published snapshot WI25
https://catalog.ucsd.edu/courses/LIT.html#ltsp123gs,published snapshot S125 | published snapshot S126
https://catalog.ucsd.edu/courses/LIT.html#ltsp124,published snapshot FA24
https://catalog.ucsd.edu/courses/LIT.html#ltsp134,published snapshot SP25 | published snapshot WI26
https://catalog.ucsd.edu/courses/LIT.html#ltsp135a,published snapshot FA24 | published snapshot WI26
https://catalog.ucsd.edu/courses/LIT.html#ltsp135b,published snapshot WI25
https://catalog.ucsd.edu/courses/LIT.html#ltsp145,published snapshot FA26 | published snapshot WI25
https://catalog.ucsd.edu/courses/LIT.html#ltsp155,published snapshot SP25 | published snapshot WI25
https://catalog.ucsd.edu/courses/LIT.html#ltsp166,published snapshot WI25
https://catalog.ucsd.edu/courses/LIT.html#ltsp169,published snapshot SP25 | published snapshot SP26
https://catalog.ucsd.edu/courses/LIT.html#ltsp172,published snapshot FA25 | published snapshot WI25
https://catalog.ucsd.edu/courses/LIT.html#ltsp174,published snapshot FA24 | published snapshot FA25 | published snapshot SP26
https://catalog.ucsd.edu/courses/LIT.html#ltsp174gs,published snapshot S125 | published snapshot S126
https://catalog.ucsd.edu/courses/LIT.html#ltsp175,published snapshot FA26 | published snapshot S224 | published snapshot SP25 | published snapshot SP26
https://catalog.ucsd.edu/courses/LIT.html#ltsp180,published snapshot S125
https://catalog.ucsd.edu/courses/LIT.html#ltsp192,published snapshot FA26 | published snapshot SP26
https://catalog.ucsd.edu/courses/LIT.html#ltsp199,published snapshot SP26
https://catalog.ucsd.edu/courses/LIT.html#ltsp272,published snapshot FA24 | published snapshot SP25 | published snapshot SP26
https://catalog.ucsd.edu/courses/LIT.html#ltsp297,published snapshot FA24
https://catalog.ucsd.edu/courses/LIT.html#ltsp298,published snapshot FA24 | published snapshot FA25 | published snapshot SP25 | published snapshot SP26 | published snapshot WI26
https://catalog.ucsd.edu/courses/LIT.html#ltsp299,published snapshot FA25 | published snapshot FA26 | published snapshot SP25 | published snapshot SP26 | published snapshot WI25 | published snapshot WI26
https://catalog.ucsd.edu/courses/LIT.html#ltsp2a,published snapshot FA24 | published snapshot FA25 | published snapshot FA26 | published snapshot S226 | published snapshot SP25 | published snapshot SP26 | published snapshot WI25 | published snapshot WI26
https://catalog.ucsd.edu/courses/LIT.html#ltsp2b,published snapshot FA24 | published snapshot FA25 | published snapshot FA26 | published snapshot SP25 | published snapshot SP26 | published snapshot WI25 | published snapshot WI26
https://catalog.ucsd.edu/courses/LIT.html#ltsp2c,published snapshot FA24 | published snapshot FA25 | published snapshot FA26 | published snapshot SP25 | published snapshot SP26 | published snapshot WI25 | published snapshot WI26
https://catalog.ucsd.edu/courses/LIT.html#ltsp2f,published snapshot FA24 | published snapshot FA25 | published snapshot FA26 | published snapshot SP25 | published snapshot SP26 | published snapshot WI25 | published snapshot WI26
https://catalog.ucsd.edu/courses/LIT.html#ltsp3f,published snapshot FA24 | published snapshot FA25 | published snapshot FA26 | published snapshot SP25 | published snapshot SP26 | published snapshot WI25 | published snapshot WI26
https://catalog.ucsd.edu/courses/LIT.html#ltsp87,published snapshot FA24 | published snapshot FA25 | published snapshot FA26 | published snapshot SP26
https://catalog.ucsd.edu/courses/LIT.html#ltth115,published snapshot FA24 | published snapshot FA26 | published snapshot SP26
https://catalog.ucsd.edu/courses/LIT.html#ltth210a,published snapshot FA24 | published snapshot FA25 | published snapshot FA26
https://catalog.ucsd.edu/courses/LIT.html#ltth210b,published snapshot WI25 | published snapshot WI26
https://catalog.ucsd.edu/courses/LIT.html#ltth210c,published snapshot SP25 | published snapshot SP26
https://catalog.ucsd.edu/courses/LIT.html#ltth250,published snapshot FA26 | published snapshot SP25
https://catalog.ucsd.edu/courses/LIT.html#ltth260,published snapshot SP25 | published snapshot SP26
https://catalog.ucsd.edu/courses/LIT.html#ltth261,published snapshot WI26
https://catalog.ucsd.edu/courses/LIT.html#ltwl10,published snapshot FA24 | published snapshot FA25
https://catalog.ucsd.edu/courses/LIT.html#ltwl100,published snapshot FA24 | published snapshot FA26 | published snapshot S126 | published snapshot S224 | published snapshot S225 | published snapshot SP26
https://catalog.ucsd.edu/courses/LIT.html#ltwl101,published snapshot FA25 | published snapshot FA26 | published snapshot SP25
https://catalog.ucsd.edu/courses/LIT.html#ltwl102,published snapshot WI25 | published snapshot WI26
https://catalog.ucsd.edu/courses/LIT.html#ltwl103,published snapshot WI26
https://catalog.ucsd.edu/courses/LIT.html#ltwl11,published snapshot SP26 | published snapshot WI25
https://catalog.ucsd.edu/courses/LIT.html#ltwl110b,published snapshot FA26
https://catalog.ucsd.edu/courses/LIT.html#ltwl114,published snapshot SP25 | published snapshot SP26
https://catalog.ucsd.edu/courses/LIT.html#ltwl116,published snapshot FA24 | published snapshot S125 | published snapshot S226 | published snapshot WI26
https://catalog.ucsd.edu/courses/LIT.html#ltwl12,published snapshot FA26 | published snapshot SP25 | published snapshot SP26
https://catalog.ucsd.edu/courses/LIT.html#ltwl120,published snapshot S125 | published snapshot WI25 | published snapshot WI26
https://catalog.ucsd.edu/courses/LIT.html#ltwl123,published snapshot S126 | published snapshot SP26
https://catalog.ucsd.edu/courses/LIT.html#ltwl124,published snapshot S226 | published snapshot WI25
https://catalog.ucsd.edu/courses/LIT.html#ltwl128,published snapshot SP25
https://catalog.ucsd.edu/courses/LIT.html#ltwl138,published snapshot SP25
https://catalog.ucsd.edu/courses/LIT.html#ltwl155,published snapshot S125
https://catalog.ucsd.edu/courses/LIT.html#ltwl165,published snapshot FA25 | published snapshot SP26 | published snapshot WI25
https://catalog.ucsd.edu/courses/LIT.html#ltwl167,published snapshot FA25
https://catalog.ucsd.edu/courses/LIT.html#ltwl172,published snapshot FA24 | published snapshot FA26 | published snapshot SP26 | published snapshot WI26
https://catalog.ucsd.edu/courses/LIT.html#ltwl180,published snapshot FA26 | published snapshot SP25 | published snapshot WI25
https://catalog.ucsd.edu/courses/LIT.html#ltwl180gs,published snapshot S125 | published snapshot S225
https://catalog.ucsd.edu/courses/LIT.html#ltwl181,published snapshot S125 | published snapshot S224 | published snapshot S225 | published snapshot WI26
https://catalog.ucsd.edu/courses/LIT.html#ltwl183,published snapshot FA24 | published snapshot FA25 | published snapshot SP26
https://catalog.ucsd.edu/courses/LIT.html#ltwl184,published snapshot S225 | published snapshot SP25 | published snapshot SP26 | published snapshot WI25
https://catalog.ucsd.edu/courses/LIT.html#ltwl192,published snapshot SP25
https://catalog.ucsd.edu/courses/LIT.html#ltwl194,published snapshot FA24 | published snapshot FA25 | published snapshot FA26
https://catalog.ucsd.edu/courses/LIT.html#ltwl194a,published snapshot SP25 | published snapshot SP26
https://catalog.ucsd.edu/courses/LIT.html#ltwl196,published snapshot WI25 | published snapshot WI26
https://catalog.ucsd.edu/courses/LIT.html#ltwl199,published snapshot FA24 | published snapshot S325 | published snapshot SP25 | published snapshot WI25
https://catalog.ucsd.edu/courses/LIT.html#ltwl19a,published snapshot FA24 | published snapshot FA25
https://catalog.ucsd.edu/courses/LIT.html#ltwl19b,published snapshot WI25 | published snapshot WI26
https://catalog.ucsd.edu/courses/LIT.html#ltwl19c,published snapshot SP25 | published snapshot SP26
https://catalog.ucsd.edu/courses/LIT.html#ltwl500,published snapshot FA24 | published snapshot FA25 | published snapshot FA26 | published snapshot SP25 | published snapshot SP26 | published snapshot WI25 | published snapshot WI26
https://catalog.ucsd.edu/courses/LIT.html#ltwl87,published snapshot SP26
https://catalog.ucsd.edu/courses/LIT.html#ltwr100c,published snapshot FA24 | published snapshot FA25 | published snapshot S126 | published snapshot WI26
https://catalog.ucsd.edu/courses/LIT.html#ltwr100w,published snapshot FA25 | published snapshot FA26 | published snapshot S226 | published snapshot SP25 | published snapshot SP26
https://catalog.ucsd.edu/courses/LIT.html#ltwr101c,published snapshot SP26 | published snapshot WI25
https://catalog.ucsd.edu/courses/LIT.html#ltwr102c,published snapshot FA24 | published snapshot S125 | published snapshot S225 | published snapshot WI26
https://catalog.ucsd.edu/courses/LIT.html#ltwr102w,published snapshot FA25 | published snapshot FA26 | published snapshot S125 | published snapshot SP25
https://catalog.ucsd.edu/courses/LIT.html#ltwr103c,published snapshot FA24 | published snapshot FA26 | published snapshot SP26
https://catalog.ucsd.edu/courses/LIT.html#ltwr104aw,published snapshot FA25
https://catalog.ucsd.edu/courses/LIT.html#ltwr104bw,published snapshot WI26
https://catalog.ucsd.edu/courses/LIT.html#ltwr106c,published snapshot FA24 | published snapshot FA25 | published snapshot FA26 | published snapshot SP25 | published snapshot SP26
https://catalog.ucsd.edu/courses/LIT.html#ltwr109c,published snapshot S125 | published snapshot SP25 | published snapshot WI25 | published snapshot WI26
https://catalog.ucsd.edu/courses/LIT.html#ltwr110c,published snapshot SP26 | published snapshot WI25
https://catalog.ucsd.edu/courses/LIT.html#ltwr110w,published snapshot FA24
https://catalog.ucsd.edu/courses/LIT.html#ltwr113c,published snapshot FA25 | published snapshot FA26 | published snapshot SP25 | published snapshot WI25 | published snapshot WI26
https://catalog.ucsd.edu/courses/LIT.html#ltwr114c,published snapshot SP26
https://catalog.ucsd.edu/courses/LIT.html#ltwr114w,published snapshot WI25
https://catalog.ucsd.edu/courses/LIT.html#ltwr115c,published snapshot FA25 | published snapshot FA26 | published snapshot WI25
https://catalog.ucsd.edu/courses/LIT.html#ltwr115w,published snapshot S225 | published snapshot SP25 | published snapshot WI26
https://catalog.ucsd.edu/courses/LIT.html#ltwr119c,published snapshot SP25
https://catalog.ucsd.edu/courses/LIT.html#ltwr120c,published snapshot FA24 | published snapshot WI25 | published snapshot WI26
https://catalog.ucsd.edu/courses/LIT.html#ltwr121c,published snapshot WI25
https://catalog.ucsd.edu/courses/LIT.html#ltwr122c,published snapshot SP26
https://catalog.ucsd.edu/courses/LIT.html#ltwr124c,published snapshot FA24 | published snapshot FA25
https://catalog.ucsd.edu/courses/LIT.html#ltwr124w,published snapshot SP25
https://catalog.ucsd.edu/courses/LIT.html#ltwr126c,published snapshot FA25 | published snapshot SP25
https://catalog.ucsd.edu/courses/LIT.html#ltwr126w,published snapshot FA26 | published snapshot S226 | published snapshot SP26 | published snapshot WI25
https://catalog.ucsd.edu/courses/LIT.html#ltwr129c,published snapshot SP26
https://catalog.ucsd.edu/courses/LIT.html#ltwr140,published snapshot SP25 | published snapshot SP26
https://catalog.ucsd.edu/courses/LIT.html#ltwr143,published snapshot FA24 | published snapshot WI26
https://catalog.ucsd.edu/courses/LIT.html#ltwr144,published snapshot WI25
https://catalog.ucsd.edu/courses/LIT.html#ltwr148,published snapshot FA25 | published snapshot FA26 | published snapshot SP25
https://catalog.ucsd.edu/courses/LIT.html#ltwr194,published snapshot FA24 | published snapshot FA25 | published snapshot FA26
https://catalog.ucsd.edu/courses/LIT.html#ltwr196,published snapshot WI25 | published snapshot WI26
https://catalog.ucsd.edu/courses/LIT.html#ltwr199,published snapshot SP25 | published snapshot SP26
https://catalog.ucsd.edu/courses/LIT.html#ltwr215,published snapshot FA24 | published snapshot FA25 | published snapshot FA26 | published snapshot SP25 | published snapshot SP26 | published snapshot WI25 | published snapshot WI26
https://catalog.ucsd.edu/courses/LIT.html#ltwr220,published snapshot FA25 | published snapshot SP26 | published snapshot WI25 | published snapshot WI26
https://catalog.ucsd.edu/courses/LIT.html#ltwr295,published snapshot FA24 | published snapshot FA25 | published snapshot FA26 | published snapshot SP25 | published snapshot SP26 | published snapshot WI25 | published snapshot WI26
https://catalog.ucsd.edu/courses/LIT.html#ltwr298,published snapshot SP26
https://catalog.ucsd.edu/courses/LIT.html#ltwr8a,published snapshot FA25 | published snapshot FA26 | published snapshot SP25 | published snapshot SP26 | published snapshot WI25
https://catalog.ucsd.edu/courses/LIT.html#ltwr8b,published snapshot FA24 | published snapshot FA25 | published snapshot FA26 | published snapshot WI25 | published snapshot WI26
https://catalog.ucsd.edu/courses/LIT.html#ltwr8c,published snapshot FA24 | published snapshot SP25 | published snapshot SP26 | published snapshot WI26
https://catalog.ucsd.edu/courses/MAE.html,published snapshot FA24 | published snapshot FA25 | published snapshot WI26
https://catalog.ucsd.edu/courses/MAE.html#mae101a,published snapshot FA24 | published snapshot FA25 | published snapshot FA26 | published snapshot S125 | published snapshot S126 | published snapshot WI25 | published snapshot WI26
https://catalog.ucsd.edu/courses/MAE.html#mae101b,published snapshot S224 | published snapshot S225 | published snapshot S226 | published snapshot SP25 | published snapshot SP26 | published snapshot WI25 | published snapshot WI26
https://catalog.ucsd.edu/courses/MAE.html#mae101c,published snapshot FA24 | published snapshot FA25 | published snapshot FA26 | published snapshot S125 | published snapshot S126 | published snapshot SP25 | published snapshot SP26
https://catalog.ucsd.edu/courses/MAE.html#mae101d,published snapshot SP25
https://catalog.ucsd.edu/courses/MAE.html#mae104,published snapshot FA24 | published snapshot FA25 | published snapshot S126 | published snapshot SP25 | published snapshot SP26
https://catalog.ucsd.edu/courses/MAE.html#mae105,published snapshot FA24 | published snapshot FA25 | published snapshot FA26 | published snapshot S224 | published snapshot S225 | published snapshot S226 | published snapshot SP25 | published snapshot SP26
https://catalog.ucsd.edu/courses/MAE.html#mae107,published snapshot FA24 | published snapshot FA25 | published snapshot FA26 | published snapshot S126 | published snapshot S224 | published snapshot S225 | published snapshot SP25 | published snapshot SP26
https://catalog.ucsd.edu/courses/MAE.html#mae11,published snapshot FA24 | published snapshot FA25 | published snapshot FA26 | published snapshot S126 | published snapshot S225 | published snapshot WI26
https://catalog.ucsd.edu/courses/MAE.html#mae110,published snapshot FA24 | published snapshot WI26
https://catalog.ucsd.edu/courses/MAE.html#mae113,published snapshot FA24 | published snapshot FA25 | published snapshot FA26 | published snapshot S125 | published snapshot S126
https://catalog.ucsd.edu/courses/MAE.html#mae114,published snapshot FA25 | published snapshot FA26 | published snapshot WI25
https://catalog.ucsd.edu/courses/MAE.html#mae118,published snapshot WI25 | published snapshot WI26
https://catalog.ucsd.edu/courses/MAE.html#mae119,published snapshot SP25 | published snapshot SP26
https://catalog.ucsd.edu/courses/MAE.html#mae120,published snapshot FA25 | published snapshot WI25
https://catalog.ucsd.edu/courses/MAE.html#mae122,published snapshot FA24 | published snapshot FA25
https://catalog.ucsd.edu/courses/MAE.html#mae125,published snapshot WI25 | published snapshot WI26
https://catalog.ucsd.edu/courses/MAE.html#mae130,published snapshot WI25 | published snapshot WI26
https://catalog.ucsd.edu/courses/MAE.html#mae131a,published snapshot FA24 | published snapshot FA25 | published snapshot FA26 | published snapshot S125 | published snapshot S126 | published snapshot SP25 | published snapshot SP26 | published snapshot WI26
https://catalog.ucsd.edu/courses/MAE.html#mae131b,published snapshot S224 | published snapshot WI25 | published snapshot WI26
https://catalog.ucsd.edu/courses/MAE.html#mae133,published snapshot FA24 | published snapshot SP26
https://catalog.ucsd.edu/courses/MAE.html#mae142,published snapshot FA24 | published snapshot FA25 | published snapshot FA26 | published snapshot S125 | published snapshot S126 | published snapshot WI25 | published snapshot WI26
https://catalog.ucsd.edu/courses/MAE.html#mae143a,published snapshot FA24 | published snapshot FA25 | published snapshot FA26 | published snapshot S125 | published snapshot WI25 | published snapshot WI26
https://catalog.ucsd.edu/courses/MAE.html#mae143b,published snapshot S224 | published snapshot S225 | published snapshot S226 | published snapshot SP25 | published snapshot SP26 | published snapshot WI25 | published snapshot WI26
https://catalog.ucsd.edu/courses/MAE.html#mae144,published snapshot FA26
https://catalog.ucsd.edu/courses/MAE.html#mae145,published snapshot SP26
https://catalog.ucsd.edu/courses/MAE.html#mae146,published snapshot SP26
https://catalog.ucsd.edu/courses/MAE.html#mae148,published snapshot FA24 | published snapshot FA25 | published snapshot FA26 | published snapshot S224 | published snapshot S225 | published snapshot S226 | published snapshot SP25 | published snapshot SP26 | published snapshot WI25 | published snapshot WI26
https://catalog.ucsd.edu/courses/MAE.html#mae150,published snapshot FA24 | published snapshot FA25 | published snapshot FA26 | published snapshot S125 | published snapshot S126 | published snapshot SP25 | published snapshot SP26
https://catalog.ucsd.edu/courses/MAE.html#mae152,published snapshot FA24 | published snapshot FA25 | published snapshot FA26 | published snapshot SP25 | published snapshot SP26
https://catalog.ucsd.edu/courses/MAE.html#mae153,published snapshot FA25
https://catalog.ucsd.edu/courses/MAE.html#mae154,published snapshot FA24
https://catalog.ucsd.edu/courses/MAE.html#mae155a,published snapshot WI25 | published snapshot WI26
https://catalog.ucsd.edu/courses/MAE.html#mae155b,published snapshot SP25 | published snapshot SP26
https://catalog.ucsd.edu/courses/MAE.html#mae156a,published snapshot FA24 | published snapshot FA25 | published snapshot FA26 | published snapshot WI25 | published snapshot WI26
https://catalog.ucsd.edu/courses/MAE.html#mae156b,published snapshot SP25 | published snapshot SP26 | published snapshot WI25 | published snapshot WI26
https://catalog.ucsd.edu/courses/MAE.html#mae160,published snapshot S126 | published snapshot S224 | published snapshot S225 | published snapshot WI25 | published snapshot WI26
https://catalog.ucsd.edu/courses/MAE.html#mae165,published snapshot FA24 | published snapshot FA25 | published snapshot FA26
https://catalog.ucsd.edu/courses/MAE.html#mae170,published snapshot FA24 | published snapshot FA25 | published snapshot FA26 | published snapshot SP25 | published snapshot SP26
https://catalog.ucsd.edu/courses/MAE.html#mae171a,published snapshot SP25 | published snapshot SP26 | published snapshot WI25 | published snapshot WI26
https://catalog.ucsd.edu/courses/MAE.html#mae175a,published snapshot SP25 | published snapshot SP26 | published snapshot WI25 | published snapshot WI26
https://catalog.ucsd.edu/courses/MAE.html#mae180,published snapshot FA24 | published snapshot FA25 | published snapshot FA26 | published snapshot S126 | published snapshot WI25
https://catalog.ucsd.edu/courses/MAE.html#mae181,published snapshot FA25 | published snapshot FA26
https://catalog.ucsd.edu/courses/MAE.html#mae182,published snapshot SP26
https://catalog.ucsd.edu/courses/MAE.html#mae184,published snapshot SP25 | published snapshot SP26
https://catalog.ucsd.edu/courses/MAE.html#mae185,published snapshot SP25 | published snapshot SP26
https://catalog.ucsd.edu/courses/MAE.html#mae190,published snapshot FA24 | published snapshot FA25 | published snapshot FA26 | published snapshot SP25 | published snapshot SP26 | published snapshot WI26
https://catalog.ucsd.edu/courses/MAE.html#mae191,published snapshot FA24 | published snapshot FA25 | published snapshot FA26
https://catalog.ucsd.edu/courses/MAE.html#mae197,published snapshot FA24 | published snapshot FA25 | published snapshot S125 | published snapshot S324 | published snapshot S325 | published snapshot S326 | published snapshot SP25 | published snapshot SP26 | published snapshot WI25 | published snapshot WI26
https://catalog.ucsd.edu/courses/MAE.html#mae198,published snapshot FA24 | published snapshot FA25 | published snapshot SP25 | published snapshot SP26 | published snapshot WI25 | published snapshot WI26
https://catalog.ucsd.edu/courses/MAE.html#mae199,published snapshot FA24 | published snapshot FA25 | published snapshot S125 | published snapshot S126 | published snapshot S225 | published snapshot S226 | published snapshot SP25 | published snapshot SP26 | published snapshot WI25 | published snapshot WI26
https://catalog.ucsd.edu/courses/MAE.html#mae20,published snapshot FA24 | published snapshot FA25 | published snapshot FA26 | published snapshot S126 | published snapshot S224 | published snapshot S225 | published snapshot WI25 | published snapshot WI26
https://catalog.ucsd.edu/courses/MAE.html#mae200,published snapshot WI25 | published snapshot WI26
https://catalog.ucsd.edu/courses/MAE.html#mae201,published snapshot FA24 | published snapshot FA25 | published snapshot FA26
https://catalog.ucsd.edu/courses/MAE.html#mae202,published snapshot FA24 | published snapshot FA25 | published snapshot FA26
https://catalog.ucsd.edu/courses/MAE.html#mae203,published snapshot FA24 | published snapshot FA25 | published snapshot FA26
https://catalog.ucsd.edu/courses/MAE.html#mae204,published snapshot WI25 | published snapshot WI26
https://catalog.ucsd.edu/courses/MAE.html#mae205,published snapshot FA24 | published snapshot FA25 | published snapshot FA26 | published snapshot SP25 | published snapshot SP26 | published snapshot WI25 | published snapshot WI26
https://catalog.ucsd.edu/courses/MAE.html#mae206,published snapshot WI25 | published snapshot WI26
https://catalog.ucsd.edu/courses/MAE.html#mae207,published snapshot FA25 | published snapshot SP25 | published snapshot SP26 | published snapshot WI25 | published snapshot WI26
https://catalog.ucsd.edu/courses/MAE.html#mae208,published snapshot FA24 | published snapshot FA25 | published snapshot FA26 | published snapshot WI25
https://catalog.ucsd.edu/courses/MAE.html#mae209,published snapshot SP25 | published snapshot SP26
https://catalog.ucsd.edu/courses/MAE.html#mae21,published snapshot FA24 | published snapshot FA25 | published snapshot FA26
https://catalog.ucsd.edu/courses/MAE.html#mae210a,published snapshot FA24 | published snapshot FA25 | published snapshot FA26
https://catalog.ucsd.edu/courses/MAE.html#mae210b,published snapshot WI25 | published snapshot WI26
https://catalog.ucsd.edu/courses/MAE.html#mae210c,published snapshot SP25 | published snapshot SP26 | published snapshot WI25
https://catalog.ucsd.edu/courses/MAE.html#mae211,published snapshot WI26
https://catalog.ucsd.edu/courses/MAE.html#mae212,published snapshot WI25 | published snapshot WI26
https://catalog.ucsd.edu/courses/MAE.html#mae214a,published snapshot SP25 | published snapshot SP26
https://catalog.ucsd.edu/courses/MAE.html#mae215,published snapshot SP26
https://catalog.ucsd.edu/courses/MAE.html#mae217a,published snapshot FA24 | published snapshot FA25
https://catalog.ucsd.edu/courses/MAE.html#mae217b,published snapshot WI25 | published snapshot WI26
https://catalog.ucsd.edu/courses/MAE.html#mae217c,published snapshot SP25 | published snapshot SP26
https://catalog.ucsd.edu/courses/MAE.html#mae218a,published snapshot WI26
https://catalog.ucsd.edu/courses/MAE.html#mae219,published snapshot FA24 | published snapshot WI26
https://catalog.ucsd.edu/courses/MAE.html#mae221a,published snapshot FA24 | published snapshot FA25 | published snapshot FA26
https://catalog.ucsd.edu/courses/MAE.html#mae221b,published snapshot WI25 | published snapshot WI26
https://catalog.ucsd.edu/courses/MAE.html#mae221c,published snapshot WI25 | published snapshot WI26
https://catalog.ucsd.edu/courses/MAE.html#mae221d,published snapshot SP25
https://catalog.ucsd.edu/courses/MAE.html#mae223,published snapshot SP25 | published snapshot SP26
https://catalog.ucsd.edu/courses/MAE.html#mae224a,published snapshot SP25 | published snapshot SP26
https://catalog.ucsd.edu/courses/MAE.html#mae227,published snapshot SP25 | published snapshot SP26
https://catalog.ucsd.edu/courses/MAE.html#mae231a,published snapshot WI26
https://catalog.ucsd.edu/courses/MAE.html#mae231b,published snapshot SP25 | published snapshot SP26
https://catalog.ucsd.edu/courses/MAE.html#mae231c,published snapshot WI25 | published snapshot WI26
https://catalog.ucsd.edu/courses/MAE.html#mae232a,published snapshot FA24 | published snapshot FA25 | published snapshot FA26
https://catalog.ucsd.edu/courses/MAE.html#mae232b,published snapshot WI25 | published snapshot WI26
https://catalog.ucsd.edu/courses/MAE.html#mae233a,published snapshot FA25 | published snapshot FA26
https://catalog.ucsd.edu/courses/MAE.html#mae235,published snapshot FA24 | published snapshot FA25
https://catalog.ucsd.edu/courses/MAE.html#mae238,published snapshot WI26
https://catalog.ucsd.edu/courses/MAE.html#mae240,published snapshot SP25 | published snapshot SP26
https://catalog.ucsd.edu/courses/MAE.html#mae242,published snapshot SP25 | published snapshot SP26
https://catalog.ucsd.edu/courses/MAE.html#mae243,published snapshot FA24 | published snapshot SP25 | published snapshot SP26
https://catalog.ucsd.edu/courses/MAE.html#mae244,published snapshot FA26
https://catalog.ucsd.edu/courses/MAE.html#mae248,published snapshot WI25
https://catalog.ucsd.edu/courses/MAE.html#mae249,published snapshot FA24 | published snapshot FA25 | published snapshot FA26
https://catalog.ucsd.edu/courses/MAE.html#mae251,published snapshot FA24 | published snapshot FA25 | published snapshot FA26
https://catalog.ucsd.edu/courses/MAE.html#mae253,published snapshot FA26
https://catalog.ucsd.edu/courses/MAE.html#mae254,published snapshot SP25 | published snapshot SP26
https://catalog.ucsd.edu/courses/MAE.html#mae256,published snapshot SP25 | published snapshot SP26
https://catalog.ucsd.edu/courses/MAE.html#mae257,published snapshot FA25 | published snapshot FA26
https://catalog.ucsd.edu/courses/MAE.html#mae261,published snapshot WI25
https://catalog.ucsd.edu/courses/MAE.html#mae262,published snapshot WI26
https://catalog.ucsd.edu/courses/MAE.html#mae265a,published snapshot FA24 | published snapshot FA25 | published snapshot FA26
https://catalog.ucsd.edu/courses/MAE.html#mae266,published snapshot SP25 | published snapshot SP26
https://catalog.ucsd.edu/courses/MAE.html#mae269,published snapshot SP25 | published snapshot SP26
https://catalog.ucsd.edu/courses/MAE.html#mae270,published snapshot WI25 | published snapshot WI26
https://catalog.ucsd.edu/courses/MAE.html#mae271a,published snapshot FA25 | published snapshot FA26 | published snapshot WI25
https://catalog.ucsd.edu/courses/MAE.html#mae271b,published snapshot SP25 | published snapshot SP26
https://catalog.ucsd.edu/courses/MAE.html#mae271c,published snapshot WI26
https://catalog.ucsd.edu/courses/MAE.html#mae272,published snapshot SP25 | published snapshot SP26
https://catalog.ucsd.edu/courses/MAE.html#mae274,published snapshot FA26 | published snapshot WI25
https://catalog.ucsd.edu/courses/MAE.html#mae276,published snapshot WI25
https://catalog.ucsd.edu/courses/MAE.html#mae280a,published snapshot FA24 | published snapshot FA25 | published snapshot FA26
https://catalog.ucsd.edu/courses/MAE.html#mae280b,published snapshot SP25 | published snapshot SP26
https://catalog.ucsd.edu/courses/MAE.html#mae281a,published snapshot WI25 | published snapshot WI26
https://catalog.ucsd.edu/courses/MAE.html#mae281b,published snapshot SP25 | published snapshot SP26
https://catalog.ucsd.edu/courses/MAE.html#mae283a,published snapshot FA24 | published snapshot FA25 | published snapshot FA26
https://catalog.ucsd.edu/courses/MAE.html#mae283b,published snapshot SP26
https://catalog.ucsd.edu/courses/MAE.html#mae285,published snapshot FA25
https://catalog.ucsd.edu/courses/MAE.html#mae286,published snapshot FA24
https://catalog.ucsd.edu/courses/MAE.html#mae287,published snapshot FA25
https://catalog.ucsd.edu/courses/MAE.html#mae288a,published snapshot SP26
https://catalog.ucsd.edu/courses/MAE.html#mae289a,published snapshot WI26
https://catalog.ucsd.edu/courses/MAE.html#mae289b,published snapshot WI25
https://catalog.ucsd.edu/courses/MAE.html#mae289c,published snapshot SP25
https://catalog.ucsd.edu/courses/MAE.html#mae290a,published snapshot FA24 | published snapshot FA25 | published snapshot FA26
https://catalog.ucsd.edu/courses/MAE.html#mae290b,published snapshot WI25 | published snapshot WI26
https://catalog.ucsd.edu/courses/MAE.html#mae290c,published snapshot SP25 | published snapshot SP26
https://catalog.ucsd.edu/courses/MAE.html#mae292,published snapshot WI26
https://catalog.ucsd.edu/courses/MAE.html#mae294a,published snapshot FA24 | published snapshot FA25 | published snapshot FA26
https://catalog.ucsd.edu/courses/MAE.html#mae294b,published snapshot WI25 | published snapshot WI26
https://catalog.ucsd.edu/courses/MAE.html#mae294c,published snapshot SP25 | published snapshot SP26
https://catalog.ucsd.edu/courses/MAE.html#mae296,published snapshot FA24 | published snapshot FA25 | published snapshot S126 | published snapshot SP25 | published snapshot SP26 | published snapshot WI25 | published snapshot WI26
https://catalog.ucsd.edu/courses/MAE.html#mae298,published snapshot FA24 | published snapshot FA25 | published snapshot WI25 | published snapshot WI26
https://catalog.ucsd.edu/courses/MAE.html#mae299,published snapshot FA24 | published snapshot FA25 | published snapshot FA26 | published snapshot S125 | published snapshot S126 | published snapshot S226 | published snapshot S324 | published snapshot S325 | published snapshot S326 | published snapshot SP25 | published snapshot SP26 | published snapshot WI25 | published snapshot WI26
https://catalog.ucsd.edu/courses/MAE.html#mae30a,published snapshot FA24 | published snapshot FA25 | published snapshot FA26 | published snapshot S125 | published snapshot S126 | published snapshot WI25 | published snapshot WI26
https://catalog.ucsd.edu/courses/MAE.html#mae30b,published snapshot S224 | published snapshot S225 | published snapshot S226 | published snapshot SP25 | published snapshot SP26 | published snapshot WI25 | published snapshot WI26
https://catalog.ucsd.edu/courses/MAE.html#mae40,published snapshot FA24 | published snapshot FA25 | published snapshot FA26 | published snapshot S224 | published snapshot WI25 | published snapshot WI26
https://catalog.ucsd.edu/courses/MAE.html#mae87,published snapshot FA24 | published snapshot SP25
https://catalog.ucsd.edu/courses/MAE.html#mae88,published snapshot FA25 | published snapshot WI26
https://catalog.ucsd.edu/courses/MAE.html#mae91,published snapshot WI26
https://catalog.ucsd.edu/courses/MAE.html#mae98,published snapshot SP26
https://catalog.ucsd.edu/courses/MAE.html#mae99h,published snapshot FA25 | published snapshot SP25 | published snapshot SP26 | published snapshot WI25 | published snapshot WI26
https://catalog.ucsd.edu/courses/MAS.html#dse200,published snapshot FA24 | published snapshot FA25 | published snapshot FA26
https://catalog.ucsd.edu/courses/MAS.html#dse201,published snapshot WI25 | published snapshot WI26
https://catalog.ucsd.edu/courses/MAS.html#dse203,published snapshot FA24 | published snapshot FA25 | published snapshot FA26
https://catalog.ucsd.edu/courses/MAS.html#dse210,published snapshot SP25 | published snapshot WI25 | published snapshot WI26
https://catalog.ucsd.edu/courses/MAS.html#dse220,published snapshot FA25 | published snapshot SP26
https://catalog.ucsd.edu/courses/MAS.html#dse230,published snapshot SP25 | published snapshot SP26
https://catalog.ucsd.edu/courses/MAS.html#dse241,published snapshot WI25
https://catalog.ucsd.edu/courses/MAS.html#dse250,published snapshot FA24 | published snapshot FA26 | published snapshot WI26
https://catalog.ucsd.edu/courses/MAS.html#dse290,published snapshot FA24 | published snapshot FA25 | published snapshot FA26
https://catalog.ucsd.edu/courses/MAS.html#wes207,published snapshot SP25 | published snapshot SP26
https://catalog.ucsd.edu/courses/MAS.html#wes237a,published snapshot WI25 | published snapshot WI26
https://catalog.ucsd.edu/courses/MAS.html#wes237b,published snapshot S324 | published snapshot S325 | published snapshot S326
https://catalog.ucsd.edu/courses/MAS.html#wes237c,published snapshot FA24 | published snapshot FA25 | published snapshot FA26
https://catalog.ucsd.edu/courses/MAS.html#wes265,published snapshot SP25 | published snapshot SP26
https://catalog.ucsd.edu/courses/MAS.html#wes267,published snapshot FA24 | published snapshot FA25
https://catalog.ucsd.edu/courses/MAS.html#wes268a,published snapshot FA24 | published snapshot FA25 | published snapshot FA26
https://catalog.ucsd.edu/courses/MAS.html#wes268b,published snapshot WI25 | published snapshot WI26
https://catalog.ucsd.edu/courses/MAS.html#wes269,published snapshot WI25 | published snapshot WI26
https://catalog.ucsd.edu/courses/MATH.html,05-pipeline-and-schema/tools/catalog-snapshot/generalCatalog.test.ts | published snapshot FA24 | published snapshot FA25 | published snapshot FA26 | published snapshot SP25 | published snapshot SP26 | published snapshot WI26
https://catalog.ucsd.edu/courses/MATH.html#math1,05-pipeline-and-schema/tools/catalog-snapshot/catalogSnapshot.test.ts
https://catalog.ucsd.edu/courses/MATH.html#math100a,published snapshot FA24 | published snapshot FA25 | published snapshot FA26 | published snapshot WI25 | published snapshot WI26
https://catalog.ucsd.edu/courses/MATH.html#math100b,published snapshot SP25 | published snapshot SP26 | published snapshot WI25 | published snapshot WI26
https://catalog.ucsd.edu/courses/MATH.html#math100c,published snapshot SP25 | published snapshot SP26
https://catalog.ucsd.edu/courses/MATH.html#math102,published snapshot FA24 | published snapshot FA25 | published snapshot FA26 | published snapshot S224 | published snapshot S225 | published snapshot S226 | published snapshot SP25 | published snapshot SP26 | published snapshot WI25 | published snapshot WI26
https://catalog.ucsd.edu/courses/MATH.html#math103a,published snapshot FA24 | published snapshot FA25 | published snapshot FA26 | published snapshot S125 | published snapshot S126 | published snapshot WI25 | published snapshot WI26
https://catalog.ucsd.edu/courses/MATH.html#math103b,published snapshot S224 | published snapshot S225 | published snapshot S226 | published snapshot SP25 | published snapshot SP26 | published snapshot WI25 | published snapshot WI26
https://catalog.ucsd.edu/courses/MATH.html#math104a,published snapshot FA24 | published snapshot FA26 | published snapshot WI26
https://catalog.ucsd.edu/courses/MATH.html#math104b,published snapshot SP26 | published snapshot WI25
https://catalog.ucsd.edu/courses/MATH.html#math105,published snapshot FA24 | published snapshot FA25 | published snapshot FA26
https://catalog.ucsd.edu/courses/MATH.html#math106,published snapshot SP26
https://catalog.ucsd.edu/courses/MATH.html#math109,published snapshot FA24 | published snapshot FA25 | published snapshot FA26 | published snapshot S125 | published snapshot S126 | published snapshot S224 | published snapshot S225 | published snapshot S226 | published snapshot SP25 | published snapshot SP26 | published snapshot WI25 | published snapshot WI26
https://catalog.ucsd.edu/courses/MATH.html#math10a,published snapshot FA24 | published snapshot FA25 | published snapshot FA26 | published snapshot S125 | published snapshot S126 | published snapshot S224 | published snapshot S225 | published snapshot S226 | published snapshot S324 | published snapshot SP25 | published snapshot SP26 | published snapshot WI25 | published snapshot WI26
https://catalog.ucsd.edu/courses/MATH.html#math10b,published snapshot FA24 | published snapshot FA25 | published snapshot FA26 | published snapshot S125 | published snapshot S126 | published snapshot S224 | published snapshot S225 | published snapshot S226 | published snapshot SP25 | published snapshot SP26 | published snapshot WI25 | published snapshot WI26
https://catalog.ucsd.edu/courses/MATH.html#math10c,published snapshot FA24 | published snapshot FA25 | published snapshot FA26 | published snapshot S224 | published snapshot S225 | published snapshot S226 | published snapshot SP25 | published snapshot SP26 | published snapshot WI25 | published snapshot WI26
https://catalog.ucsd.edu/courses/MATH.html#math11,published snapshot FA24 | published snapshot FA25 | published snapshot FA26 | published snapshot SP25 | published snapshot SP26 | published snapshot WI25 | published snapshot WI26
https://catalog.ucsd.edu/courses/MATH.html#math110,published snapshot SP25 | published snapshot SP26
https://catalog.ucsd.edu/courses/MATH.html#math111b,published snapshot WI25
https://catalog.ucsd.edu/courses/MATH.html#math112a,published snapshot WI25 | published snapshot WI26
https://catalog.ucsd.edu/courses/MATH.html#math112b,published snapshot SP25 | published snapshot SP26
https://catalog.ucsd.edu/courses/MATH.html#math114,published snapshot SP25 | published snapshot WI26
https://catalog.ucsd.edu/courses/MATH.html#math120a,published snapshot FA24 | published snapshot FA25 | published snapshot FA26 | published snapshot S224 | published snapshot S225 | published snapshot S226 | published snapshot WI25 | published snapshot WI26
https://catalog.ucsd.edu/courses/MATH.html#math120b,published snapshot SP25 | published snapshot SP26
https://catalog.ucsd.edu/courses/MATH.html#math121a,published snapshot WI25 | published snapshot WI26
https://catalog.ucsd.edu/courses/MATH.html#math121b,published snapshot SP25 | published snapshot SP26
https://catalog.ucsd.edu/courses/MATH.html#math130,published snapshot FA24 | published snapshot WI26
https://catalog.ucsd.edu/courses/MATH.html#math140a,published snapshot FA24 | published snapshot FA25 | published snapshot FA26 | published snapshot S126 | published snapshot WI25 | published snapshot WI26
https://catalog.ucsd.edu/courses/MATH.html#math140b,published snapshot SP25 | published snapshot SP26 | published snapshot WI25 | published snapshot WI26
https://catalog.ucsd.edu/courses/MATH.html#math140c,published snapshot SP25 | published snapshot SP26
https://catalog.ucsd.edu/courses/MATH.html#math142a,published snapshot FA24 | published snapshot FA25 | published snapshot FA26 | published snapshot S125 | published snapshot S126 | published snapshot WI25 | published snapshot WI26
https://catalog.ucsd.edu/courses/MATH.html#math142b,published snapshot S224 | published snapshot S225 | published snapshot S226 | published snapshot SP25 | published snapshot SP26 | published snapshot WI25 | published snapshot WI26
https://catalog.ucsd.edu/courses/MATH.html#math144,published snapshot FA24 | published snapshot WI26
https://catalog.ucsd.edu/courses/MATH.html#math146,published snapshot SP25
https://catalog.ucsd.edu/courses/MATH.html#math148,published snapshot SP26
https://catalog.ucsd.edu/courses/MATH.html#math150a,published snapshot FA26 | published snapshot WI25 | published snapshot WI26
https://catalog.ucsd.edu/courses/MATH.html#math150b,published snapshot SP25
https://catalog.ucsd.edu/courses/MATH.html#math152,published snapshot FA26 | published snapshot SP25 | published snapshot SP26
https://catalog.ucsd.edu/courses/MATH.html#math153,published snapshot FA24 | published snapshot FA25 | published snapshot FA26
https://catalog.ucsd.edu/courses/MATH.html#math154,published snapshot FA24 | published snapshot FA25 | published snapshot FA26 | published snapshot S126 | published snapshot S224 | published snapshot S225 | published snapshot SP25 | published snapshot SP26 | published snapshot WI25 | published snapshot WI26
https://catalog.ucsd.edu/courses/MATH.html#math157,published snapshot SP26
https://catalog.ucsd.edu/courses/MATH.html#math158,published snapshot FA24 | published snapshot WI26
https://catalog.ucsd.edu/courses/MATH.html#math160a,published snapshot FA24
https://catalog.ucsd.edu/courses/MATH.html#math160b,published snapshot SP25
https://catalog.ucsd.edu/courses/MATH.html#math163,published snapshot SP25 | published snapshot SP26
https://catalog.ucsd.edu/courses/MATH.html#math168a,published snapshot S225
https://catalog.ucsd.edu/courses/MATH.html#math170a,published snapshot FA24 | published snapshot FA25 | published snapshot FA26 | published snapshot S125 | published snapshot S224 | published snapshot S225 | published snapshot S226 | published snapshot SP25 | published snapshot SP26 | published snapshot WI25 | published snapshot WI26
https://catalog.ucsd.edu/courses/MATH.html#math170b,published snapshot S225 | published snapshot SP25 | published snapshot SP26 | published snapshot WI25 | published snapshot WI26
https://catalog.ucsd.edu/courses/MATH.html#math170c,published snapshot SP25 | published snapshot SP26
https://catalog.ucsd.edu/courses/MATH.html#math171a,published snapshot WI25 | published snapshot WI26
https://catalog.ucsd.edu/courses/MATH.html#math171b,published snapshot SP25 | published snapshot SP26
https://catalog.ucsd.edu/courses/MATH.html#math173a,published snapshot FA24 | published snapshot FA25 | published snapshot FA26
https://catalog.ucsd.edu/courses/MATH.html#math173b,published snapshot WI25 | published snapshot WI26
https://catalog.ucsd.edu/courses/MATH.html#math174,published snapshot FA24 | published snapshot FA25
https://catalog.ucsd.edu/courses/MATH.html#math175,published snapshot WI25 | published snapshot WI26
https://catalog.ucsd.edu/courses/MATH.html#math179,published snapshot SP25
https://catalog.ucsd.edu/courses/MATH.html#math18,published snapshot FA24 | published snapshot FA25 | published snapshot FA26 | published snapshot S125 | published snapshot S126 | published snapshot S224 | published snapshot S225 | published snapshot S226 | published snapshot SP25 | published snapshot SP26 | published snapshot WI25 | published snapshot WI26
https://catalog.ucsd.edu/courses/MATH.html#math180a,published snapshot FA24 | published snapshot FA25 | published snapshot FA26 | published snapshot S125 | published snapshot S126 | published snapshot S224 | published snapshot S225 | published snapshot S226 | published snapshot SP25 | published snapshot SP26 | published snapshot WI25 | published snapshot WI26
https://catalog.ucsd.edu/courses/MATH.html#math180b,published snapshot SP25 | published snapshot SP26 | published snapshot WI25 | published snapshot WI26
https://catalog.ucsd.edu/courses/MATH.html#math180c,published snapshot FA24 | published snapshot FA25 | published snapshot FA26 | published snapshot SP25 | published snapshot SP26
https://catalog.ucsd.edu/courses/MATH.html#math181a,published snapshot S125 | published snapshot S126 | published snapshot S225 | published snapshot SP25 | published snapshot SP26 | published snapshot WI25 | published snapshot WI26
https://catalog.ucsd.edu/courses/MATH.html#math181b,published snapshot FA24 | published snapshot FA25 | published snapshot FA26 | published snapshot S225 | published snapshot S226 | published snapshot SP25 | published snapshot SP26
https://catalog.ucsd.edu/courses/MATH.html#math181e,published snapshot WI25
https://catalog.ucsd.edu/courses/MATH.html#math182,published snapshot WI26
https://catalog.ucsd.edu/courses/MATH.html#math183,published snapshot FA24 | published snapshot FA25 | published snapshot FA26 | published snapshot S125 | published snapshot S126 | published snapshot S224 | published snapshot SP25 | published snapshot SP26 | published snapshot WI25 | published snapshot WI26
https://catalog.ucsd.edu/courses/MATH.html#math184,published snapshot FA24 | published snapshot FA25 | published snapshot FA26 | published snapshot SP25 | published snapshot SP26 | published snapshot WI25 | published snapshot WI26
https://catalog.ucsd.edu/courses/MATH.html#math185,published snapshot S125 | published snapshot S224 | published snapshot SP25 | published snapshot WI25 | published snapshot WI26
https://catalog.ucsd.edu/courses/MATH.html#math186,published snapshot WI25 | published snapshot WI26
https://catalog.ucsd.edu/courses/MATH.html#math187a,published snapshot FA24 | published snapshot FA25 | published snapshot FA26 | published snapshot SP25 | published snapshot SP26 | published snapshot WI25 | published snapshot WI26
https://catalog.ucsd.edu/courses/MATH.html#math187b,published snapshot FA26 | published snapshot SP25 | published snapshot SP26
https://catalog.ucsd.edu/courses/MATH.html#math188,published snapshot FA24 | published snapshot FA26 | published snapshot WI26
https://catalog.ucsd.edu/courses/MATH.html#math189,published snapshot FA26 | published snapshot S225 | published snapshot S226 | published snapshot SP25 | published snapshot SP26 | published snapshot WI25 | published snapshot WI26
https://catalog.ucsd.edu/courses/MATH.html#math190a,published snapshot FA25 | published snapshot FA26 | published snapshot WI25
https://catalog.ucsd.edu/courses/MATH.html#math190b,published snapshot SP25 | published snapshot WI26
https://catalog.ucsd.edu/courses/MATH.html#math191,published snapshot FA24 | published snapshot WI26
https://catalog.ucsd.edu/courses/MATH.html#math193a,published snapshot S125 | published snapshot S126
https://catalog.ucsd.edu/courses/MATH.html#math193b,published snapshot S224 | published snapshot S225 | published snapshot S226
https://catalog.ucsd.edu/courses/MATH.html#math194,published snapshot SP25 | published snapshot WI26
https://catalog.ucsd.edu/courses/MATH.html#math196,published snapshot FA24 | published snapshot FA25 | published snapshot FA26 | published snapshot WI25 | published snapshot WI26
https://catalog.ucsd.edu/courses/MATH.html#math197,published snapshot FA24 | published snapshot FA25 | published snapshot FA26 | published snapshot S125 | published snapshot S126 | published snapshot S226 | published snapshot S324 | published snapshot S325 | published snapshot S326 | published snapshot SP25 | published snapshot SP26 | published snapshot WI25 | published snapshot WI26
https://catalog.ucsd.edu/courses/MATH.html#math199,published snapshot FA24 | published snapshot FA25 | published snapshot S126 | published snapshot S226 | published snapshot S325 | published snapshot S326 | published snapshot SP25 | published snapshot SP26 | published snapshot WI25 | published snapshot WI26
https://catalog.ucsd.edu/courses/MATH.html#math199h,published snapshot FA24 | published snapshot FA25 | published snapshot SP25 | published snapshot SP26 | published snapshot WI25 | published snapshot WI26
https://catalog.ucsd.edu/courses/MATH.html#math2,05-pipeline-and-schema/tools/catalog-snapshot/catalogSnapshot.test.ts | published snapshot FA24 | published snapshot FA25 | published snapshot FA26 | published snapshot S224 | published snapshot S325 | published snapshot SP25 | published snapshot SP26 | published snapshot WI25 | published snapshot WI26
https://catalog.ucsd.edu/courses/MATH.html#math200a,published snapshot FA24 | published snapshot FA25 | published snapshot FA26
https://catalog.ucsd.edu/courses/MATH.html#math200b,published snapshot WI25 | published snapshot WI26
https://catalog.ucsd.edu/courses/MATH.html#math200C,published snapshot SP25 | published snapshot SP26
https://catalog.ucsd.edu/courses/MATH.html#math201a,published snapshot FA25
https://catalog.ucsd.edu/courses/MATH.html#math202a,published snapshot FA24 | published snapshot FA25 | published snapshot FA26
https://catalog.ucsd.edu/courses/MATH.html#math202b,published snapshot WI25 | published snapshot WI26
https://catalog.ucsd.edu/courses/MATH.html#math202c,published snapshot SP25 | published snapshot SP26
https://catalog.ucsd.edu/courses/MATH.html#math203a,published snapshot FA24 | published snapshot FA25 | published snapshot FA26
https://catalog.ucsd.edu/courses/MATH.html#math203b,published snapshot WI25 | published snapshot WI26
https://catalog.ucsd.edu/courses/MATH.html#math203c,published snapshot SP25 | published snapshot SP26
https://catalog.ucsd.edu/courses/MATH.html#math204a,published snapshot FA24 | published snapshot FA25 | published snapshot FA26
https://catalog.ucsd.edu/courses/MATH.html#math204b,published snapshot WI25 | published snapshot WI26
https://catalog.ucsd.edu/courses/MATH.html#math204c,published snapshot SP25 | published snapshot SP26
https://catalog.ucsd.edu/courses/MATH.html#math205,published snapshot FA24 | published snapshot SP25 | published snapshot SP26 | published snapshot WI26
https://catalog.ucsd.edu/courses/MATH.html#math207a,published snapshot SP26 | published snapshot WI25
https://catalog.ucsd.edu/courses/MATH.html#math208,published snapshot FA24 | published snapshot FA25 | published snapshot FA26 | published snapshot SP25 | published snapshot SP26 | published snapshot WI25 | published snapshot WI26
https://catalog.ucsd.edu/courses/MATH.html#math209,published snapshot FA24 | published snapshot FA25 | published snapshot FA26 | published snapshot SP25 | published snapshot SP26 | published snapshot WI25 | published snapshot WI26
https://catalog.ucsd.edu/courses/MATH.html#math20a,05-pipeline-and-schema/tools/catalog-snapshot/generalCatalog.test.ts | published snapshot FA24 | published snapshot FA25 | published snapshot FA26 | published snapshot S125 | published snapshot S126 | published snapshot S224 | published snapshot S225 | published snapshot S226 | published snapshot SP25 | published snapshot SP26 | published snapshot WI25 | published snapshot WI26
https://catalog.ucsd.edu/courses/MATH.html#math20b,published snapshot FA24 | published snapshot FA25 | published snapshot FA26 | published snapshot S125 | published snapshot S126 | published snapshot S224 | published snapshot S225 | published snapshot S226 | published snapshot SP25 | published snapshot SP26 | published snapshot WI25 | published snapshot WI26
https://catalog.ucsd.edu/courses/MATH.html#math20c,published snapshot FA24 | published snapshot FA25 | published snapshot FA26 | published snapshot S125 | published snapshot S126 | published snapshot S224 | published snapshot S225 | published snapshot S226 | published snapshot SP25 | published snapshot SP26 | published snapshot WI25 | published snapshot WI26
https://catalog.ucsd.edu/courses/MATH.html#math20d,published snapshot FA24 | published snapshot FA25 | published snapshot FA26 | published snapshot S125 | published snapshot S126 | published snapshot S224 | published snapshot S225 | published snapshot S226 | published snapshot SP25 | published snapshot SP26 | published snapshot WI25 | published snapshot WI26
https://catalog.ucsd.edu/courses/MATH.html#math20e,published snapshot FA24 | published snapshot FA25 | published snapshot FA26 | published snapshot S125 | published snapshot S126 | published snapshot S224 | published snapshot S225 | published snapshot S226 | published snapshot SP25 | published snapshot SP26 | published snapshot WI25 | published snapshot WI26
https://catalog.ucsd.edu/courses/MATH.html#math210a,published snapshot FA25 | published snapshot FA26
https://catalog.ucsd.edu/courses/MATH.html#math210b,published snapshot WI26
https://catalog.ucsd.edu/courses/MATH.html#math211,published snapshot FA24 | published snapshot FA25 | published snapshot FA26 | published snapshot SP25 | published snapshot SP26 | published snapshot WI25 | published snapshot WI26
https://catalog.ucsd.edu/courses/MATH.html#math211b,published snapshot FA24 | published snapshot FA25 | published snapshot FA26 | published snapshot SP25 | published snapshot SP26 | published snapshot WI25 | published snapshot WI26
https://catalog.ucsd.edu/courses/MATH.html#math212a,published snapshot WI25 | published snapshot WI26
https://catalog.ucsd.edu/courses/MATH.html#math212b,published snapshot SP25 | published snapshot SP26
https://catalog.ucsd.edu/courses/MATH.html#math213,published snapshot SP26
https://catalog.ucsd.edu/courses/MATH.html#math214,published snapshot SP25 | published snapshot WI26
https://catalog.ucsd.edu/courses/MATH.html#math216a,published snapshot FA24 | published snapshot FA25
https://catalog.ucsd.edu/courses/MATH.html#math216b,published snapshot WI25 | published snapshot WI26
https://catalog.ucsd.edu/courses/MATH.html#math216c,published snapshot SP25 | published snapshot SP26
https://catalog.ucsd.edu/courses/MATH.html#math217,published snapshot SP26 | published snapshot WI26
https://catalog.ucsd.edu/courses/MATH.html#math218,published snapshot FA24 | published snapshot FA25 | published snapshot FA26 | published snapshot SP25 | published snapshot SP26 | published snapshot WI25 | published snapshot WI26
https://catalog.ucsd.edu/courses/MATH.html#math220a,published snapshot FA24 | published snapshot FA25 | published snapshot FA26
https://catalog.ucsd.edu/courses/MATH.html#math220b,published snapshot WI25 | published snapshot WI26
https://catalog.ucsd.edu/courses/MATH.html#math220c,published snapshot SP25 | published snapshot SP26
https://catalog.ucsd.edu/courses/MATH.html#math231a,published snapshot FA24 | published snapshot FA26
https://catalog.ucsd.edu/courses/MATH.html#math231b,published snapshot WI25
https://catalog.ucsd.edu/courses/MATH.html#math231c,published snapshot SP25
https://catalog.ucsd.edu/courses/MATH.html#math240a,published snapshot FA24 | published snapshot FA25 | published snapshot FA26
https://catalog.ucsd.edu/courses/MATH.html#math240b,published snapshot WI25 | published snapshot WI26
https://catalog.ucsd.edu/courses/MATH.html#math240c,published snapshot SP25 | published snapshot SP26
https://catalog.ucsd.edu/courses/MATH.html#math241a,published snapshot FA25
https://catalog.ucsd.edu/courses/MATH.html#math241b,published snapshot WI26
https://catalog.ucsd.edu/courses/MATH.html#math242,published snapshot FA25
https://catalog.ucsd.edu/courses/MATH.html#math243,published snapshot FA24 | published snapshot FA25 | published snapshot FA26 | published snapshot SP25 | published snapshot SP26 | published snapshot WI25 | published snapshot WI26
https://catalog.ucsd.edu/courses/MATH.html#math247a,published snapshot SP26 | published snapshot WI25
https://catalog.ucsd.edu/courses/MATH.html#math248,published snapshot FA24 | published snapshot FA25 | published snapshot FA26 | published snapshot SP25 | published snapshot SP26 | published snapshot WI25 | published snapshot WI26
https://catalog.ucsd.edu/courses/MATH.html#math250a,published snapshot FA24 | published snapshot FA26
https://catalog.ucsd.edu/courses/MATH.html#math250b,published snapshot WI25
https://catalog.ucsd.edu/courses/MATH.html#math250c,published snapshot SP25
https://catalog.ucsd.edu/courses/MATH.html#math251a,published snapshot FA25
https://catalog.ucsd.edu/courses/MATH.html#math251b,published snapshot WI26
https://catalog.ucsd.edu/courses/MATH.html#math251c,published snapshot SP26
https://catalog.ucsd.edu/courses/MATH.html#math257a,published snapshot FA26 | published snapshot SP26 | published snapshot WI25
https://catalog.ucsd.edu/courses/MATH.html#math258,published snapshot FA24 | published snapshot FA25 | published snapshot FA26 | published snapshot SP25 | published snapshot SP26 | published snapshot WI25 | published snapshot WI26
https://catalog.ucsd.edu/courses/MATH.html#math259a,published snapshot FA25 | published snapshot FA26 | published snapshot WI26
https://catalog.ucsd.edu/courses/MATH.html#math259b,published snapshot SP26
https://catalog.ucsd.edu/courses/MATH.html#math260a,published snapshot FA24
https://catalog.ucsd.edu/courses/MATH.html#math261a,published snapshot FA25
https://catalog.ucsd.edu/courses/MATH.html#math261b,published snapshot WI26
https://catalog.ucsd.edu/courses/MATH.html#math261c,published snapshot SP26
https://catalog.ucsd.edu/courses/MATH.html#math262a,published snapshot FA24 | published snapshot SP25 | published snapshot SP26
https://catalog.ucsd.edu/courses/MATH.html#math264a,published snapshot FA24 | published snapshot FA26
https://catalog.ucsd.edu/courses/MATH.html#math264b,published snapshot WI25
https://catalog.ucsd.edu/courses/MATH.html#math264c,published snapshot SP25
https://catalog.ucsd.edu/courses/MATH.html#math268,published snapshot FA24
https://catalog.ucsd.edu/courses/MATH.html#math269,published snapshot FA24 | published snapshot FA25 | published snapshot FA26 | published snapshot SP25 | published snapshot SP26 | published snapshot WI25 | published snapshot WI26
https://catalog.ucsd.edu/courses/MATH.html#math270a,published snapshot FA24 | published snapshot FA25 | published snapshot FA26
https://catalog.ucsd.edu/courses/MATH.html#math270b,published snapshot WI25 | published snapshot WI26
https://catalog.ucsd.edu/courses/MATH.html#math270c,published snapshot SP25 | published snapshot SP26
https://catalog.ucsd.edu/courses/MATH.html#math271a,published snapshot FA24
https://catalog.ucsd.edu/courses/MATH.html#math271b,published snapshot WI25
https://catalog.ucsd.edu/courses/MATH.html#math271c,published snapshot SP25
https://catalog.ucsd.edu/courses/MATH.html#math272a,published snapshot FA24 | published snapshot FA26
https://catalog.ucsd.edu/courses/MATH.html#math272b,published snapshot WI25
https://catalog.ucsd.edu/courses/MATH.html#math272c,published snapshot SP25
https://catalog.ucsd.edu/courses/MATH.html#math273a,published snapshot FA25
https://catalog.ucsd.edu/courses/MATH.html#math273b,published snapshot WI26
https://catalog.ucsd.edu/courses/MATH.html#math274,published snapshot FA24 | published snapshot FA25
https://catalog.ucsd.edu/courses/MATH.html#math275,published snapshot WI25 | published snapshot WI26
https://catalog.ucsd.edu/courses/MATH.html#math276,published snapshot SP25 | published snapshot SP26
https://catalog.ucsd.edu/courses/MATH.html#math277a,published snapshot FA24 | published snapshot FA25 | published snapshot SP26 | published snapshot WI25
https://catalog.ucsd.edu/courses/MATH.html#math278a,published snapshot FA24 | published snapshot FA25 | published snapshot FA26 | published snapshot SP25 | published snapshot SP26 | published snapshot WI25 | published snapshot WI26
https://catalog.ucsd.edu/courses/MATH.html#math278b,published snapshot FA24 | published snapshot FA25 | published snapshot FA26 | published snapshot SP25 | published snapshot SP26 | published snapshot WI25 | published snapshot WI26
https://catalog.ucsd.edu/courses/MATH.html#math278c,published snapshot FA24 | published snapshot FA25 | published snapshot FA26 | published snapshot SP25 | published snapshot SP26 | published snapshot WI25 | published snapshot WI26
https://catalog.ucsd.edu/courses/MATH.html#math280a,published snapshot FA24 | published snapshot FA25 | published snapshot FA26
https://catalog.ucsd.edu/courses/MATH.html#math280b,published snapshot WI25 | published snapshot WI26
https://catalog.ucsd.edu/courses/MATH.html#math280c,published snapshot SP25 | published snapshot SP26
https://catalog.ucsd.edu/courses/MATH.html#math281a,published snapshot FA24 | published snapshot FA25 | published snapshot FA26
https://catalog.ucsd.edu/courses/MATH.html#math281b,published snapshot WI25 | published snapshot WI26
https://catalog.ucsd.edu/courses/MATH.html#math281c,published snapshot SP25 | published snapshot SP26
https://catalog.ucsd.edu/courses/MATH.html#math282a,published snapshot FA24 | published snapshot FA25 | published snapshot FA26
https://catalog.ucsd.edu/courses/MATH.html#math282b,published snapshot WI25 | published snapshot WI26
https://catalog.ucsd.edu/courses/MATH.html#math283,published snapshot FA24 | published snapshot FA25 | published snapshot FA26
https://catalog.ucsd.edu/courses/MATH.html#math284,published snapshot SP26
https://catalog.ucsd.edu/courses/MATH.html#math285,published snapshot SP25 | published snapshot SP26
https://catalog.ucsd.edu/courses/MATH.html#math286,published snapshot FA24 | published snapshot FA26
https://catalog.ucsd.edu/courses/MATH.html#math287a,published snapshot FA25
https://catalog.ucsd.edu/courses/MATH.html#math287b,published snapshot WI26
https://catalog.ucsd.edu/courses/MATH.html#math287c,published snapshot WI26
https://catalog.ucsd.edu/courses/MATH.html#math288,published snapshot FA24 | published snapshot FA25 | published snapshot FA26 | published snapshot SP25 | published snapshot SP26 | published snapshot WI25 | published snapshot WI26
https://catalog.ucsd.edu/courses/MATH.html#math289a,published snapshot FA24 | published snapshot SP25
https://catalog.ucsd.edu/courses/MATH.html#math290a,published snapshot FA24 | published snapshot FA25 | published snapshot FA26
https://catalog.ucsd.edu/courses/MATH.html#math290b,published snapshot WI25 | published snapshot WI26
https://catalog.ucsd.edu/courses/MATH.html#math290c,published snapshot SP25 | published snapshot SP26
https://catalog.ucsd.edu/courses/MATH.html#math292,published snapshot FA24 | published snapshot FA25 | published snapshot FA26 | published snapshot SP25 | published snapshot SP26 | published snapshot WI25 | published snapshot WI26
https://catalog.ucsd.edu/courses/MATH.html#math294,published snapshot WI26
https://catalog.ucsd.edu/courses/MATH.html#math295,published snapshot FA24 | published snapshot FA25 | published snapshot FA26 | published snapshot SP25 | published snapshot SP26 | published snapshot WI25 | published snapshot WI26
https://catalog.ucsd.edu/courses/MATH.html#math296,published snapshot SP25 | published snapshot SP26 | published snapshot WI26
https://catalog.ucsd.edu/courses/MATH.html#math297,published snapshot FA24 | published snapshot FA25 | published snapshot S226 | published snapshot S325 | published snapshot S326 | published snapshot SP25 | published snapshot SP26 | published snapshot WI25 | published snapshot WI26
https://catalog.ucsd.edu/courses/MATH.html#math299,published snapshot FA24 | published snapshot FA25 | published snapshot FA26 | published snapshot S226 | published snapshot S326 | published snapshot SP25 | published snapshot SP26 | published snapshot WI25 | published snapshot WI26
https://catalog.ucsd.edu/courses/MATH.html#math31ah,published snapshot FA24 | published snapshot FA25 | published snapshot FA26
https://catalog.ucsd.edu/courses/MATH.html#math31bh,published snapshot WI25 | published snapshot WI26
https://catalog.ucsd.edu/courses/MATH.html#math31ch,published snapshot SP25 | published snapshot SP26
https://catalog.ucsd.edu/courses/MATH.html#math3b,published snapshot FA24 | published snapshot FA25 | published snapshot FA26 | published snapshot S125 | published snapshot S126 | published snapshot SP25 | published snapshot SP26 | published snapshot WI25 | published snapshot WI26
https://catalog.ucsd.edu/courses/MATH.html#math3c,published snapshot FA24 | published snapshot FA25 | published snapshot FA26 | published snapshot S126 | published snapshot S224 | published snapshot S225 | published snapshot S226 | published snapshot SP25 | published snapshot SP26 | published snapshot WI25 | published snapshot WI26
https://catalog.ucsd.edu/courses/MATH.html#math4c,published snapshot FA24 | published snapshot FA25 | published snapshot FA26 | published snapshot S126 | published snapshot S224 | published snapshot S226 | published snapshot SP25 | published snapshot WI25 | published snapshot WI26
https://catalog.ucsd.edu/courses/MATH.html#math500,published snapshot FA24 | published snapshot FA25 | published snapshot FA26 | published snapshot WI25
https://catalog.ucsd.edu/courses/MATH.html#math87,published snapshot FA24 | published snapshot FA25 | published snapshot FA26 | published snapshot SP25 | published snapshot SP26 | published snapshot WI25 | published snapshot WI26
https://catalog.ucsd.edu/courses/MATH.html#math88,published snapshot FA25 | published snapshot SP26
https://catalog.ucsd.edu/courses/MATH.html#math95,published snapshot SP25 | published snapshot SP26 | published snapshot WI25 | published snapshot WI26
https://catalog.ucsd.edu/courses/MATH.html#math96,published snapshot FA24 | published snapshot FA25 | published snapshot FA26
https://catalog.ucsd.edu/courses/MATS.html#mats200,published snapshot FA24 | published snapshot FA25 | published snapshot FA26 | published snapshot SP25 | published snapshot SP26 | published snapshot WI25 | published snapshot WI26
https://catalog.ucsd.edu/courses/MATS.html#mats201a,published snapshot FA25 | published snapshot FA26 | published snapshot WI25
https://catalog.ucsd.edu/courses/MATS.html#mats201b,published snapshot SP25 | published snapshot SP26
https://catalog.ucsd.edu/courses/MATS.html#mats201c,published snapshot WI26
https://catalog.ucsd.edu/courses/MATS.html#mats202,published snapshot FA25 | published snapshot FA26
https://catalog.ucsd.edu/courses/MATS.html#mats203,published snapshot WI26
https://catalog.ucsd.edu/courses/MATS.html#mats205a,published snapshot SP25 | published snapshot SP26
https://catalog.ucsd.edu/courses/MATS.html#mats227,published snapshot FA24 | published snapshot FA25 | published snapshot FA26
https://catalog.ucsd.edu/courses/MATS.html#mats231,published snapshot WI25
https://catalog.ucsd.edu/courses/MATS.html#mats236,published snapshot FA26
https://catalog.ucsd.edu/courses/MATS.html#mats251a,published snapshot FA24 | published snapshot FA25 | published snapshot FA26
https://catalog.ucsd.edu/courses/MATS.html#mats252,published snapshot SP25 | published snapshot SP26
https://catalog.ucsd.edu/courses/MATS.html#mats255,published snapshot SP26 | published snapshot WI25
https://catalog.ucsd.edu/courses/MATS.html#mats256,published snapshot SP25 | published snapshot SP26
https://catalog.ucsd.edu/courses/MATS.html#mats257,published snapshot FA24 | published snapshot FA25 | published snapshot FA26
https://catalog.ucsd.edu/courses/MATS.html#mats261a,published snapshot WI25 | published snapshot WI26
https://catalog.ucsd.edu/courses/MATS.html#mats261b,published snapshot SP25 | published snapshot SP26
https://catalog.ucsd.edu/courses/MATS.html#mats290,published snapshot WI26
https://catalog.ucsd.edu/courses/MATS.html#mats295,published snapshot FA24 | published snapshot FA25 | published snapshot FA26 | published snapshot SP25 | published snapshot SP26 | published snapshot WI25 | published snapshot WI26
https://catalog.ucsd.edu/courses/MATS.html#mats296,published snapshot S325 | published snapshot WI25
https://catalog.ucsd.edu/courses/MATS.html#mats299,published snapshot FA24 | published snapshot FA25 | published snapshot FA26 | published snapshot S325 | published snapshot S326 | published snapshot SP25 | published snapshot SP26 | published snapshot WI25 | published snapshot WI26
https://catalog.ucsd.edu/courses/MCWP.html#mcwp125,published snapshot FA24 | published snapshot FA25 | published snapshot FA26 | published snapshot SP25 | published snapshot SP26 | published snapshot WI25 | published snapshot WI26
https://catalog.ucsd.edu/courses/MCWP.html#mcwp125r,published snapshot FA24 | published snapshot WI25
https://catalog.ucsd.edu/courses/MCWP.html#mcwp40,published snapshot FA24 | published snapshot FA25 | published snapshot FA26 | published snapshot S325 | published snapshot SP25 | published snapshot SP26 | published snapshot WI25 | published snapshot WI26
https://catalog.ucsd.edu/courses/MCWP.html#mcwp40c,published snapshot FA26 | published snapshot SP26 | published snapshot WI26
https://catalog.ucsd.edu/courses/MCWP.html#mcwp40r,published snapshot FA25 | published snapshot FA26 | published snapshot S324 | published snapshot S325 | published snapshot S326
https://catalog.ucsd.edu/courses/MCWP.html#mcwp50,published snapshot FA24 | published snapshot FA25 | published snapshot FA26 | published snapshot S325 | published snapshot SP25 | published snapshot SP26 | published snapshot WI25 | published snapshot WI26
https://catalog.ucsd.edu/courses/MCWP.html#mcwp50r,published snapshot S324 | published snapshot S325 | published snapshot S326 | published snapshot SP25 | published snapshot SP26 | published snapshot WI26
https://catalog.ucsd.edu/courses/MGT.html,published snapshot FA24 | published snapshot FA25 | published snapshot FA26 | published snapshot SP25 | published snapshot SP26 | published snapshot WI25 | published snapshot WI26
https://catalog.ucsd.edu/courses/MGT.html#mgt100,published snapshot FA24 | published snapshot FA25 | published snapshot S224 | published snapshot S225 | published snapshot S226 | published snapshot SP25 | published snapshot SP26 | published snapshot WI25 | published snapshot WI26
https://catalog.ucsd.edu/courses/MGT.html#mgt102,published snapshot FA26 | published snapshot SP26
https://catalog.ucsd.edu/courses/MGT.html#mgt103,published snapshot FA24 | published snapshot FA25 | published snapshot FA26 | published snapshot S125 | published snapshot S126 | published snapshot S224 | published snapshot S225 | published snapshot S226 | published snapshot SP25 | published snapshot SP26 | published snapshot WI25 | published snapshot WI26
https://catalog.ucsd.edu/courses/MGT.html#mgt104,published snapshot SP26
https://catalog.ucsd.edu/courses/MGT.html#mgt105,published snapshot FA24 | published snapshot FA25 | published snapshot FA26 | published snapshot S224 | published snapshot S225 | published snapshot S226 | published snapshot SP25 | published snapshot WI25 | published snapshot WI26
https://catalog.ucsd.edu/courses/MGT.html#mgt106,published snapshot FA24 | published snapshot SP25 | published snapshot WI25
https://catalog.ucsd.edu/courses/MGT.html#mgt107,published snapshot SP25 | published snapshot WI25 | published snapshot WI26
https://catalog.ucsd.edu/courses/MGT.html#mgt108r,published snapshot FA24 | published snapshot FA25 | published snapshot FA26
https://catalog.ucsd.edu/courses/MGT.html#mgt109,published snapshot FA24 | published snapshot FA25 | published snapshot FA26 | published snapshot SP25 | published snapshot SP26 | published snapshot WI25
https://catalog.ucsd.edu/courses/MGT.html#mgt111,published snapshot WI26
https://catalog.ucsd.edu/courses/MGT.html#mgt112,published snapshot FA24 | published snapshot FA25 | published snapshot FA26 | published snapshot S224 | published snapshot S225 | published snapshot S226 | published snapshot SP25 | published snapshot SP26 | published snapshot WI25 | published snapshot WI26
https://catalog.ucsd.edu/courses/MGT.html#mgt119,published snapshot FA25 | published snapshot FA26 | published snapshot S126 | published snapshot SP25 | published snapshot SP26 | published snapshot WI25 | published snapshot WI26
https://catalog.ucsd.edu/courses/MGT.html#mgt12,published snapshot FA24 | published snapshot FA25 | published snapshot FA26 | published snapshot S224 | published snapshot S225 | published snapshot S226 | published snapshot SP25 | published snapshot SP26 | published snapshot WI25 | published snapshot WI26
https://catalog.ucsd.edu/courses/MGT.html#mgt121a,published snapshot FA24 | published snapshot FA25 | published snapshot FA26 | published snapshot S125 | published snapshot S224 | published snapshot WI25 | published snapshot WI26
https://catalog.ucsd.edu/courses/MGT.html#mgt121b,published snapshot SP25 | published snapshot SP26
https://catalog.ucsd.edu/courses/MGT.html#mgt123,published snapshot WI25 | published snapshot WI26
https://catalog.ucsd.edu/courses/MGT.html#mgt127r,published snapshot FA24 | published snapshot FA25 | published snapshot FA26 | published snapshot S225 | published snapshot S226 | published snapshot SP26 | published snapshot WI25 | published snapshot WI26
https://catalog.ucsd.edu/courses/MGT.html#mgt128r,published snapshot SP25 | published snapshot SP26
https://catalog.ucsd.edu/courses/MGT.html#mgt129,published snapshot S126
https://catalog.ucsd.edu/courses/MGT.html#mgt131a,published snapshot FA24 | published snapshot FA25 | published snapshot S125 | published snapshot S126 | published snapshot SP25 | published snapshot WI25 | published snapshot WI26
https://catalog.ucsd.edu/courses/MGT.html#mgt131b,published snapshot S224 | published snapshot S225 | published snapshot S226 | published snapshot SP25 | published snapshot SP26 | published snapshot WI25
https://catalog.ucsd.edu/courses/MGT.html#mgt132,published snapshot FA24 | published snapshot FA25 | published snapshot FA26 | published snapshot SP25 | published snapshot SP26
https://catalog.ucsd.edu/courses/MGT.html#mgt134,published snapshot FA24 | published snapshot WI26
https://catalog.ucsd.edu/courses/MGT.html#mgt135,published snapshot FA24 | published snapshot FA25 | published snapshot FA26 | published snapshot WI25 | published snapshot WI26
https://catalog.ucsd.edu/courses/MGT.html#mgt136,published snapshot WI25 | published snapshot WI26
https://catalog.ucsd.edu/courses/MGT.html#mgt137,published snapshot FA25 | published snapshot FA26 | published snapshot S224 | published snapshot S225 | published snapshot S226 | published snapshot SP25 | published snapshot SP26 | published snapshot WI25 | published snapshot WI26
https://catalog.ucsd.edu/courses/MGT.html#mgt139,published snapshot FA24
https://catalog.ucsd.edu/courses/MGT.html#mgt146,published snapshot SP25
https://catalog.ucsd.edu/courses/MGT.html#mgt147,published snapshot SP25 | published snapshot SP26
https://catalog.ucsd.edu/courses/MGT.html#mgt148,published snapshot WI26
https://catalog.ucsd.edu/courses/MGT.html#mgt151r,published snapshot FA24 | published snapshot FA25 | published snapshot SP25 | published snapshot WI25 | published snapshot WI26
https://catalog.ucsd.edu/courses/MGT.html#mgt153,published snapshot FA24 | published snapshot FA25 | published snapshot FA26 | published snapshot S125 | published snapshot S126 | published snapshot SP25 | published snapshot SP26 | published snapshot WI25 | published snapshot WI26
https://catalog.ucsd.edu/courses/MGT.html#mgt155,published snapshot SP25 | published snapshot SP26 | published snapshot WI26
https://catalog.ucsd.edu/courses/MGT.html#mgt158,published snapshot FA25
https://catalog.ucsd.edu/courses/MGT.html#mgt159t,published snapshot SP26
https://catalog.ucsd.edu/courses/MGT.html#mgt16,published snapshot FA24 | published snapshot FA25 | published snapshot FA26 | published snapshot S126 | published snapshot S225 | published snapshot S226 | published snapshot SP25 | published snapshot SP26 | published snapshot WI25 | published snapshot WI26
https://catalog.ucsd.edu/courses/MGT.html#mgt160,published snapshot FA24 | published snapshot FA25 | published snapshot FA26 | published snapshot S126 | published snapshot S225 | published snapshot S226 | published snapshot SP25 | published snapshot SP26 | published snapshot WI25 | published snapshot WI26
https://catalog.ucsd.edu/courses/MGT.html#mgt162,published snapshot FA24 | published snapshot FA25 | published snapshot FA26 | published snapshot SP25 | published snapshot SP26 | published snapshot WI25 | published snapshot WI26
https://catalog.ucsd.edu/courses/MGT.html#mgt162r,published snapshot FA24 | published snapshot FA25 | published snapshot FA26 | published snapshot S125 | published snapshot S224 | published snapshot S225 | published snapshot S226 | published snapshot SP25 | published snapshot SP26 | published snapshot WI25 | published snapshot WI26
https://catalog.ucsd.edu/courses/MGT.html#mgt164,published snapshot FA24 | published snapshot FA25 | published snapshot FA26 | published snapshot S224 | published snapshot S225 | published snapshot S226 | published snapshot SP25 | published snapshot SP26 | published snapshot WI25 | published snapshot WI26
https://catalog.ucsd.edu/courses/MGT.html#mgt164gs,published snapshot S125
https://catalog.ucsd.edu/courses/MGT.html#mgt166,published snapshot FA24 | published snapshot FA25 | published snapshot FA26 | published snapshot SP25 | published snapshot SP26 | published snapshot WI25 | published snapshot WI26
https://catalog.ucsd.edu/courses/MGT.html#mgt167,published snapshot FA24 | published snapshot FA25 | published snapshot FA26 | published snapshot SP25 | published snapshot SP26 | published snapshot WI25 | published snapshot WI26
https://catalog.ucsd.edu/courses/MGT.html#mgt171,published snapshot SP26
https://catalog.ucsd.edu/courses/MGT.html#mgt172,published snapshot FA24 | published snapshot FA25 | published snapshot FA26 | published snapshot S125 | published snapshot S126 | published snapshot S226 | published snapshot SP25 | published snapshot SP26 | published snapshot WI25 | published snapshot WI26
https://catalog.ucsd.edu/courses/MGT.html#mgt172r,published snapshot FA24 | published snapshot FA25 | published snapshot S126
https://catalog.ucsd.edu/courses/MGT.html#mgt173,published snapshot FA24 | published snapshot FA25 | published snapshot FA26 | published snapshot SP25 | published snapshot SP26 | published snapshot WI25 | published snapshot WI26
https://catalog.ucsd.edu/courses/MGT.html#mgt175,published snapshot FA24 | published snapshot FA25 | published snapshot FA26 | published snapshot SP25 | published snapshot SP26 | published snapshot WI25 | published snapshot WI26
https://catalog.ucsd.edu/courses/MGT.html#mgt176,published snapshot WI25
https://catalog.ucsd.edu/courses/MGT.html#mgt18,published snapshot FA24 | published snapshot FA25 | published snapshot FA26 | published snapshot S224 | published snapshot S225 | published snapshot SP25 | published snapshot SP26 | published snapshot WI25 | published snapshot WI26
https://catalog.ucsd.edu/courses/MGT.html#mgt180,published snapshot FA24 | published snapshot FA25 | published snapshot FA26 | published snapshot S224 | published snapshot S225 | published snapshot SP25 | published snapshot SP26
https://catalog.ucsd.edu/courses/MGT.html#mgt180r,published snapshot S226 | published snapshot WI25 | published snapshot WI26
https://catalog.ucsd.edu/courses/MGT.html#mgt181,published snapshot FA24 | published snapshot FA25 | published snapshot FA26 | published snapshot S125 | published snapshot S126 | published snapshot S226 | published snapshot SP25 | published snapshot SP26 | published snapshot WI25 | published snapshot WI26
https://catalog.ucsd.edu/courses/MGT.html#mgt183,published snapshot FA25 | published snapshot FA26 | published snapshot WI26
https://catalog.ucsd.edu/courses/MGT.html#mgt184,published snapshot SP25 | published snapshot SP26
https://catalog.ucsd.edu/courses/MGT.html#mgt185,published snapshot FA24 | published snapshot FA25 | published snapshot SP25 | published snapshot SP26
https://catalog.ucsd.edu/courses/MGT.html#mgt189,published snapshot FA24 | published snapshot FA25 | published snapshot FA26 | published snapshot SP25 | published snapshot SP26 | published snapshot WI25 | published snapshot WI26
https://catalog.ucsd.edu/courses/MGT.html#mgt18gs,published snapshot S125
https://catalog.ucsd.edu/courses/MGT.html#mgt198,published snapshot FA24 | published snapshot FA25 | published snapshot SP25 | published snapshot SP26 | published snapshot WI25 | published snapshot WI26
https://catalog.ucsd.edu/courses/MGT.html#mgt199,published snapshot FA24 | published snapshot FA25 | published snapshot S324 | published snapshot S326 | published snapshot SP25 | published snapshot SP26 | published snapshot WI25 | published snapshot WI26
https://catalog.ucsd.edu/courses/MGT.html#mgt225,published snapshot FA26
https://catalog.ucsd.edu/courses/MGT.html#mgt228,published snapshot FA24 | published snapshot FA25
https://catalog.ucsd.edu/courses/MGT.html#mgt248,published snapshot WI26
https://catalog.ucsd.edu/courses/MGT.html#mgt249,published snapshot WI25
https://catalog.ucsd.edu/courses/MGT.html#mgt252,published snapshot FA25 | published snapshot FA26
https://catalog.ucsd.edu/courses/MGT.html#mgt253,published snapshot WI26
https://catalog.ucsd.edu/courses/MGT.html#mgt255,published snapshot FA26 | published snapshot SP25
https://catalog.ucsd.edu/courses/MGT.html#mgt256,published snapshot WI25
https://catalog.ucsd.edu/courses/MGT.html#mgt258,published snapshot SP26
https://catalog.ucsd.edu/courses/MGT.html#mgt259,published snapshot SP25 | published snapshot WI25
https://catalog.ucsd.edu/courses/MGT.html#mgt260,published snapshot WI26
https://catalog.ucsd.edu/courses/MGT.html#mgt262,published snapshot FA24 | published snapshot FA26 | published snapshot SP26
https://catalog.ucsd.edu/courses/MGT.html#mgt285,published snapshot SP25
https://catalog.ucsd.edu/courses/MGT.html#mgt286,published snapshot FA25
https://catalog.ucsd.edu/courses/MGT.html#mgt287,published snapshot FA24
https://catalog.ucsd.edu/courses/MGT.html#mgt296,published snapshot FA24 | published snapshot FA25 | published snapshot FA26 | published snapshot SP25 | published snapshot SP26 | published snapshot WI25 | published snapshot WI26
https://catalog.ucsd.edu/courses/MGT.html#mgt299,published snapshot FA24 | published snapshot FA25 | published snapshot FA26 | published snapshot S125 | published snapshot S225 | published snapshot SP25 | published snapshot SP26 | published snapshot WI25 | published snapshot WI26
https://catalog.ucsd.edu/courses/MGT.html#mgt3,published snapshot FA24 | published snapshot FA25 | published snapshot FA26 | published snapshot SP25 | published snapshot SP26 | published snapshot WI25 | published snapshot WI26
https://catalog.ucsd.edu/courses/MGT.html#mgt4,published snapshot FA24 | published snapshot FA25 | published snapshot FA26 | published snapshot S224 | published snapshot S225 | published snapshot SP25 | published snapshot SP26 | published snapshot WI25 | published snapshot WI26
https://catalog.ucsd.edu/courses/MGT.html#mgt402,published snapshot S324 | published snapshot S325 | published snapshot WI25
https://catalog.ucsd.edu/courses/MGT.html#mgt403,published snapshot FA24 | published snapshot FA25 | published snapshot FA26
https://catalog.ucsd.edu/courses/MGT.html#mgt403r,published snapshot FA24 | published snapshot FA25 | published snapshot FA26
https://catalog.ucsd.edu/courses/MGT.html#mgt404,published snapshot FA24 | published snapshot FA25 | published snapshot FA26 | published snapshot WI25 | published snapshot WI26
https://catalog.ucsd.edu/courses/MGT.html#mgt404r,published snapshot WI25 | published snapshot WI26
https://catalog.ucsd.edu/courses/MGT.html#mgt405,published snapshot FA24 | published snapshot FA25 | published snapshot FA26
https://catalog.ucsd.edu/courses/MGT.html#mgt405r,published snapshot FA24 | published snapshot FA25 | published snapshot FA26
https://catalog.ucsd.edu/courses/MGT.html#mgt406,published snapshot FA24 | published snapshot FA25 | published snapshot FA26 | published snapshot S324 | published snapshot S325 | published snapshot S326
https://catalog.ucsd.edu/courses/MGT.html#mgt406r,published snapshot FA26
https://catalog.ucsd.edu/courses/MGT.html#mgt407,published snapshot FA24 | published snapshot FA25 | published snapshot SP25 | published snapshot SP26
https://catalog.ucsd.edu/courses/MGT.html#mgt407r,published snapshot SP25 | published snapshot SP26
https://catalog.ucsd.edu/courses/MGT.html#mgt408,published snapshot SP25 | published snapshot SP26 | published snapshot WI25 | published snapshot WI26
https://catalog.ucsd.edu/courses/MGT.html#mgt408r,published snapshot SP25 | published snapshot SP26
https://catalog.ucsd.edu/courses/MGT.html#mgt409,published snapshot FA25 | published snapshot S324 | published snapshot WI25 | published snapshot WI26
https://catalog.ucsd.edu/courses/MGT.html#mgt410,published snapshot FA26 | published snapshot SP26 | published snapshot WI25
https://catalog.ucsd.edu/courses/MGT.html#mgt410r,published snapshot FA26 | published snapshot SP26
https://catalog.ucsd.edu/courses/MGT.html#mgt412,published snapshot FA24 | published snapshot FA25 | published snapshot FA26
https://catalog.ucsd.edu/courses/MGT.html#mgt412r,published snapshot FA25 | published snapshot FA26
https://catalog.ucsd.edu/courses/MGT.html#mgt413,published snapshot WI25 | published snapshot WI26
https://catalog.ucsd.edu/courses/MGT.html#mgt413r,published snapshot WI25 | published snapshot WI26
https://catalog.ucsd.edu/courses/MGT.html#mgt414,published snapshot FA24 | published snapshot SP25 | published snapshot SP26 | published snapshot WI25 | published snapshot WI26
https://catalog.ucsd.edu/courses/MGT.html#mgt414r,published snapshot WI26
https://catalog.ucsd.edu/courses/MGT.html#mgt415,published snapshot WI25 | published snapshot WI26
https://catalog.ucsd.edu/courses/MGT.html#mgt417,published snapshot S324 | published snapshot S325 | published snapshot S326
https://catalog.ucsd.edu/courses/MGT.html#mgt419,published snapshot FA24 | published snapshot S325 | published snapshot SP25 | published snapshot WI25
https://catalog.ucsd.edu/courses/MGT.html#mgt420,published snapshot FA24 | published snapshot FA25 | published snapshot FA26 | published snapshot SP25 | published snapshot SP26 | published snapshot WI26
https://catalog.ucsd.edu/courses/MGT.html#mgt420r,published snapshot WI25
https://catalog.ucsd.edu/courses/MGT.html#mgt421,published snapshot FA24 | published snapshot FA25 | published snapshot S324 | published snapshot S325 | published snapshot S326 | published snapshot WI25
https://catalog.ucsd.edu/courses/MGT.html#mgt428,published snapshot SP25 | published snapshot SP26
https://catalog.ucsd.edu/courses/MGT.html#mgt429,published snapshot S125 | published snapshot S126
https://catalog.ucsd.edu/courses/MGT.html#mgt430,published snapshot S325 | published snapshot S326 | published snapshot WI25
https://catalog.ucsd.edu/courses/MGT.html#mgt431,published snapshot WI25 | published snapshot WI26
https://catalog.ucsd.edu/courses/MGT.html#mgt431r,published snapshot WI26
https://catalog.ucsd.edu/courses/MGT.html#mgt432,published snapshot FA24
https://catalog.ucsd.edu/courses/MGT.html#mgt433,published snapshot S324 | published snapshot WI25 | published snapshot WI26
https://catalog.ucsd.edu/courses/MGT.html#mgt434,published snapshot FA24 | published snapshot SP25
https://catalog.ucsd.edu/courses/MGT.html#mgt439,published snapshot FA24 | published snapshot FA25 | published snapshot FA26 | published snapshot S224 | published snapshot S225 | published snapshot S324 | published snapshot S325 | published snapshot S326 | published snapshot SP25 | published snapshot SP26 | published snapshot WI25
https://catalog.ucsd.edu/courses/MGT.html#mgt440,published snapshot FA25 | published snapshot FA26 | published snapshot SP25
https://catalog.ucsd.edu/courses/MGT.html#mgt441,published snapshot FA26 | published snapshot WI25 | published snapshot WI26
https://catalog.ucsd.edu/courses/MGT.html#mgt443,published snapshot FA24 | published snapshot S326 | published snapshot SP25 | published snapshot WI25
https://catalog.ucsd.edu/courses/MGT.html#mgt444,published snapshot FA26 | published snapshot WI25
https://catalog.ucsd.edu/courses/MGT.html#mgt446,published snapshot FA25 | published snapshot FA26 | published snapshot S324
https://catalog.ucsd.edu/courses/MGT.html#mgt449,published snapshot FA24 | published snapshot S125 | published snapshot S126 | published snapshot S224 | published snapshot S225 | published snapshot S226 | published snapshot S324 | published snapshot SP26
https://catalog.ucsd.edu/courses/MGT.html#mgt45,published snapshot FA24 | published snapshot FA25 | published snapshot FA26 | published snapshot S224 | published snapshot S225 | published snapshot S226 | published snapshot SP25 | published snapshot SP26 | published snapshot WI25 | published snapshot WI26
https://catalog.ucsd.edu/courses/MGT.html#mgt450,published snapshot FA24 | published snapshot SP25 | published snapshot SP26
https://catalog.ucsd.edu/courses/MGT.html#mgt451r,published snapshot FA25 | published snapshot FA26 | published snapshot WI25 | published snapshot WI26
https://catalog.ucsd.edu/courses/MGT.html#mgt452,published snapshot WI25 | published snapshot WI26
https://catalog.ucsd.edu/courses/MGT.html#mgt452r,published snapshot SP26
https://catalog.ucsd.edu/courses/MGT.html#mgt453,published snapshot S324 | published snapshot S326 | published snapshot SP25
https://catalog.ucsd.edu/courses/MGT.html#mgt453r,published snapshot WI26
https://catalog.ucsd.edu/courses/MGT.html#mgt455,published snapshot WI25 | published snapshot WI26
https://catalog.ucsd.edu/courses/MGT.html#mgt455r,published snapshot WI26
https://catalog.ucsd.edu/courses/MGT.html#mgt456,published snapshot SP25 | published snapshot SP26
https://catalog.ucsd.edu/courses/MGT.html#mgt458,published snapshot FA24 | published snapshot FA25 | published snapshot SP25
https://catalog.ucsd.edu/courses/MGT.html#mgt458r,published snapshot WI26
https://catalog.ucsd.edu/courses/MGT.html#mgt459,published snapshot FA24 | published snapshot S224 | published snapshot SP25 | published snapshot SP26 | published snapshot WI26
https://catalog.ucsd.edu/courses/MGT.html#mgt461r,published snapshot SP26
https://catalog.ucsd.edu/courses/MGT.html#mgt470,published snapshot WI26
https://catalog.ucsd.edu/courses/MGT.html#mgt471,published snapshot FA25
https://catalog.ucsd.edu/courses/MGT.html#mgt473,published snapshot SP26
https://catalog.ucsd.edu/courses/MGT.html#mgt475,published snapshot FA24
https://catalog.ucsd.edu/courses/MGT.html#mgt477r,published snapshot SP25 | published snapshot SP26
https://catalog.ucsd.edu/courses/MGT.html#mgt478,published snapshot SP25
https://catalog.ucsd.edu/courses/MGT.html#mgt482,published snapshot S326
https://catalog.ucsd.edu/courses/MGT.html#mgt482r,published snapshot S326
https://catalog.ucsd.edu/courses/MGT.html#mgt486,published snapshot SP25
https://catalog.ucsd.edu/courses/MGT.html#mgt486r,published snapshot SP26
https://catalog.ucsd.edu/courses/MGT.html#mgt487,published snapshot FA25 | published snapshot FA26 | published snapshot SP26
https://catalog.ucsd.edu/courses/MGT.html#mgt488r,published snapshot FA24 | published snapshot FA25 | published snapshot FA26
https://catalog.ucsd.edu/courses/MGT.html#mgt489,published snapshot FA24 | published snapshot S324 | published snapshot S325 | published snapshot SP26 | published snapshot WI25
https://catalog.ucsd.edu/courses/MGT.html#mgt490,published snapshot FA25 | published snapshot FA26
https://catalog.ucsd.edu/courses/MGT.html#mgt491,published snapshot S324 | published snapshot SP25 | published snapshot SP26 | published snapshot WI25
https://catalog.ucsd.edu/courses/MGT.html#mgt492,published snapshot SP25
https://catalog.ucsd.edu/courses/MGT.html#mgt492r,published snapshot SP26
https://catalog.ucsd.edu/courses/MGT.html#mgt493r,published snapshot FA25 | published snapshot FA26
https://catalog.ucsd.edu/courses/MGT.html#mgt494,published snapshot WI26
https://catalog.ucsd.edu/courses/MGT.html#mgt495,published snapshot S324 | published snapshot S325 | published snapshot S326 | published snapshot SP25 | published snapshot SP26 | published snapshot WI25
https://catalog.ucsd.edu/courses/MGT.html#mgt497,published snapshot FA24 | published snapshot FA25 | published snapshot FA26 | published snapshot S324 | published snapshot S325 | published snapshot S326 | published snapshot SP25 | published snapshot SP26 | published snapshot WI25 | published snapshot WI26
https://catalog.ucsd.edu/courses/MGT.html#mgt499,published snapshot FA24 | published snapshot FA25 | published snapshot FA26 | published snapshot S126 | published snapshot S226 | published snapshot S324 | published snapshot S325 | published snapshot S326 | published snapshot SP25 | published snapshot SP26 | published snapshot WI25 | published snapshot WI26
https://catalog.ucsd.edu/courses/MGT.html#mgt5,published snapshot FA24 | published snapshot FA25 | published snapshot FA26 | published snapshot S126 | published snapshot S225 | published snapshot S226 | published snapshot SP25 | published snapshot SP26 | published snapshot WI25 | published snapshot WI26
https://catalog.ucsd.edu/courses/MGT.html#mgt52,published snapshot FA24 | published snapshot FA25 | published snapshot FA26 | published snapshot WI25 | published snapshot WI26
https://catalog.ucsd.edu/courses/MGT.html#mgt71,published snapshot FA24 | published snapshot FA25 | published snapshot FA26 | published snapshot S125 | published snapshot S224 | published snapshot S225 | published snapshot SP25 | published snapshot SP26 | published snapshot WI26
https://catalog.ucsd.edu/courses/MGT.html#mgt71r,published snapshot FA24 | published snapshot FA26 | published snapshot S126 | published snapshot S226 | published snapshot SP25 | published snapshot SP26 | published snapshot WI25
https://catalog.ucsd.edu/courses/MGT.html#mgta402,published snapshot FA24 | published snapshot FA25 | published snapshot FA26 | published snapshot WI25 | published snapshot WI26
https://catalog.ucsd.edu/courses/MGT.html#mgta403,published snapshot S224 | published snapshot S325 | published snapshot S326
https://catalog.ucsd.edu/courses/MGT.html#mgta415,published snapshot S324 | published snapshot S325 | published snapshot WI25
https://catalog.ucsd.edu/courses/MGT.html#mgta444,published snapshot S324 | published snapshot S325 | published snapshot WI25 | published snapshot WI26
https://catalog.ucsd.edu/courses/MGT.html#mgta451,published snapshot S224 | published snapshot S325 | published snapshot S326
https://catalog.ucsd.edu/courses/MGT.html#mgta452,published snapshot FA24 | published snapshot FA25 | published snapshot FA26
https://catalog.ucsd.edu/courses/MGT.html#mgta453,published snapshot FA24 | published snapshot FA25 | published snapshot FA26
https://catalog.ucsd.edu/courses/MGT.html#mgta454,published snapshot FA24 | published snapshot FA25 | published snapshot SP25 | published snapshot SP26
https://catalog.ucsd.edu/courses/MGT.html#mgta455,published snapshot WI25 | published snapshot WI26
https://catalog.ucsd.edu/courses/MGT.html#mgta456,published snapshot SP25 | published snapshot WI26
https://catalog.ucsd.edu/courses/MGT.html#mgta457,published snapshot FA24 | published snapshot FA25 | published snapshot FA26 | published snapshot SP25 | published snapshot SP26
https://catalog.ucsd.edu/courses/MGT.html#mgta458,published snapshot WI25 | published snapshot WI26
https://catalog.ucsd.edu/courses/MGT.html#mgta459,published snapshot FA24 | published snapshot FA25 | published snapshot FA26
https://catalog.ucsd.edu/courses/MGT.html#mgta460,published snapshot SP25 | published snapshot SP26
https://catalog.ucsd.edu/courses/MGT.html#mgta461,published snapshot FA24 | published snapshot FA25 | published snapshot FA26
https://catalog.ucsd.edu/courses/MGT.html#mgta463r,published snapshot SP25 | published snapshot SP26
https://catalog.ucsd.edu/courses/MGT.html#mgta464,published snapshot S224 | published snapshot S324 | published snapshot S325 | published snapshot S326
https://catalog.ucsd.edu/courses/MGT.html#mgta466,published snapshot WI25 | published snapshot WI26
https://catalog.ucsd.edu/courses/MGT.html#mgta479,published snapshot WI26
https://catalog.ucsd.edu/courses/MGT.html#mgta495,published snapshot SP25 | published snapshot SP26 | published snapshot WI26
https://catalog.ucsd.edu/courses/MGT.html#mgtf401,published snapshot FA24 | published snapshot FA25 | published snapshot FA26
https://catalog.ucsd.edu/courses/MGT.html#mgtf402,published snapshot FA24 | published snapshot FA25 | published snapshot FA26
https://catalog.ucsd.edu/courses/MGT.html#mgtf403,published snapshot WI25 | published snapshot WI26
https://catalog.ucsd.edu/courses/MGT.html#mgtf404,published snapshot FA24 | published snapshot FA25 | published snapshot FA26
https://catalog.ucsd.edu/courses/MGT.html#mgtf405,published snapshot FA25 | published snapshot FA26
https://catalog.ucsd.edu/courses/MGT.html#mgtf406,published snapshot SP25 | published snapshot SP26
https://catalog.ucsd.edu/courses/MGT.html#mgtf407,published snapshot FA24 | published snapshot WI25 | published snapshot WI26
https://catalog.ucsd.edu/courses/MGT.html#mgtf408,published snapshot SP25 | published snapshot SP26
https://catalog.ucsd.edu/courses/MGT.html#mgtf409,published snapshot FA24 | published snapshot SP25 | published snapshot SP26
https://catalog.ucsd.edu/courses/MGT.html#mgtf410,published snapshot WI25 | published snapshot WI26
https://catalog.ucsd.edu/courses/MGT.html#mgtf411,published snapshot SP25
https://catalog.ucsd.edu/courses/MGT.html#mgtf412,published snapshot SP25 | published snapshot WI25 | published snapshot WI26
https://catalog.ucsd.edu/courses/MGT.html#mgtf413,published snapshot WI25 | published snapshot WI26
https://catalog.ucsd.edu/courses/MGT.html#mgtf415,published snapshot FA24 | published snapshot FA25 | published snapshot FA26
https://catalog.ucsd.edu/courses/MGT.html#mgtf416,published snapshot WI25 | published snapshot WI26
https://catalog.ucsd.edu/courses/MGT.html#mgtf417,published snapshot WI25 | published snapshot WI26
https://catalog.ucsd.edu/courses/MGT.html#mgtf418,published snapshot FA24 | published snapshot FA25 | published snapshot FA26 | published snapshot SP25 | published snapshot SP26
https://catalog.ucsd.edu/courses/MGT.html#mgtf419,published snapshot SP26
https://catalog.ucsd.edu/courses/MGT.html#mgtf420,published snapshot SP25 | published snapshot SP26
https://catalog.ucsd.edu/courses/MGT.html#mgtf421,published snapshot WI25 | published snapshot WI26
https://catalog.ucsd.edu/courses/MGT.html#mgtf422,published snapshot WI25 | published snapshot WI26
https://catalog.ucsd.edu/courses/MGT.html#mgtf423,published snapshot WI25 | published snapshot WI26
https://catalog.ucsd.edu/courses/MGT.html#mgtf424,published snapshot SP25 | published snapshot SP26
https://catalog.ucsd.edu/courses/MGT.html#mgtf430,published snapshot SP25 | published snapshot SP26
https://catalog.ucsd.edu/courses/MGT.html#mgtf490,published snapshot FA24 | published snapshot FA25 | published snapshot FA26 | published snapshot S324 | published snapshot S325 | published snapshot S326
https://catalog.ucsd.edu/courses/MGT.html#mgtf495,published snapshot FA24 | published snapshot FA25 | published snapshot FA26 | published snapshot SP25 | published snapshot SP26 | published snapshot WI25 | published snapshot WI26
https://catalog.ucsd.edu/courses/MGT.html#mgtp401,published snapshot FA24 | published snapshot FA25 | published snapshot FA26 | published snapshot SP25 | published snapshot SP26
https://catalog.ucsd.edu/courses/MGT.html#mgtp414,published snapshot FA24 | published snapshot FA25 | published snapshot FA26
https://catalog.ucsd.edu/courses/MGT.html#mgtp416,published snapshot WI25 | published snapshot WI26
https://catalog.ucsd.edu/courses/MGT.html#mgtp421,published snapshot FA24 | published snapshot FA25 | published snapshot FA26
https://catalog.ucsd.edu/courses/MGT.html#mgtp422,published snapshot SP25 | published snapshot SP26
https://catalog.ucsd.edu/courses/MGT.html#mgtp424,published snapshot FA24 | published snapshot FA25 | published snapshot FA26
https://catalog.ucsd.edu/courses/MGT.html#mgtp425,published snapshot FA25 | published snapshot FA26
https://catalog.ucsd.edu/courses/MGT.html#mgtp429,published snapshot WI26
https://catalog.ucsd.edu/courses/MGT.html#mgtp432,published snapshot FA24 | published snapshot FA25 | published snapshot FA26
https://catalog.ucsd.edu/courses/MGT.html#mgtp433,published snapshot SP26 | published snapshot WI25
https://catalog.ucsd.edu/courses/MGT.html#mgtp434,published snapshot WI25 | published snapshot WI26
https://catalog.ucsd.edu/courses/MGT.html#mgtp435,published snapshot WI26
https://catalog.ucsd.edu/courses/MGT.html#mgtp443,published snapshot WI25 | published snapshot WI26
https://catalog.ucsd.edu/courses/MGT.html#mgtp444,published snapshot SP25 | published snapshot SP26
https://catalog.ucsd.edu/courses/MGT.html#mgtp452,published snapshot SP25 | published snapshot SP26
https://catalog.ucsd.edu/courses/MGT.html#mgtp495,published snapshot SP25 | published snapshot SP26
https://catalog.ucsd.edu/courses/MMW.html#mmw11,published snapshot FA24 | published snapshot FA25 | published snapshot FA26
https://catalog.ucsd.edu/courses/MMW.html#mmw11r,published snapshot FA24 | published snapshot S224 | published snapshot S325 | published snapshot S326
https://catalog.ucsd.edu/courses/MMW.html#mmw12,published snapshot WI25 | published snapshot WI26
https://catalog.ucsd.edu/courses/MMW.html#mmw121,published snapshot FA24 | published snapshot FA25
https://catalog.ucsd.edu/courses/MMW.html#mmw121r,published snapshot S125 | published snapshot S326
https://catalog.ucsd.edu/courses/MMW.html#mmw122,published snapshot FA26 | published snapshot S224 | published snapshot WI25 | published snapshot WI26
https://catalog.ucsd.edu/courses/MMW.html#mmw122r,published snapshot S225 | published snapshot S326
https://catalog.ucsd.edu/courses/MMW.html#mmw12r,published snapshot S324 | published snapshot S325 | published snapshot S326
https://catalog.ucsd.edu/courses/MMW.html#mmw13,published snapshot SP25 | published snapshot SP26
https://catalog.ucsd.edu/courses/MMW.html#mmw13r,published snapshot S324 | published snapshot S325 | published snapshot S326
https://catalog.ucsd.edu/courses/MMW.html#mmw14,published snapshot FA24 | published snapshot FA25 | published snapshot S125 | published snapshot WI25 | published snapshot WI26
https://catalog.ucsd.edu/courses/MMW.html#mmw14gs,published snapshot S125 | published snapshot S126
https://catalog.ucsd.edu/courses/MMW.html#mmw14r,published snapshot S326
https://catalog.ucsd.edu/courses/MMW.html#mmw15,published snapshot S224 | published snapshot S225 | published snapshot S326 | published snapshot SP25 | published snapshot SP26
https://catalog.ucsd.edu/courses/MMW.html#mmw15gs,published snapshot S125 | published snapshot S126 | published snapshot S225
https://catalog.ucsd.edu/courses/MMW.html#mmw15r,published snapshot S326
https://catalog.ucsd.edu/courses/MSED.html#msed294,published snapshot FA24
https://catalog.ucsd.edu/courses/MSED.html#msed295,published snapshot FA24 | published snapshot FA25 | published snapshot FA26 | published snapshot SP25 | published snapshot SP26 | published snapshot WI25 | published snapshot WI26
https://catalog.ucsd.edu/courses/MSED.html#msed296a,published snapshot FA25
https://catalog.ucsd.edu/courses/MSED.html#msed296b,published snapshot WI26
https://catalog.ucsd.edu/courses/MSED.html#msed296c,published snapshot SP26
https://catalog.ucsd.edu/courses/MSED.html#msed298,published snapshot FA24
https://catalog.ucsd.edu/courses/MSED.html#msed299,published snapshot FA24 | published snapshot FA25 | published snapshot FA26 | published snapshot SP25 | published snapshot SP26 | published snapshot WI25 | published snapshot WI26
https://catalog.ucsd.edu/courses/MUS.html#mus101a,published snapshot FA24 | published snapshot FA25 | published snapshot FA26
https://catalog.ucsd.edu/courses/MUS.html#mus101b,published snapshot WI26
https://catalog.ucsd.edu/courses/MUS.html#mus103a,published snapshot FA26
https://catalog.ucsd.edu/courses/MUS.html#mus103b,published snapshot WI26
https://catalog.ucsd.edu/courses/MUS.html#mus103d,published snapshot FA24 | published snapshot FA25
https://catalog.ucsd.edu/courses/MUS.html#mus103e,published snapshot FA25 | published snapshot WI26
https://catalog.ucsd.edu/courses/MUS.html#mus107,published snapshot FA24 | published snapshot FA25 | published snapshot FA26 | published snapshot WI26
https://catalog.ucsd.edu/courses/MUS.html#mus11,published snapshot S125 | published snapshot S224 | published snapshot S225 | published snapshot SP25 | published snapshot SP26
https://catalog.ucsd.edu/courses/MUS.html#mus111,published snapshot FA25 | published snapshot FA26 | published snapshot WI26
https://catalog.ucsd.edu/courses/MUS.html#mus113,published snapshot FA24 | published snapshot FA25 | published snapshot FA26 | published snapshot WI26
https://catalog.ucsd.edu/courses/MUS.html#mus114,published snapshot S224 | published snapshot WI26
https://catalog.ucsd.edu/courses/MUS.html#mus115,published snapshot FA25 | published snapshot WI26
https://catalog.ucsd.edu/courses/MUS.html#mus116,published snapshot FA24
https://catalog.ucsd.edu/courses/MUS.html#mus12,published snapshot FA26 | published snapshot SP25 | published snapshot WI25 | published snapshot WI26
https://catalog.ucsd.edu/courses/MUS.html#mus120a,published snapshot FA24 | published snapshot FA25 | published snapshot FA26
https://catalog.ucsd.edu/courses/MUS.html#mus120b,published snapshot WI26
https://catalog.ucsd.edu/courses/MUS.html#mus127,published snapshot FA24 | published snapshot FA26 | published snapshot WI26
https://catalog.ucsd.edu/courses/MUS.html#mus13,published snapshot FA25 | published snapshot S125 | published snapshot S126 | published snapshot S224 | published snapshot S225 | published snapshot S226 | published snapshot WI25 | published snapshot WI26
https://catalog.ucsd.edu/courses/MUS.html#mus130,published snapshot FA24 | published snapshot FA25 | published snapshot FA26 | published snapshot S125 | published snapshot S225 | published snapshot WI26
https://catalog.ucsd.edu/courses/MUS.html#mus131,published snapshot FA26 | published snapshot WI26
https://catalog.ucsd.edu/courses/MUS.html#mus132,published snapshot FA24 | published snapshot FA25 | published snapshot FA26 | published snapshot WI26
https://catalog.ucsd.edu/courses/MUS.html#mus132r,published snapshot FA24 | published snapshot FA25 | published snapshot FA26 | published snapshot WI26
https://catalog.ucsd.edu/courses/MUS.html#mus132v,published snapshot FA24 | published snapshot FA25 | published snapshot FA26 | published snapshot WI26
https://catalog.ucsd.edu/courses/MUS.html#mus134,published snapshot FA24 | published snapshot FA25 | published snapshot FA26 | published snapshot WI26
https://catalog.ucsd.edu/courses/MUS.html#mus137a,published snapshot FA24 | published snapshot FA25 | published snapshot FA26
https://catalog.ucsd.edu/courses/MUS.html#mus137b,published snapshot WI26
https://catalog.ucsd.edu/courses/MUS.html#mus14,published snapshot FA25 | published snapshot FA26 | published snapshot S226 | published snapshot SP25 | published snapshot SP26
https://catalog.ucsd.edu/courses/MUS.html#mus143,published snapshot FA24 | published snapshot FA25 | published snapshot FA26 | published snapshot WI26
https://catalog.ucsd.edu/courses/MUS.html#mus15,published snapshot FA24 | published snapshot FA25 | published snapshot FA26 | published snapshot S125 | published snapshot S126 | published snapshot S224 | published snapshot S225 | published snapshot S226 | published snapshot SP25 | published snapshot SP26 | published snapshot WI26
https://catalog.ucsd.edu/courses/MUS.html#mus150,published snapshot FA24
https://catalog.ucsd.edu/courses/MUS.html#mus152,published snapshot FA24
https://catalog.ucsd.edu/courses/MUS.html#mus160a,published snapshot WI26
https://catalog.ucsd.edu/courses/MUS.html#mus17,published snapshot FA25 | published snapshot FA26 | published snapshot S126 | published snapshot S226 | published snapshot SP25 | published snapshot SP26
https://catalog.ucsd.edu/courses/MUS.html#mus170,published snapshot FA24 | published snapshot FA25 | published snapshot FA26 | published snapshot S225
https://catalog.ucsd.edu/courses/MUS.html#mus171,published snapshot WI26
https://catalog.ucsd.edu/courses/MUS.html#mus173a,published snapshot FA24 | published snapshot FA25
https://catalog.ucsd.edu/courses/MUS.html#mus173b,published snapshot WI26
https://catalog.ucsd.edu/courses/MUS.html#mus174a,published snapshot FA24 | published snapshot FA25 | published snapshot FA26
https://catalog.ucsd.edu/courses/MUS.html#mus174b,published snapshot WI26
https://catalog.ucsd.edu/courses/MUS.html#mus175,published snapshot FA25 | published snapshot FA26
https://catalog.ucsd.edu/courses/MUS.html#mus176,published snapshot FA25 | published snapshot FA26 | published snapshot WI26
https://catalog.ucsd.edu/courses/MUS.html#mus198,published snapshot FA24 | published snapshot FA25 | published snapshot WI26
https://catalog.ucsd.edu/courses/MUS.html#mus199,published snapshot FA24 | published snapshot FA25 | published snapshot FA26 | published snapshot S325 | published snapshot WI26
https://catalog.ucsd.edu/courses/MUS.html#mus1a,published snapshot FA24 | published snapshot FA25 | published snapshot FA26 | published snapshot S125 | published snapshot S126 | published snapshot S224 | published snapshot S225 | published snapshot S226
https://catalog.ucsd.edu/courses/MUS.html#mus1b,published snapshot WI25 | published snapshot WI26
https://catalog.ucsd.edu/courses/MUS.html#mus1c,published snapshot SP25 | published snapshot SP26
https://catalog.ucsd.edu/courses/MUS.html#mus20,published snapshot S125 | published snapshot S224 | published snapshot S225
https://catalog.ucsd.edu/courses/MUS.html#mus201a,published snapshot FA26 | published snapshot WI26
https://catalog.ucsd.edu/courses/MUS.html#mus201b,published snapshot FA24 | published snapshot FA26 | published snapshot WI26
https://catalog.ucsd.edu/courses/MUS.html#mus201c,published snapshot FA24 | published snapshot FA26 | published snapshot WI26
https://catalog.ucsd.edu/courses/MUS.html#mus201d,published snapshot FA24 | published snapshot FA26
https://catalog.ucsd.edu/courses/MUS.html#mus202,published snapshot WI26
https://catalog.ucsd.edu/courses/MUS.html#mus203a,published snapshot FA24
https://catalog.ucsd.edu/courses/MUS.html#mus203b,published snapshot WI26
https://catalog.ucsd.edu/courses/MUS.html#mus203d,published snapshot FA24 | published snapshot FA26 | published snapshot WI26
https://catalog.ucsd.edu/courses/MUS.html#mus204,published snapshot FA24 | published snapshot FA26 | published snapshot WI26
https://catalog.ucsd.edu/courses/MUS.html#mus205,published snapshot FA24
https://catalog.ucsd.edu/courses/MUS.html#mus206,published snapshot FA24 | published snapshot FA26 | published snapshot WI26
https://catalog.ucsd.edu/courses/MUS.html#mus207,published snapshot FA24 | published snapshot WI26
https://catalog.ucsd.edu/courses/MUS.html#mus210,published snapshot WI26
https://catalog.ucsd.edu/courses/MUS.html#mus215a,published snapshot FA26
https://catalog.ucsd.edu/courses/MUS.html#mus215b,published snapshot WI26
https://catalog.ucsd.edu/courses/MUS.html#mus232,published snapshot FA24 | published snapshot WI26
https://catalog.ucsd.edu/courses/MUS.html#mus234,published snapshot FA24 | published snapshot WI26
https://catalog.ucsd.edu/courses/MUS.html#mus245,published snapshot FA24 | published snapshot FA26 | published snapshot WI26
https://catalog.ucsd.edu/courses/MUS.html#mus267,published snapshot WI26
https://catalog.ucsd.edu/courses/MUS.html#mus270a,published snapshot FA24
https://catalog.ucsd.edu/courses/MUS.html#mus270b,published snapshot WI26
https://catalog.ucsd.edu/courses/MUS.html#mus270d,published snapshot FA26
https://catalog.ucsd.edu/courses/MUS.html#mus271a,published snapshot WI26
https://catalog.ucsd.edu/courses/MUS.html#mus271c,published snapshot FA24
https://catalog.ucsd.edu/courses/MUS.html#mus291,published snapshot FA24
https://catalog.ucsd.edu/courses/MUS.html#mus298,published snapshot FA24 | published snapshot WI26
https://catalog.ucsd.edu/courses/MUS.html#mus299,published snapshot FA24 | published snapshot FA26 | published snapshot S325 | published snapshot WI26
https://catalog.ucsd.edu/courses/MUS.html#mus2a,published snapshot FA24 | published snapshot FA25 | published snapshot FA26 | published snapshot S125 | published snapshot S225 | published snapshot S226
https://catalog.ucsd.edu/courses/MUS.html#mus2ak,published snapshot FA24 | published snapshot FA25 | published snapshot FA26 | published snapshot S225
https://catalog.ucsd.edu/courses/MUS.html#mus2b,published snapshot WI25 | published snapshot WI26
https://catalog.ucsd.edu/courses/MUS.html#mus2bk,published snapshot WI25 | published snapshot WI26
https://catalog.ucsd.edu/courses/MUS.html#mus2c,published snapshot SP25 | published snapshot SP26
https://catalog.ucsd.edu/courses/MUS.html#mus2ck,published snapshot SP25 | published snapshot SP26
https://catalog.ucsd.edu/courses/MUS.html#mus2jk,published snapshot SP25 | published snapshot SP26
https://catalog.ucsd.edu/courses/MUS.html#mus32,published snapshot FA24 | published snapshot FA25 | published snapshot FA26 | published snapshot SP25 | published snapshot SP26 | published snapshot WI26
https://catalog.ucsd.edu/courses/MUS.html#mus32v,published snapshot FA24 | published snapshot FA25 | published snapshot FA26 | published snapshot SP26 | published snapshot WI26
https://catalog.ucsd.edu/courses/MUS.html#mus32vm,published snapshot FA24 | published snapshot FA25 | published snapshot FA26 | published snapshot SP26 | published snapshot WI26
https://catalog.ucsd.edu/courses/MUS.html#mus33a,published snapshot FA24 | published snapshot FA25
https://catalog.ucsd.edu/courses/MUS.html#mus4,published snapshot FA24 | published snapshot FA25 | published snapshot S125 | published snapshot S126 | published snapshot S224 | published snapshot S225 | published snapshot S226 | published snapshot SP25 | published snapshot SP26 | published snapshot WI25 | published snapshot WI26
https://catalog.ucsd.edu/courses/MUS.html#mus43,published snapshot FA24 | published snapshot FA25 | published snapshot FA26 | published snapshot SP26 | published snapshot WI26
https://catalog.ucsd.edu/courses/MUS.html#mus5,published snapshot S125 | published snapshot S225
https://catalog.ucsd.edu/courses/MUS.html#mus500,published snapshot FA24 | published snapshot FA26 | published snapshot WI26
https://catalog.ucsd.edu/courses/MUS.html#mus501,published snapshot FA24
https://catalog.ucsd.edu/courses/MUS.html#mus6,published snapshot FA25 | published snapshot FA26 | published snapshot S125 | published snapshot S126 | published snapshot S224 | published snapshot S225 | published snapshot S226 | published snapshot SP25 | published snapshot SP26 | published snapshot WI25 | published snapshot WI26
https://catalog.ucsd.edu/courses/MUS.html#mus7,published snapshot FA24 | published snapshot S125 | published snapshot S126 | published snapshot S224 | published snapshot S225 | published snapshot S226 | published snapshot SP26
https://catalog.ucsd.edu/courses/MUS.html#mus8,published snapshot FA24 | published snapshot FA25 | published snapshot FA26 | published snapshot S224 | published snapshot SP25 | published snapshot SP26 | published snapshot WI26
https://catalog.ucsd.edu/courses/MUS.html#mus80,published snapshot S125 | published snapshot S126 | published snapshot S224 | published snapshot S225 | published snapshot S226
https://catalog.ucsd.edu/courses/MUS.html#mus87,published snapshot WI26
https://catalog.ucsd.edu/courses/MUS.html#mus88,published snapshot SP26 | published snapshot WI26
https://catalog.ucsd.edu/courses/MUS.html#mus9,published snapshot SP26 | published snapshot WI25 | published snapshot WI26
https://catalog.ucsd.edu/courses/NANO.html,published snapshot FA24 | published snapshot FA25 | published snapshot FA26 | published snapshot SP26 | published snapshot WI25 | published snapshot WI26
https://catalog.ucsd.edu/courses/NANO.html#ceng100,published snapshot FA24 | published snapshot FA25 | published snapshot FA26 | published snapshot S125 | published snapshot S126
https://catalog.ucsd.edu/courses/NANO.html#ceng101a,published snapshot FA24 | published snapshot FA25 | published snapshot FA26 | published snapshot S326 | published snapshot WI25
https://catalog.ucsd.edu/courses/NANO.html#ceng101b,published snapshot SP25 | published snapshot SP26 | published snapshot WI25 | published snapshot WI26
https://catalog.ucsd.edu/courses/NANO.html#ceng101c,published snapshot SP25 | published snapshot SP26
https://catalog.ucsd.edu/courses/NANO.html#ceng102,published snapshot WI25 | published snapshot WI26
https://catalog.ucsd.edu/courses/NANO.html#ceng110,published snapshot FA25 | published snapshot FA26
https://catalog.ucsd.edu/courses/NANO.html#ceng113,published snapshot FA24 | published snapshot S225 | published snapshot S226 | published snapshot SP25 | published snapshot SP26
https://catalog.ucsd.edu/courses/NANO.html#ceng114,published snapshot S226 | published snapshot WI25 | published snapshot WI26
https://catalog.ucsd.edu/courses/NANO.html#ceng120,published snapshot FA24 | published snapshot FA25 | published snapshot FA26
https://catalog.ucsd.edu/courses/NANO.html#ceng122,published snapshot FA24 | published snapshot FA25 | published snapshot FA26
https://catalog.ucsd.edu/courses/NANO.html#ceng124a,published snapshot WI25 | published snapshot WI26
https://catalog.ucsd.edu/courses/NANO.html#ceng124b,published snapshot SP25 | published snapshot SP26
https://catalog.ucsd.edu/courses/NANO.html#ceng134,published snapshot WI25 | published snapshot WI26
https://catalog.ucsd.edu/courses/NANO.html#ceng15,published snapshot FA24 | published snapshot FA25 | published snapshot S224 | published snapshot S225 | published snapshot S226 | published snapshot WI25 | published snapshot WI26
https://catalog.ucsd.edu/courses/NANO.html#ceng15r,published snapshot FA25 | published snapshot FA26
https://catalog.ucsd.edu/courses/NANO.html#ceng160,published snapshot SP25
https://catalog.ucsd.edu/courses/NANO.html#ceng170,published snapshot FA24 | published snapshot FA25 | published snapshot FA26 | published snapshot SP25 | published snapshot SP26
https://catalog.ucsd.edu/courses/NANO.html#ceng175,published snapshot FA24 | published snapshot FA25
https://catalog.ucsd.edu/courses/NANO.html#ceng176a,published snapshot WI25 | published snapshot WI26
https://catalog.ucsd.edu/courses/NANO.html#ceng176b,published snapshot SP25 | published snapshot SP26
https://catalog.ucsd.edu/courses/NANO.html#ceng199,published snapshot FA24 | published snapshot FA25 | published snapshot S326 | published snapshot SP25 | published snapshot SP26 | published snapshot WI25 | published snapshot WI26
https://catalog.ucsd.edu/courses/NANO.html#ceng205,published snapshot FA24 | published snapshot FA25 | published snapshot FA26 | published snapshot SP25 | published snapshot SP26 | published snapshot WI25 | published snapshot WI26
https://catalog.ucsd.edu/courses/NANO.html#ceng210a,published snapshot FA24 | published snapshot FA25
https://catalog.ucsd.edu/courses/NANO.html#ceng221a,published snapshot FA24 | published snapshot FA25 | published snapshot FA26
https://catalog.ucsd.edu/courses/NANO.html#ceng221b,published snapshot WI25 | published snapshot WI26
https://catalog.ucsd.edu/courses/NANO.html#ceng251,published snapshot WI25 | published snapshot WI26
https://catalog.ucsd.edu/courses/NANO.html#ceng252,published snapshot FA25 | published snapshot FA26 | published snapshot WI25
https://catalog.ucsd.edu/courses/NANO.html#ceng256,published snapshot SP26 | published snapshot WI25
https://catalog.ucsd.edu/courses/NANO.html#ceng260,published snapshot SP25
https://catalog.ucsd.edu/courses/NANO.html#ceng273,published snapshot SP25
https://catalog.ucsd.edu/courses/NANO.html#ceng299,published snapshot FA24 | published snapshot FA25 | published snapshot FA26 | published snapshot SP25 | published snapshot SP26 | published snapshot WI25 | published snapshot WI26
https://catalog.ucsd.edu/courses/NANO.html#ceng4,published snapshot FA24 | published snapshot FA25 | published snapshot FA26
https://catalog.ucsd.edu/courses/NANO.html#nano100l,published snapshot SP25 | published snapshot SP26
https://catalog.ucsd.edu/courses/NANO.html#nano102,published snapshot FA24 | published snapshot FA25 | published snapshot FA26
https://catalog.ucsd.edu/courses/NANO.html#nano103,published snapshot FA25 | published snapshot SP25
https://catalog.ucsd.edu/courses/NANO.html#nano104,published snapshot S224 | published snapshot S225 | published snapshot S226 | published snapshot WI25 | published snapshot WI26
https://catalog.ucsd.edu/courses/NANO.html#nano107,published snapshot FA26 | published snapshot WI25 | published snapshot WI26
https://catalog.ucsd.edu/courses/NANO.html#nano108,published snapshot SP25 | published snapshot SP26
https://catalog.ucsd.edu/courses/NANO.html#nano11,published snapshot FA25 | published snapshot S224 | published snapshot S225 | published snapshot WI25
https://catalog.ucsd.edu/courses/NANO.html#nano110,published snapshot FA24 | published snapshot WI26
https://catalog.ucsd.edu/courses/NANO.html#nano111,published snapshot FA24 | published snapshot FA25 | published snapshot S226
https://catalog.ucsd.edu/courses/NANO.html#nano112,published snapshot SP25 | published snapshot SP26
https://catalog.ucsd.edu/courses/NANO.html#nano114,published snapshot S226 | published snapshot WI25 | published snapshot WI26
https://catalog.ucsd.edu/courses/NANO.html#nano115l,published snapshot SP25 | published snapshot SP26
https://catalog.ucsd.edu/courses/NANO.html#nano117,published snapshot WI25 | published snapshot WI26
https://catalog.ucsd.edu/courses/NANO.html#nano119,published snapshot FA24 | published snapshot FA25 | published snapshot FA26
https://catalog.ucsd.edu/courses/NANO.html#nano120a,published snapshot WI25 | published snapshot WI26
https://catalog.ucsd.edu/courses/NANO.html#nano120b,published snapshot SP25 | published snapshot SP26
https://catalog.ucsd.edu/courses/NANO.html#nano134,published snapshot WI25 | published snapshot WI26
https://catalog.ucsd.edu/courses/NANO.html#nano141a,published snapshot WI25
https://catalog.ucsd.edu/courses/NANO.html#nano148,published snapshot FA24 | published snapshot FA25 | published snapshot FA26
https://catalog.ucsd.edu/courses/NANO.html#nano15,published snapshot FA24 | published snapshot FA25 | published snapshot S224 | published snapshot S225 | published snapshot S226 | published snapshot WI25 | published snapshot WI26
https://catalog.ucsd.edu/courses/NANO.html#nano150,published snapshot FA25 | published snapshot SP26
https://catalog.ucsd.edu/courses/NANO.html#nano158,published snapshot SP25 | published snapshot SP26
https://catalog.ucsd.edu/courses/NANO.html#nano159,published snapshot FA24 | published snapshot FA25
https://catalog.ucsd.edu/courses/NANO.html#nano15r,published snapshot FA25 | published snapshot FA26
https://catalog.ucsd.edu/courses/NANO.html#nano168,published snapshot WI25
https://catalog.ucsd.edu/courses/NANO.html#nano174,published snapshot SP25 | published snapshot WI26
https://catalog.ucsd.edu/courses/NANO.html#nano175,published snapshot FA24 | published snapshot FA25
https://catalog.ucsd.edu/courses/NANO.html#nano181r,published snapshot SP25
https://catalog.ucsd.edu/courses/NANO.html#nano199,published snapshot FA24 | published snapshot FA25 | published snapshot S125 | published snapshot S126 | published snapshot S224 | published snapshot S225 | published snapshot S226 | published snapshot SP25 | published snapshot SP26 | published snapshot WI25 | published snapshot WI26
https://catalog.ucsd.edu/courses/NANO.html#nano200,published snapshot FA24 | published snapshot FA25 | published snapshot FA26 | published snapshot SP25 | published snapshot SP26 | published snapshot WI25 | published snapshot WI26
https://catalog.ucsd.edu/courses/NANO.html#nano201,published snapshot FA24 | published snapshot FA25 | published snapshot FA26
https://catalog.ucsd.edu/courses/NANO.html#nano202,published snapshot FA24 | published snapshot FA25 | published snapshot FA26
https://catalog.ucsd.edu/courses/NANO.html#nano203,published snapshot FA25 | published snapshot WI25
https://catalog.ucsd.edu/courses/NANO.html#nano204,published snapshot SP26 | published snapshot WI25
https://catalog.ucsd.edu/courses/NANO.html#nano205,published snapshot WI25 | published snapshot WI26
https://catalog.ucsd.edu/courses/NANO.html#nano206,published snapshot WI25 | published snapshot WI26
https://catalog.ucsd.edu/courses/NANO.html#nano20l,published snapshot FA24 | published snapshot FA25 | published snapshot FA26
https://catalog.ucsd.edu/courses/NANO.html#nano227,published snapshot FA24 | published snapshot FA25 | published snapshot FA26
https://catalog.ucsd.edu/courses/NANO.html#nano244,published snapshot WI26
https://catalog.ucsd.edu/courses/NANO.html#nano247a,published snapshot FA24 | published snapshot FA25 | published snapshot FA26
https://catalog.ucsd.edu/courses/NANO.html#nano247b,published snapshot FA25 | published snapshot WI25 | published snapshot WI26
https://catalog.ucsd.edu/courses/NANO.html#nano247c,published snapshot SP26
https://catalog.ucsd.edu/courses/NANO.html#nano252,published snapshot SP26 | published snapshot WI25
https://catalog.ucsd.edu/courses/NANO.html#nano257,published snapshot FA24 | published snapshot FA25 | published snapshot FA26
https://catalog.ucsd.edu/courses/NANO.html#nano265,published snapshot FA25 | published snapshot FA26 | published snapshot WI25
https://catalog.ucsd.edu/courses/NANO.html#nano266,published snapshot FA24
https://catalog.ucsd.edu/courses/NANO.html#nano272,published snapshot WI25
https://catalog.ucsd.edu/courses/NANO.html#nano273,published snapshot SP25
https://catalog.ucsd.edu/courses/NANO.html#nano279,published snapshot SP25 | published snapshot SP26
https://catalog.ucsd.edu/courses/NANO.html#nano281r,published snapshot SP25
https://catalog.ucsd.edu/courses/NANO.html#nano282,published snapshot SP25 | published snapshot SP26
https://catalog.ucsd.edu/courses/NANO.html#nano299,published snapshot FA24 | published snapshot FA25 | published snapshot FA26 | published snapshot SP25 | published snapshot SP26 | published snapshot WI25 | published snapshot WI26
https://catalog.ucsd.edu/courses/NANO.html#nano4,published snapshot FA24 | published snapshot FA25 | published snapshot FA26 | published snapshot S125 | published snapshot S126
https://catalog.ucsd.edu/courses/NEU.html#neu199,published snapshot FA24 | published snapshot FA25 | published snapshot S125 | published snapshot S225 | published snapshot S324 | published snapshot S325 | published snapshot SP25 | published snapshot WI25 | published snapshot WI26
https://catalog.ucsd.edu/courses/NEU.html#neu200a,published snapshot FA24
https://catalog.ucsd.edu/courses/NEU.html#neu200b,published snapshot WI25
https://catalog.ucsd.edu/courses/NEU.html#neu200c,published snapshot SP25
https://catalog.ucsd.edu/courses/NEU.html#neu241,published snapshot FA24
https://catalog.ucsd.edu/courses/NEU.html#neu268,published snapshot FA24
https://catalog.ucsd.edu/courses/NEU.html#neu276,published snapshot FA24 | published snapshot FA25 | published snapshot SP25 | published snapshot WI25 | published snapshot WI26
https://catalog.ucsd.edu/courses/NEU.html#neu401,published snapshot FA24 | published snapshot FA25 | published snapshot FA26 | published snapshot SP25 | published snapshot SP26 | published snapshot WI25 | published snapshot WI26
https://catalog.ucsd.edu/courses/NEU.html#neu426,published snapshot FA24 | published snapshot FA25 | published snapshot SP25 | published snapshot SP26 | published snapshot WI25 | published snapshot WI26
https://catalog.ucsd.edu/courses/NEU.html#neu427,published snapshot FA24 | published snapshot FA25 | published snapshot SP25 | published snapshot SP26 | published snapshot WI25 | published snapshot WI26
https://catalog.ucsd.edu/courses/NEU.html#neu496,published snapshot FA24 | published snapshot FA25 | published snapshot FA26 | published snapshot SP25 | published snapshot SP26 | published snapshot WI25 | published snapshot WI26
https://catalog.ucsd.edu/courses/NEU.html#neug221,published snapshot FA24 | published snapshot FA25 | published snapshot FA26 | published snapshot SP25 | published snapshot SP26 | published snapshot WI25 | published snapshot WI26
https://catalog.ucsd.edu/courses/NEU.html#neug231,published snapshot FA24 | published snapshot FA25
https://catalog.ucsd.edu/courses/NEU.html#neug240,published snapshot FA24
https://catalog.ucsd.edu/courses/NEU.html#neug257,published snapshot WI25 | published snapshot WI26
https://catalog.ucsd.edu/courses/NEU.html#neug265,published snapshot FA24 | published snapshot FA25 | published snapshot FA26
https://catalog.ucsd.edu/courses/NEU.html#neug280,published snapshot SP25 | published snapshot SP26
https://catalog.ucsd.edu/courses/NEU.html#neug296,published snapshot FA24 | published snapshot FA25 | published snapshot SP25 | published snapshot SP26 | published snapshot WI25 | published snapshot WI26
https://catalog.ucsd.edu/courses/NEU.html#neug299,published snapshot FA24 | published snapshot FA25 | published snapshot FA26 | published snapshot S325 | published snapshot S326 | published snapshot SP25 | published snapshot SP26 | published snapshot WI25 | published snapshot WI26
https://catalog.ucsd.edu/courses/NEU.html#neug500,published snapshot FA24 | published snapshot FA25 | published snapshot SP25 | published snapshot SP26 | published snapshot WI25 | published snapshot WI26
https://catalog.ucsd.edu/courses/PAS.html#pae210,published snapshot FA26
https://catalog.ucsd.edu/courses/PAS.html#pae220,published snapshot FA24 | published snapshot FA25 | published snapshot FA26
https://catalog.ucsd.edu/courses/PAS.html#pae221,published snapshot FA24 | published snapshot FA25 | published snapshot FA26
https://catalog.ucsd.edu/courses/PAS.html#pae222,published snapshot FA24 | published snapshot FA25 | published snapshot FA26
https://catalog.ucsd.edu/courses/PAS.html#pae223,published snapshot FA24 | published snapshot FA25 | published snapshot FA26
https://catalog.ucsd.edu/courses/PAS.html#pae224,published snapshot FA24 | published snapshot FA25 | published snapshot FA26
https://catalog.ucsd.edu/courses/PAS.html#pae225,published snapshot FA24 | published snapshot FA25 | published snapshot FA26
https://catalog.ucsd.edu/courses/PAS.html#pae226,published snapshot FA24 | published snapshot FA25 | published snapshot FA26
https://catalog.ucsd.edu/courses/PAS.html#pae230,published snapshot WI25 | published snapshot WI26
https://catalog.ucsd.edu/courses/PAS.html#pae231,published snapshot WI25 | published snapshot WI26
https://catalog.ucsd.edu/courses/PAS.html#pae232,published snapshot WI25 | published snapshot WI26
https://catalog.ucsd.edu/courses/PAS.html#pae233,published snapshot WI25 | published snapshot WI26
https://catalog.ucsd.edu/courses/PAS.html#pae234,published snapshot WI25 | published snapshot WI26
https://catalog.ucsd.edu/courses/PAS.html#pae235,published snapshot WI25 | published snapshot WI26
https://catalog.ucsd.edu/courses/PAS.html#pae236,published snapshot WI25 | published snapshot WI26
https://catalog.ucsd.edu/courses/PAS.html#pae240,published snapshot SP25 | published snapshot SP26
https://catalog.ucsd.edu/courses/PAS.html#pae241,published snapshot SP25 | published snapshot SP26
https://catalog.ucsd.edu/courses/PAS.html#pae242,published snapshot SP25 | published snapshot SP26
https://catalog.ucsd.edu/courses/PAS.html#pae243,published snapshot SP25 | published snapshot SP26
https://catalog.ucsd.edu/courses/PAS.html#pae244,published snapshot SP25 | published snapshot SP26
https://catalog.ucsd.edu/courses/PAS.html#pae245,published snapshot SP25 | published snapshot SP26
https://catalog.ucsd.edu/courses/PAS.html#pae246,published snapshot SP25 | published snapshot SP26
https://catalog.ucsd.edu/courses/PAS.html#pae400,published snapshot FA25 | published snapshot FA26 | published snapshot SP26 | published snapshot WI26
https://catalog.ucsd.edu/courses/PAS.html#pae410,published snapshot FA25 | published snapshot FA26 | published snapshot SP26 | published snapshot WI26
https://catalog.ucsd.edu/courses/PAS.html#pae411,published snapshot FA25 | published snapshot FA26 | published snapshot SP26 | published snapshot WI26
https://catalog.ucsd.edu/courses/PAS.html#pae412,published snapshot FA25 | published snapshot FA26 | published snapshot SP26 | published snapshot WI26
https://catalog.ucsd.edu/courses/PAS.html#pae420,published snapshot FA25 | published snapshot FA26 | published snapshot SP26 | published snapshot WI26
https://catalog.ucsd.edu/courses/PAS.html#pae430,published snapshot FA25 | published snapshot FA26 | published snapshot SP26 | published snapshot WI26
https://catalog.ucsd.edu/courses/PAS.html#pae440,published snapshot FA25 | published snapshot FA26 | published snapshot SP26 | published snapshot WI26
https://catalog.ucsd.edu/courses/PAS.html#pae450,published snapshot FA25 | published snapshot FA26 | published snapshot SP26 | published snapshot WI26
https://catalog.ucsd.edu/courses/PAS.html#pae451,published snapshot FA25 | published snapshot FA26 | published snapshot SP26 | published snapshot WI26
https://catalog.ucsd.edu/courses/PAS.html#pae452,published snapshot FA25 | published snapshot FA26 | published snapshot SP26 | published snapshot WI26
https://catalog.ucsd.edu/courses/PAS.html#pae453,published snapshot FA25 | published snapshot FA26 | published snapshot SP26 | published snapshot WI26
https://catalog.ucsd.edu/courses/PAS.html#pae454,published snapshot FA25 | published snapshot WI26
https://catalog.ucsd.edu/courses/PAS.html#pae461,published snapshot FA25 | published snapshot SP26 | published snapshot WI26
https://catalog.ucsd.edu/courses/PAS.html#pae462,published snapshot FA25 | published snapshot SP26 | published snapshot WI26
https://catalog.ucsd.edu/courses/PAS.html#pae463,published snapshot FA25 | published snapshot SP26 | published snapshot WI26
https://catalog.ucsd.edu/courses/PAS.html#pae471,published snapshot FA25 | published snapshot SP26 | published snapshot WI26
https://catalog.ucsd.edu/courses/PAS.html#pae472,published snapshot FA25 | published snapshot SP26 | published snapshot WI26
https://catalog.ucsd.edu/courses/PAS.html#pae473,published snapshot FA25 | published snapshot SP26 | published snapshot WI26
https://catalog.ucsd.edu/courses/PAS.html#pae481,published snapshot FA25 | published snapshot SP26 | published snapshot WI26
https://catalog.ucsd.edu/courses/PAS.html#pae482,published snapshot FA25 | published snapshot SP26 | published snapshot WI26
https://catalog.ucsd.edu/courses/PAS.html#pae483,published snapshot FA25 | published snapshot SP26 | published snapshot WI26
https://catalog.ucsd.edu/courses/PAS.html#pae489,published snapshot FA25 | published snapshot FA26 | published snapshot SP26 | published snapshot WI26
https://catalog.ucsd.edu/courses/PAS.html#pae491,published snapshot FA25 | published snapshot FA26 | published snapshot WI26
https://catalog.ucsd.edu/courses/PAS.html#pae492,published snapshot FA25 | published snapshot SP26 | published snapshot WI26
https://catalog.ucsd.edu/courses/PAS.html#pae493,published snapshot FA25 | published snapshot SP26 | published snapshot WI26
https://catalog.ucsd.edu/courses/PAS.html#pae494,published snapshot FA25 | published snapshot WI26
https://catalog.ucsd.edu/courses/PAS.html#pae495,published snapshot FA25 | published snapshot WI26
https://catalog.ucsd.edu/courses/PAS.html#pae496,published snapshot FA25 | published snapshot WI26
https://catalog.ucsd.edu/courses/PH.html#ph101,published snapshot FA24 | published snapshot FA25 | published snapshot FA26 | published snapshot SP25 | published snapshot SP26 | published snapshot WI25 | published snapshot WI26
https://catalog.ucsd.edu/courses/PH.html#ph102,published snapshot FA24 | published snapshot FA25 | published snapshot FA26 | published snapshot SP25 | published snapshot SP26 | published snapshot WI25
https://catalog.ucsd.edu/courses/PH.html#ph110,published snapshot FA24 | published snapshot FA25 | published snapshot FA26 | published snapshot S225 | published snapshot S226 | published snapshot SP25 | published snapshot SP26 | published snapshot WI25 | published snapshot WI26
https://catalog.ucsd.edu/courses/PH.html#ph120,published snapshot FA24 | published snapshot FA25 | published snapshot SP25 | published snapshot SP26 | published snapshot WI25 | published snapshot WI26
https://catalog.ucsd.edu/courses/PH.html#ph130,published snapshot FA24 | published snapshot FA25 | published snapshot FA26 | published snapshot SP25 | published snapshot SP26 | published snapshot WI25 | published snapshot WI26
https://catalog.ucsd.edu/courses/PH.html#ph155,published snapshot SP25 | published snapshot SP26
https://catalog.ucsd.edu/courses/PH.html#ph157,published snapshot FA24 | published snapshot FA25 | published snapshot FA26
https://catalog.ucsd.edu/courses/PH.html#ph161,published snapshot FA24 | published snapshot FA25 | published snapshot FA26 | published snapshot S125 | published snapshot S126 | published snapshot WI25 | published snapshot WI26
https://catalog.ucsd.edu/courses/PH.html#ph162,published snapshot SP25 | published snapshot SP26
https://catalog.ucsd.edu/courses/PH.html#ph171,published snapshot SP26
https://catalog.ucsd.edu/courses/PH.html#ph172,published snapshot S225 | published snapshot S226 | published snapshot WI25 | published snapshot WI26
https://catalog.ucsd.edu/courses/PH.html#ph191,published snapshot FA26 | published snapshot S126 | published snapshot S225 | published snapshot S226 | published snapshot SP26
https://catalog.ucsd.edu/courses/PH.html#ph193,published snapshot FA24 | published snapshot FA25 | published snapshot FA26 | published snapshot WI25 | published snapshot WI26
https://catalog.ucsd.edu/courses/PH.html#ph194,published snapshot SP25 | published snapshot SP26 | published snapshot WI25 | published snapshot WI26
https://catalog.ucsd.edu/courses/PH.html#ph195p,published snapshot FA25 | published snapshot SP26 | published snapshot WI26
https://catalog.ucsd.edu/courses/PH.html#ph196ah,published snapshot WI25 | published snapshot WI26
https://catalog.ucsd.edu/courses/PH.html#ph196bh,published snapshot SP25 | published snapshot SP26
https://catalog.ucsd.edu/courses/PH.html#ph198,published snapshot FA24 | published snapshot FA25 | published snapshot S325 | published snapshot SP25 | published snapshot SP26 | published snapshot WI25 | published snapshot WI26
https://catalog.ucsd.edu/courses/PH.html#ph199,published snapshot FA24 | published snapshot FA25 | published snapshot S126 | published snapshot S326 | published snapshot SP25 | published snapshot SP26 | published snapshot WI25 | published snapshot WI26
https://catalog.ucsd.edu/courses/PH.html#ph200,published snapshot FA26
https://catalog.ucsd.edu/courses/PH.html#ph220a,published snapshot SP26
https://catalog.ucsd.edu/courses/PH.html#ph222,published snapshot SP26
https://catalog.ucsd.edu/courses/PH.html#ph231,published snapshot FA25
https://catalog.ucsd.edu/courses/PH.html#ph233,published snapshot SP26
https://catalog.ucsd.edu/courses/PH.html#ph233l,published snapshot SP26
https://catalog.ucsd.edu/courses/PH.html#ph235,published snapshot SP26
https://catalog.ucsd.edu/courses/PH.html#ph251,published snapshot SP26
https://catalog.ucsd.edu/courses/PH.html#ph258,published snapshot FA25 | published snapshot FA26
https://catalog.ucsd.edu/courses/PH.html#ph259,published snapshot FA25 | published snapshot FA26
https://catalog.ucsd.edu/courses/PH.html#ph260,published snapshot WI26
https://catalog.ucsd.edu/courses/PH.html#ph270,published snapshot FA26
https://catalog.ucsd.edu/courses/PH.html#ph275,published snapshot FA25 | published snapshot SP26 | published snapshot WI26
https://catalog.ucsd.edu/courses/PH.html#ph277,published snapshot WI26
https://catalog.ucsd.edu/courses/PH.html#ph278,published snapshot SP26
https://catalog.ucsd.edu/courses/PH.html#ph280,published snapshot FA25 | published snapshot FA26
https://catalog.ucsd.edu/courses/PH.html#ph289r,published snapshot FA25
https://catalog.ucsd.edu/courses/PH.html#ph291,published snapshot SP26 | published snapshot WI26
https://catalog.ucsd.edu/courses/PH.html#ph297,published snapshot SP26 | published snapshot WI26
https://catalog.ucsd.edu/courses/PH.html#ph299,published snapshot FA25 | published snapshot FA26 | published snapshot SP26 | published snapshot WI26
https://catalog.ucsd.edu/courses/PH.html#ph40,published snapshot FA24 | published snapshot FA25 | published snapshot S125 | published snapshot S126 | published snapshot S225 | published snapshot S226 | published snapshot WI25 | published snapshot WI26
https://catalog.ucsd.edu/courses/PH.html#ph400,published snapshot FA25 | published snapshot FA26
https://catalog.ucsd.edu/courses/PH.html#ph401,published snapshot FA25 | published snapshot FA26
https://catalog.ucsd.edu/courses/PH.html#ph402,published snapshot FA25
https://catalog.ucsd.edu/courses/PH.html#ph403,published snapshot SP26
https://catalog.ucsd.edu/courses/PH.html#ph404,published snapshot SP26
https://catalog.ucsd.edu/courses/PH.html#ph405,published snapshot WI26
https://catalog.ucsd.edu/courses/PH.html#ph406,published snapshot WI26
https://catalog.ucsd.edu/courses/PH.html#ph410,published snapshot SP26
https://catalog.ucsd.edu/courses/PH.html#ph411,published snapshot WI26
https://catalog.ucsd.edu/courses/PH.html#ph412,published snapshot WI26
https://catalog.ucsd.edu/courses/PH.html#ph413,published snapshot WI26
https://catalog.ucsd.edu/courses/PH.html#ph415,published snapshot WI26
https://catalog.ucsd.edu/courses/PH.html#ph417r,published snapshot FA25 | published snapshot FA26
https://catalog.ucsd.edu/courses/PH.html#ph418,published snapshot SP26
https://catalog.ucsd.edu/courses/PH.html#ph419,published snapshot WI26
https://catalog.ucsd.edu/courses/PH.html#ph420,published snapshot FA25
https://catalog.ucsd.edu/courses/PH.html#ph425,published snapshot WI26
https://catalog.ucsd.edu/courses/PH.html#ph426,published snapshot SP26
https://catalog.ucsd.edu/courses/PH.html#ph427,published snapshot FA25 | published snapshot FA26
https://catalog.ucsd.edu/courses/PH.html#ph428,published snapshot WI26
https://catalog.ucsd.edu/courses/PH.html#ph429,published snapshot FA25 | published snapshot FA26
https://catalog.ucsd.edu/courses/PH.html#ph430,published snapshot SP26
https://catalog.ucsd.edu/courses/PH.html#ph440,published snapshot SP26
https://catalog.ucsd.edu/courses/PH.html#ph441,published snapshot FA25 | published snapshot FA26
https://catalog.ucsd.edu/courses/PH.html#ph442,published snapshot FA25 | published snapshot FA26
https://catalog.ucsd.edu/courses/PH.html#ph45,published snapshot FA26 | published snapshot S225 | published snapshot S226 | published snapshot SP25 | published snapshot SP26 | published snapshot WI25 | published snapshot WI26
https://catalog.ucsd.edu/courses/PH.html#ph460,published snapshot WI26
https://catalog.ucsd.edu/courses/PH.html#ph461,published snapshot FA25
https://catalog.ucsd.edu/courses/PH.html#ph463,published snapshot SP26
https://catalog.ucsd.edu/courses/PH.html#ph480,published snapshot SP25 | published snapshot SP26 | published snapshot WI25 | published snapshot WI26
https://catalog.ucsd.edu/courses/PH.html#ph491,published snapshot FA26 | published snapshot SP26 | published snapshot WI26
https://catalog.ucsd.edu/courses/PH.html#ph496a,published snapshot FA25
https://catalog.ucsd.edu/courses/PH.html#ph496b,published snapshot S326 | published snapshot SP26 | published snapshot WI26
https://catalog.ucsd.edu/courses/PH.html#ph498,published snapshot WI26
https://catalog.ucsd.edu/courses/PH.html#ph499,published snapshot FA25 | published snapshot SP26 | published snapshot WI26
https://catalog.ucsd.edu/courses/PH.html#ph50,published snapshot FA25 | published snapshot FA26 | published snapshot SP25 | published snapshot SP26
https://catalog.ucsd.edu/courses/PH.html#ph509,published snapshot FA25
https://catalog.ucsd.edu/courses/PH.html#ph88,published snapshot SP26 | published snapshot WI26
https://catalog.ucsd.edu/courses/PH.html#ph90,published snapshot FA25 | published snapshot FA26 | published snapshot WI26
https://catalog.ucsd.edu/courses/PH.html#ph91,published snapshot FA24 | published snapshot FA25 | published snapshot FA26 | published snapshot S125 | published snapshot S126 | published snapshot SP26 | published snapshot WI25 | published snapshot WI26
https://catalog.ucsd.edu/courses/PH.html#ph95,published snapshot SP25 | published snapshot WI25
https://catalog.ucsd.edu/courses/PH.html#ph98,published snapshot FA24 | published snapshot SP25 | published snapshot SP26 | published snapshot WI25
https://catalog.ucsd.edu/courses/PH.html#ph99,published snapshot FA24 | published snapshot FA25 | published snapshot S126 | published snapshot S226 | published snapshot SP26 | published snapshot WI25 | published snapshot WI26
https://catalog.ucsd.edu/courses/PH.html#phb221,published snapshot FA24 | published snapshot FA25 | published snapshot FA26
https://catalog.ucsd.edu/courses/PH.html#phb222,published snapshot WI25 | published snapshot WI26
https://catalog.ucsd.edu/courses/PH.html#phb223,published snapshot SP25 | published snapshot SP26
https://catalog.ucsd.edu/courses/PH.html#phb224,published snapshot FA24 | published snapshot FA25 | published snapshot FA26
https://catalog.ucsd.edu/courses/PH.html#phb226,published snapshot WI25 | published snapshot WI26
https://catalog.ucsd.edu/courses/PH.html#phb227,published snapshot FA24 | published snapshot FA25 | published snapshot FA26
https://catalog.ucsd.edu/courses/PH.html#phb228,published snapshot SP25 | published snapshot SP26
https://catalog.ucsd.edu/courses/PH.html#phb241,published snapshot FA24 | published snapshot FA25 | published snapshot SP25 | published snapshot SP26 | published snapshot WI25 | published snapshot WI26
https://catalog.ucsd.edu/courses/PH.html#phb243a,published snapshot FA24 | published snapshot FA25 | published snapshot FA26
https://catalog.ucsd.edu/courses/PH.html#phb243b,published snapshot WI25 | published snapshot WI26
https://catalog.ucsd.edu/courses/PH.html#phb244a,published snapshot FA24 | published snapshot FA25 | published snapshot FA26
https://catalog.ucsd.edu/courses/PH.html#phb244b,published snapshot WI25 | published snapshot WI26
https://catalog.ucsd.edu/courses/PH.html#phb248,published snapshot SP25 | published snapshot SP26
https://catalog.ucsd.edu/courses/PH.html#phb280,published snapshot FA24 | published snapshot FA25 | published snapshot FA26 | published snapshot WI25 | published snapshot WI26
https://catalog.ucsd.edu/courses/PH.html#phb281,published snapshot FA24 | published snapshot FA25 | published snapshot FA26 | published snapshot SP25 | published snapshot SP26 | published snapshot WI25 | published snapshot WI26
https://catalog.ucsd.edu/courses/PH.html#phb298,published snapshot FA24 | published snapshot FA25 | published snapshot S225 | published snapshot S325 | published snapshot S326 | published snapshot SP25 | published snapshot SP26 | published snapshot WI25 | published snapshot WI26
https://catalog.ucsd.edu/courses/PH.html#phb299,published snapshot FA24 | published snapshot FA25 | published snapshot SP25 | published snapshot SP26 | published snapshot WI25 | published snapshot WI26
https://catalog.ucsd.edu/courses/PHIL.html#phil1,published snapshot FA24 | published snapshot FA25 | published snapshot FA26 | published snapshot S126 | published snapshot S225 | published snapshot SP25 | published snapshot SP26 | published snapshot WI26
https://catalog.ucsd.edu/courses/PHIL.html#phil10,published snapshot FA24 | published snapshot FA25 | published snapshot FA26 | published snapshot S125 | published snapshot S126 | published snapshot S224 | published snapshot S225 | published snapshot S226 | published snapshot SP25 | published snapshot SP26 | published snapshot WI25 | published snapshot WI26
https://catalog.ucsd.edu/courses/PHIL.html#phil100,published snapshot S125 | published snapshot WI25 | published snapshot WI26
https://catalog.ucsd.edu/courses/PHIL.html#phil101,published snapshot S225 | published snapshot SP25 | published snapshot SP26
https://catalog.ucsd.edu/courses/PHIL.html#phil102,published snapshot SP25 | published snapshot SP26
https://catalog.ucsd.edu/courses/PHIL.html#phil105,published snapshot S225
https://catalog.ucsd.edu/courses/PHIL.html#phil107,published snapshot SP26 | published snapshot WI25
https://catalog.ucsd.edu/courses/PHIL.html#phil108,published snapshot SP25
https://catalog.ucsd.edu/courses/PHIL.html#phil110,published snapshot FA24 | published snapshot FA25 | published snapshot FA26
https://catalog.ucsd.edu/courses/PHIL.html#phil111,published snapshot WI25 | published snapshot WI26
https://catalog.ucsd.edu/courses/PHIL.html#phil112,published snapshot SP25 | published snapshot SP26
https://catalog.ucsd.edu/courses/PHIL.html#phil115,published snapshot FA25
https://catalog.ucsd.edu/courses/PHIL.html#phil12,published snapshot FA24 | published snapshot FA25 | published snapshot S125 | published snapshot S126 | published snapshot S224 | published snapshot SP26 | published snapshot WI25
https://catalog.ucsd.edu/courses/PHIL.html#phil120,published snapshot FA24 | published snapshot FA25 | published snapshot FA26 | published snapshot SP25 | published snapshot SP26
https://catalog.ucsd.edu/courses/PHIL.html#phil122,published snapshot WI25 | published snapshot WI26
https://catalog.ucsd.edu/courses/PHIL.html#phil125,published snapshot FA25 | published snapshot SP25
https://catalog.ucsd.edu/courses/PHIL.html#phil13,published snapshot FA24 | published snapshot FA25 | published snapshot FA26 | published snapshot S125 | published snapshot S126 | published snapshot S224 | published snapshot SP25 | published snapshot WI26
https://catalog.ucsd.edu/courses/PHIL.html#phil130,published snapshot FA24
https://catalog.ucsd.edu/courses/PHIL.html#phil131,published snapshot S125 | published snapshot SP25
https://catalog.ucsd.edu/courses/PHIL.html#phil132,published snapshot WI25 | published snapshot WI26
https://catalog.ucsd.edu/courses/PHIL.html#phil134,published snapshot FA26 | published snapshot SP25
https://catalog.ucsd.edu/courses/PHIL.html#phil136,published snapshot FA26 | published snapshot S126 | published snapshot S225 | published snapshot WI25
https://catalog.ucsd.edu/courses/PHIL.html#phil137,published snapshot FA24 | published snapshot WI26
https://catalog.ucsd.edu/courses/PHIL.html#phil138,published snapshot FA25 | published snapshot WI25
https://catalog.ucsd.edu/courses/PHIL.html#phil14,published snapshot FA24 | published snapshot SP26
https://catalog.ucsd.edu/courses/PHIL.html#phil141,published snapshot SP26
https://catalog.ucsd.edu/courses/PHIL.html#phil142,published snapshot FA26 | published snapshot SP26
https://catalog.ucsd.edu/courses/PHIL.html#phil143,published snapshot FA25
https://catalog.ucsd.edu/courses/PHIL.html#phil145,published snapshot S125 | published snapshot SP25 | published snapshot SP26
https://catalog.ucsd.edu/courses/PHIL.html#phil146,published snapshot SP26
https://catalog.ucsd.edu/courses/PHIL.html#phil147,published snapshot FA24 | published snapshot FA26 | published snapshot S125
https://catalog.ucsd.edu/courses/PHIL.html#phil148,published snapshot FA24 | published snapshot FA25 | published snapshot S226
https://catalog.ucsd.edu/courses/PHIL.html#phil149,published snapshot FA25 | published snapshot S126 | published snapshot WI25
https://catalog.ucsd.edu/courses/PHIL.html#phil15,published snapshot S125
https://catalog.ucsd.edu/courses/PHIL.html#phil150,published snapshot S125
https://catalog.ucsd.edu/courses/PHIL.html#phil152,published snapshot WI26
https://catalog.ucsd.edu/courses/PHIL.html#phil153,published snapshot FA26 | published snapshot SP26
https://catalog.ucsd.edu/courses/PHIL.html#phil155,published snapshot S125 | published snapshot SP25
https://catalog.ucsd.edu/courses/PHIL.html#phil156,published snapshot WI26
https://catalog.ucsd.edu/courses/PHIL.html#phil158,published snapshot FA25
https://catalog.ucsd.edu/courses/PHIL.html#phil159,published snapshot FA26
https://catalog.ucsd.edu/courses/PHIL.html#phil16,published snapshot S226 | published snapshot WI25
https://catalog.ucsd.edu/courses/PHIL.html#phil160,published snapshot FA24 | published snapshot SP25 | published snapshot WI26
https://catalog.ucsd.edu/courses/PHIL.html#phil161,published snapshot WI26
https://catalog.ucsd.edu/courses/PHIL.html#phil162,published snapshot S125 | published snapshot S224 | published snapshot SP25 | published snapshot WI26
https://catalog.ucsd.edu/courses/PHIL.html#phil163,published snapshot S224 | published snapshot S225 | published snapshot WI25 | published snapshot WI26
https://catalog.ucsd.edu/courses/PHIL.html#phil164,published snapshot FA24 | published snapshot S126 | published snapshot S224 | published snapshot S225
https://catalog.ucsd.edu/courses/PHIL.html#phil165,published snapshot S224 | published snapshot S225 | published snapshot S226
https://catalog.ucsd.edu/courses/PHIL.html#phil166,published snapshot FA25
https://catalog.ucsd.edu/courses/PHIL.html#phil167,published snapshot FA26 | published snapshot S125 | published snapshot SP26 | published snapshot WI25
https://catalog.ucsd.edu/courses/PHIL.html#phil168,published snapshot FA26 | published snapshot WI26
https://catalog.ucsd.edu/courses/PHIL.html#phil169,published snapshot FA24
https://catalog.ucsd.edu/courses/PHIL.html#phil170,published snapshot WI26
https://catalog.ucsd.edu/courses/PHIL.html#phil173,published snapshot FA26 | published snapshot S125 | published snapshot SP25 | published snapshot SP26
https://catalog.ucsd.edu/courses/PHIL.html#phil174,published snapshot SP25 | published snapshot SP26
https://catalog.ucsd.edu/courses/PHIL.html#phil176,published snapshot FA26 | published snapshot WI25
https://catalog.ucsd.edu/courses/PHIL.html#phil177,published snapshot WI25 | published snapshot WI26
https://catalog.ucsd.edu/courses/PHIL.html#phil179,published snapshot FA24 | published snapshot WI25
https://catalog.ucsd.edu/courses/PHIL.html#phil180,published snapshot FA25
https://catalog.ucsd.edu/courses/PHIL.html#phil181,published snapshot FA24
https://catalog.ucsd.edu/courses/PHIL.html#phil183,published snapshot S125
https://catalog.ucsd.edu/courses/PHIL.html#phil184,published snapshot S226
https://catalog.ucsd.edu/courses/PHIL.html#phil185,published snapshot WI25 | published snapshot WI26
https://catalog.ucsd.edu/courses/PHIL.html#phil189,published snapshot FA25
https://catalog.ucsd.edu/courses/PHIL.html#phil191a,published snapshot FA24 | published snapshot FA25 | published snapshot FA26 | published snapshot S125 | published snapshot S324 | published snapshot SP26 | published snapshot WI25 | published snapshot WI26
https://catalog.ucsd.edu/courses/PHIL.html#phil191b,published snapshot FA24 | published snapshot FA26 | published snapshot SP26 | published snapshot WI25 | published snapshot WI26
https://catalog.ucsd.edu/courses/PHIL.html#phil195p,published snapshot FA26 | published snapshot SP25 | published snapshot SP26 | published snapshot WI26
https://catalog.ucsd.edu/courses/PHIL.html#phil199,published snapshot FA24 | published snapshot FA25 | published snapshot FA26 | published snapshot S224 | published snapshot S225 | published snapshot S325 | published snapshot SP25 | published snapshot SP26 | published snapshot WI25 | published snapshot WI26
https://catalog.ucsd.edu/courses/PHIL.html#phil2,published snapshot WI25
https://catalog.ucsd.edu/courses/PHIL.html#phil200,published snapshot FA24 | published snapshot FA25
https://catalog.ucsd.edu/courses/PHIL.html#phil201a,published snapshot FA25 | published snapshot SP25 | published snapshot WI25
https://catalog.ucsd.edu/courses/PHIL.html#phil202,published snapshot FA26 | published snapshot SP25
https://catalog.ucsd.edu/courses/PHIL.html#phil206a,published snapshot WI25
https://catalog.ucsd.edu/courses/PHIL.html#phil208,published snapshot FA24
https://catalog.ucsd.edu/courses/PHIL.html#phil209a,published snapshot FA24 | published snapshot FA25
https://catalog.ucsd.edu/courses/PHIL.html#phil209b,published snapshot SP25 | published snapshot SP26
https://catalog.ucsd.edu/courses/PHIL.html#phil209c,published snapshot FA24 | published snapshot FA25 | published snapshot FA26 | published snapshot SP25 | published snapshot SP26 | published snapshot WI25 | published snapshot WI26
https://catalog.ucsd.edu/courses/PHIL.html#phil209d,published snapshot WI25 | published snapshot WI26
https://catalog.ucsd.edu/courses/PHIL.html#phil210,published snapshot FA26 | published snapshot WI25
https://catalog.ucsd.edu/courses/PHIL.html#phil215,published snapshot WI26
https://catalog.ucsd.edu/courses/PHIL.html#phil220,published snapshot FA26 | published snapshot SP26
https://catalog.ucsd.edu/courses/PHIL.html#phil222,published snapshot FA25
https://catalog.ucsd.edu/courses/PHIL.html#phil230,published snapshot FA24
https://catalog.ucsd.edu/courses/PHIL.html#phil232,published snapshot SP25 | published snapshot SP26
https://catalog.ucsd.edu/courses/PHIL.html#phil234,published snapshot SP25
https://catalog.ucsd.edu/courses/PHIL.html#phil236,published snapshot SP26
https://catalog.ucsd.edu/courses/PHIL.html#phil24,published snapshot S125 | published snapshot S226 | published snapshot WI25 | published snapshot WI26
https://catalog.ucsd.edu/courses/PHIL.html#phil245,published snapshot FA24 | published snapshot WI25 | published snapshot WI26
https://catalog.ucsd.edu/courses/PHIL.html#phil25,published snapshot FA25
https://catalog.ucsd.edu/courses/PHIL.html#phil256,published snapshot WI26
https://catalog.ucsd.edu/courses/PHIL.html#phil260,published snapshot FA25 | published snapshot WI25
https://catalog.ucsd.edu/courses/PHIL.html#phil263,published snapshot SP26
https://catalog.ucsd.edu/courses/PHIL.html#phil267,published snapshot WI26
https://catalog.ucsd.edu/courses/PHIL.html#phil27,published snapshot FA24 | published snapshot FA25 | published snapshot FA26 | published snapshot S125 | published snapshot S126 | published snapshot S224 | published snapshot S226 | published snapshot SP25 | published snapshot SP26 | published snapshot WI25 | published snapshot WI26
https://catalog.ucsd.edu/courses/PHIL.html#phil271,published snapshot FA24 | published snapshot FA25 | published snapshot FA26 | published snapshot SP25 | published snapshot SP26 | published snapshot WI25 | published snapshot WI26
https://catalog.ucsd.edu/courses/PHIL.html#phil275,published snapshot FA24 | published snapshot FA25 | published snapshot FA26 | published snapshot SP25 | published snapshot SP26 | published snapshot WI25 | published snapshot WI26
https://catalog.ucsd.edu/courses/PHIL.html#phil277,published snapshot FA24 | published snapshot FA25 | published snapshot FA26 | published snapshot SP25 | published snapshot SP26 | published snapshot WI25 | published snapshot WI26
https://catalog.ucsd.edu/courses/PHIL.html#phil278,published snapshot FA24 | published snapshot FA25 | published snapshot FA26 | published snapshot SP25 | published snapshot SP26 | published snapshot WI25 | published snapshot WI26
https://catalog.ucsd.edu/courses/PHIL.html#phil28,published snapshot FA24 | published snapshot FA25 | published snapshot FA26 | published snapshot S125 | published snapshot S126 | published snapshot S224 | published snapshot S225 | published snapshot S226 | published snapshot SP25 | published snapshot SP26 | published snapshot WI25 | published snapshot WI26
https://catalog.ucsd.edu/courses/PHIL.html#phil280,published snapshot FA24 | published snapshot FA25 | published snapshot FA26 | published snapshot SP25 | published snapshot SP26 | published snapshot WI25
https://catalog.ucsd.edu/courses/PHIL.html#phil281,published snapshot FA24 | published snapshot FA25 | published snapshot FA26 | published snapshot SP25 | published snapshot SP26 | published snapshot WI25 | published snapshot WI26
https://catalog.ucsd.edu/courses/PHIL.html#phil282,published snapshot FA25 | published snapshot FA26 | published snapshot SP25 | published snapshot SP26 | published snapshot WI25 | published snapshot WI26
https://catalog.ucsd.edu/courses/PHIL.html#phil283,published snapshot FA24 | published snapshot FA25 | published snapshot FA26 | published snapshot SP25 | published snapshot SP26 | published snapshot WI25 | published snapshot WI26
https://catalog.ucsd.edu/courses/PHIL.html#phil284,published snapshot FA24 | published snapshot FA26 | published snapshot SP25 | published snapshot SP26 | published snapshot WI25
https://catalog.ucsd.edu/courses/PHIL.html#phil285,published snapshot FA24 | published snapshot SP25
https://catalog.ucsd.edu/courses/PHIL.html#phil286,published snapshot FA24 | published snapshot FA25 | published snapshot FA26 | published snapshot SP25 | published snapshot SP26 | published snapshot WI25 | published snapshot WI26
https://catalog.ucsd.edu/courses/PHIL.html#phil287,published snapshot FA24 | published snapshot FA25 | published snapshot FA26 | published snapshot SP25 | published snapshot SP26 | published snapshot WI25 | published snapshot WI26
https://catalog.ucsd.edu/courses/PHIL.html#phil288,published snapshot FA24
https://catalog.ucsd.edu/courses/PHIL.html#phil290,published snapshot FA24 | published snapshot FA25 | published snapshot FA26 | published snapshot SP25 | published snapshot SP26 | published snapshot WI25 | published snapshot WI26
https://catalog.ucsd.edu/courses/PHIL.html#phil295,published snapshot FA24 | published snapshot FA25 | published snapshot FA26 | published snapshot SP25 | published snapshot SP26 | published snapshot WI25 | published snapshot WI26
https://catalog.ucsd.edu/courses/PHIL.html#phil299,published snapshot FA24 | published snapshot FA25 | published snapshot FA26 | published snapshot SP25 | published snapshot SP26 | published snapshot WI25 | published snapshot WI26
https://catalog.ucsd.edu/courses/PHIL.html#phil31,published snapshot FA24 | published snapshot WI26
https://catalog.ucsd.edu/courses/PHIL.html#phil32,published snapshot WI25
https://catalog.ucsd.edu/courses/PHIL.html#phil33,published snapshot SP25 | published snapshot WI26
https://catalog.ucsd.edu/courses/PHIL.html#phil35,published snapshot FA25 | published snapshot FA26 | published snapshot S125 | published snapshot S225 | published snapshot SP26 | published snapshot WI25
https://catalog.ucsd.edu/courses/PHIL.html#phil50,published snapshot FA25 | published snapshot S226 | published snapshot SP25 | published snapshot SP26
https://catalog.ucsd.edu/courses/PHIL.html#phil500,published snapshot FA24 | published snapshot FA25 | published snapshot FA26 | published snapshot SP25 | published snapshot SP26 | published snapshot WI25 | published snapshot WI26
https://catalog.ucsd.edu/courses/PHIL.html#phil51,published snapshot FA26 | published snapshot S126 | published snapshot SP26 | published snapshot WI25
https://catalog.ucsd.edu/courses/PHIL.html#phil55,published snapshot FA24 | published snapshot S226
https://catalog.ucsd.edu/courses/PHIL.html#phil60,published snapshot S126 | published snapshot S225 | published snapshot SP25 | published snapshot WI26
https://catalog.ucsd.edu/courses/PHIL.html#phil65,published snapshot FA25 | published snapshot S226 | published snapshot WI25
https://catalog.ucsd.edu/courses/PHIL.html#phil87,published snapshot FA26 | published snapshot S224
https://catalog.ucsd.edu/courses/PHIL.html#phil90,published snapshot WI25
https://catalog.ucsd.edu/courses/PHYS.html,published snapshot FA25 | published snapshot FA26 | published snapshot SP25 | published snapshot SP26 | published snapshot WI25 | published snapshot WI26
https://catalog.ucsd.edu/courses/PHYS.html#phys100a,published snapshot FA24 | published snapshot FA25 | published snapshot FA26
https://catalog.ucsd.edu/courses/PHYS.html#phys100b,published snapshot WI25 | published snapshot WI26
https://catalog.ucsd.edu/courses/PHYS.html#phys100c,published snapshot SP25 | published snapshot SP26
https://catalog.ucsd.edu/courses/PHYS.html#phys105a,published snapshot WI25 | published snapshot WI26
https://catalog.ucsd.edu/courses/PHYS.html#phys105b,published snapshot SP25 | published snapshot SP26
https://catalog.ucsd.edu/courses/PHYS.html#phys110a,published snapshot FA24 | published snapshot FA25 | published snapshot FA26
https://catalog.ucsd.edu/courses/PHYS.html#phys110b,published snapshot WI25 | published snapshot WI26
https://catalog.ucsd.edu/courses/PHYS.html#phys116,published snapshot FA25
https://catalog.ucsd.edu/courses/PHYS.html#phys12,published snapshot FA24 | published snapshot FA25 | published snapshot FA26 | published snapshot S125 | published snapshot WI25 | published snapshot WI26
https://catalog.ucsd.edu/courses/PHYS.html#phys120,published snapshot SP25 | published snapshot SP26
https://catalog.ucsd.edu/courses/PHYS.html#phys122,published snapshot FA24 | published snapshot FA26
https://catalog.ucsd.edu/courses/PHYS.html#phys124,published snapshot WI25 | published snapshot WI26
https://catalog.ucsd.edu/courses/PHYS.html#phys130a,published snapshot SP25 | published snapshot SP26 | published snapshot WI25 | published snapshot WI26
https://catalog.ucsd.edu/courses/PHYS.html#phys130b,published snapshot FA24 | published snapshot FA25 | published snapshot FA26 | published snapshot SP25 | published snapshot SP26
https://catalog.ucsd.edu/courses/PHYS.html#phys133,published snapshot FA24 | published snapshot FA25
https://catalog.ucsd.edu/courses/PHYS.html#phys136,published snapshot FA25 | published snapshot WI25
https://catalog.ucsd.edu/courses/PHYS.html#phys137,published snapshot SP25
https://catalog.ucsd.edu/courses/PHYS.html#phys139,published snapshot FA24 | published snapshot FA25 | published snapshot FA26 | published snapshot WI25 | published snapshot WI26
https://catalog.ucsd.edu/courses/PHYS.html#phys140a,published snapshot FA24 | published snapshot FA25 | published snapshot FA26 | published snapshot SP25 | published snapshot SP26
https://catalog.ucsd.edu/courses/PHYS.html#phys140b,published snapshot WI25 | published snapshot WI26
https://catalog.ucsd.edu/courses/PHYS.html#phys141,published snapshot SP25 | published snapshot SP26
https://catalog.ucsd.edu/courses/PHYS.html#phys142,published snapshot FA26 | published snapshot WI25
https://catalog.ucsd.edu/courses/PHYS.html#phys152a,published snapshot WI25 | published snapshot WI26
https://catalog.ucsd.edu/courses/PHYS.html#phys152b,published snapshot SP25 | published snapshot SP26
https://catalog.ucsd.edu/courses/PHYS.html#phys154,published snapshot SP25
https://catalog.ucsd.edu/courses/PHYS.html#phys160,published snapshot WI25 | published snapshot WI26
https://catalog.ucsd.edu/courses/PHYS.html#phys161,published snapshot FA24 | published snapshot FA25
https://catalog.ucsd.edu/courses/PHYS.html#phys162,published snapshot FA26 | published snapshot SP25 | published snapshot SP26
https://catalog.ucsd.edu/courses/PHYS.html#phys170,published snapshot SP25
https://catalog.ucsd.edu/courses/PHYS.html#phys175,published snapshot FA24 | published snapshot FA25 | published snapshot FA26
https://catalog.ucsd.edu/courses/PHYS.html#phys176,published snapshot SP26 | published snapshot WI25
https://catalog.ucsd.edu/courses/PHYS.html#phys177,published snapshot SP25 | published snapshot SP26
https://catalog.ucsd.edu/courses/PHYS.html#phys178,published snapshot WI25 | published snapshot WI26
https://catalog.ucsd.edu/courses/PHYS.html#phys191,published snapshot FA24 | published snapshot FA25 | published snapshot FA26
https://catalog.ucsd.edu/courses/PHYS.html#phys199,published snapshot FA24 | published snapshot FA25 | published snapshot S126 | published snapshot S224 | published snapshot S226 | published snapshot S325 | published snapshot S326 | published snapshot SP25 | published snapshot SP26 | published snapshot WI25 | published snapshot WI26
https://catalog.ucsd.edu/courses/PHYS.html#phys199h,published snapshot FA24 | published snapshot FA25 | published snapshot SP25 | published snapshot SP26 | published snapshot WI25 | published snapshot WI26
https://catalog.ucsd.edu/courses/PHYS.html#phys1a,published snapshot FA24 | published snapshot FA25 | published snapshot FA26 | published snapshot S125 | published snapshot S126 | published snapshot S224 | published snapshot S225 | published snapshot S226 | published snapshot SP25 | published snapshot SP26 | published snapshot WI25 | published snapshot WI26
https://catalog.ucsd.edu/courses/PHYS.html#phys1al,published snapshot FA24 | published snapshot FA25 | published snapshot FA26 | published snapshot S125 | published snapshot S126 | published snapshot S224 | published snapshot S225 | published snapshot S226 | published snapshot SP25 | published snapshot SP26 | published snapshot WI25 | published snapshot WI26
https://catalog.ucsd.edu/courses/PHYS.html#phys1b,published snapshot FA24 | published snapshot FA25 | published snapshot FA26 | published snapshot S125 | published snapshot S126 | published snapshot S224 | published snapshot S225 | published snapshot S226 | published snapshot SP25 | published snapshot SP26 | published snapshot WI25 | published snapshot WI26
https://catalog.ucsd.edu/courses/PHYS.html#phys1bl,published snapshot FA24 | published snapshot FA25 | published snapshot FA26 | published snapshot S125 | published snapshot S126 | published snapshot S224 | published snapshot S225 | published snapshot S226 | published snapshot SP25 | published snapshot SP26 | published snapshot WI25 | published snapshot WI26
https://catalog.ucsd.edu/courses/PHYS.html#phys1c,published snapshot FA24 | published snapshot FA25 | published snapshot FA26 | published snapshot S125 | published snapshot S126 | published snapshot S224 | published snapshot S225 | published snapshot S226 | published snapshot SP25 | published snapshot SP26 | published snapshot WI25 | published snapshot WI26
https://catalog.ucsd.edu/courses/PHYS.html#phys1cl,published snapshot FA24 | published snapshot FA25 | published snapshot FA26 | published snapshot S125 | published snapshot S126 | published snapshot S224 | published snapshot S225 | published snapshot S226 | published snapshot SP25 | published snapshot SP26 | published snapshot WI25 | published snapshot WI26
https://catalog.ucsd.edu/courses/PHYS.html#phys200a,published snapshot FA24 | published snapshot FA25 | published snapshot FA26
https://catalog.ucsd.edu/courses/PHYS.html#phys201,published snapshot FA24 | published snapshot FA25 | published snapshot FA26
https://catalog.ucsd.edu/courses/PHYS.html#phys202,published snapshot FA26 | published snapshot SP25
https://catalog.ucsd.edu/courses/PHYS.html#phys203a,published snapshot WI25 | published snapshot WI26
https://catalog.ucsd.edu/courses/PHYS.html#phys203b,published snapshot SP25 | published snapshot SP26
https://catalog.ucsd.edu/courses/PHYS.html#phys210a,published snapshot SP25 | published snapshot SP26
https://catalog.ucsd.edu/courses/PHYS.html#phys210b,published snapshot FA24 | published snapshot FA25 | published snapshot FA26
https://catalog.ucsd.edu/courses/PHYS.html#phys211a,published snapshot FA24 | published snapshot FA25 | published snapshot FA26
https://catalog.ucsd.edu/courses/PHYS.html#phys211b,published snapshot WI25 | published snapshot WI26
https://catalog.ucsd.edu/courses/PHYS.html#phys212a,published snapshot FA24 | published snapshot FA25 | published snapshot FA26
https://catalog.ucsd.edu/courses/PHYS.html#phys212b,published snapshot WI25 | published snapshot WI26
https://catalog.ucsd.edu/courses/PHYS.html#phys212c,published snapshot SP25 | published snapshot SP26
https://catalog.ucsd.edu/courses/PHYS.html#phys215a,published snapshot FA24 | published snapshot FA25 | published snapshot FA26
https://catalog.ucsd.edu/courses/PHYS.html#phys215b,published snapshot WI25 | published snapshot WI26
https://catalog.ucsd.edu/courses/PHYS.html#phys215c,published snapshot SP25 | published snapshot SP26
https://catalog.ucsd.edu/courses/PHYS.html#phys215d,published snapshot FA26
https://catalog.ucsd.edu/courses/PHYS.html#phys216,published snapshot FA25
https://catalog.ucsd.edu/courses/PHYS.html#phys217,published snapshot FA26
https://catalog.ucsd.edu/courses/PHYS.html#phys220,published snapshot FA24 | published snapshot FA25
https://catalog.ucsd.edu/courses/PHYS.html#phys221a,published snapshot SP25
https://catalog.ucsd.edu/courses/PHYS.html#phys222a,published snapshot SP25
https://catalog.ucsd.edu/courses/PHYS.html#phys225a,published snapshot FA24 | published snapshot FA25 | published snapshot FA26
https://catalog.ucsd.edu/courses/PHYS.html#phys225b,published snapshot WI25
https://catalog.ucsd.edu/courses/PHYS.html#phys227,published snapshot SP25 | published snapshot SP26
https://catalog.ucsd.edu/courses/PHYS.html#phys228,published snapshot SP25
https://catalog.ucsd.edu/courses/PHYS.html#phys230,published snapshot FA24
https://catalog.ucsd.edu/courses/PHYS.html#phys239,published snapshot FA25 | published snapshot SP25 | published snapshot WI25 | published snapshot WI26
https://catalog.ucsd.edu/courses/PHYS.html#phys250,published snapshot FA24 | published snapshot FA25 | published snapshot FA26 | published snapshot SP25 | published snapshot SP26 | published snapshot WI25 | published snapshot WI26
https://catalog.ucsd.edu/courses/PHYS.html#phys251,published snapshot FA24 | published snapshot FA25 | published snapshot FA26 | published snapshot SP25 | published snapshot SP26 | published snapshot WI25 | published snapshot WI26
https://catalog.ucsd.edu/courses/PHYS.html#phys252,published snapshot FA24 | published snapshot FA25 | published snapshot FA26 | published snapshot SP25 | published snapshot SP26 | published snapshot WI25 | published snapshot WI26
https://catalog.ucsd.edu/courses/PHYS.html#phys253,published snapshot FA24 | published snapshot FA25 | published snapshot FA26 | published snapshot SP25 | published snapshot SP26 | published snapshot WI25 | published snapshot WI26
https://catalog.ucsd.edu/courses/PHYS.html#phys254,published snapshot FA24 | published snapshot FA25 | published snapshot FA26 | published snapshot SP25 | published snapshot SP26 | published snapshot WI25 | published snapshot WI26
https://catalog.ucsd.edu/courses/PHYS.html#phys255,published snapshot FA24 | published snapshot FA25 | published snapshot FA26 | published snapshot SP25 | published snapshot SP26
https://catalog.ucsd.edu/courses/PHYS.html#phys260,published snapshot FA24 | published snapshot FA25 | published snapshot FA26 | published snapshot SP25 | published snapshot SP26 | published snapshot WI25 | published snapshot WI26
https://catalog.ucsd.edu/courses/PHYS.html#phys261,published snapshot WI25
https://catalog.ucsd.edu/courses/PHYS.html#phys275,published snapshot FA24 | published snapshot FA25 | published snapshot FA26
https://catalog.ucsd.edu/courses/PHYS.html#phys276,published snapshot SP26 | published snapshot WI25
https://catalog.ucsd.edu/courses/PHYS.html#phys277,published snapshot SP25 | published snapshot SP26
https://catalog.ucsd.edu/courses/PHYS.html#phys278,published snapshot WI25 | published snapshot WI26
https://catalog.ucsd.edu/courses/PHYS.html#phys279,published snapshot FA25
https://catalog.ucsd.edu/courses/PHYS.html#phys282,published snapshot FA24 | published snapshot FA25
https://catalog.ucsd.edu/courses/PHYS.html#phys298,published snapshot FA24 | published snapshot FA25 | published snapshot FA26 | published snapshot SP25 | published snapshot SP26 | published snapshot WI25 | published snapshot WI26
https://catalog.ucsd.edu/courses/PHYS.html#phys299,published snapshot FA25 | published snapshot FA26 | published snapshot S325 | published snapshot S326 | published snapshot SP25 | published snapshot SP26 | published snapshot WI25 | published snapshot WI26
https://catalog.ucsd.edu/courses/PHYS.html#phys2a,published snapshot FA24 | published snapshot FA25 | published snapshot FA26 | published snapshot S125 | published snapshot S126 | published snapshot SP25 | published snapshot SP26 | published snapshot WI25 | published snapshot WI26
https://catalog.ucsd.edu/courses/PHYS.html#phys2b,published snapshot FA24 | published snapshot FA25 | published snapshot FA26 | published snapshot S125 | published snapshot S126 | published snapshot S224 | published snapshot S225 | published snapshot S226 | published snapshot SP25 | published snapshot SP26 | published snapshot WI25 | published snapshot WI26
https://catalog.ucsd.edu/courses/PHYS.html#phys2bl,published snapshot S125 | published snapshot S126 | published snapshot SP25 | published snapshot SP26
https://catalog.ucsd.edu/courses/PHYS.html#phys2c,published snapshot FA24 | published snapshot FA25 | published snapshot FA26 | published snapshot S125 | published snapshot S126 | published snapshot S224 | published snapshot S225 | published snapshot S226 | published snapshot SP25 | published snapshot SP26 | published snapshot WI25 | published snapshot WI26
https://catalog.ucsd.edu/courses/PHYS.html#phys2cl,published snapshot FA24 | published snapshot FA25 | published snapshot FA26 | published snapshot S224 | published snapshot S225 | published snapshot S226 | published snapshot SP25 | published snapshot SP26 | published snapshot WI25 | published snapshot WI26
https://catalog.ucsd.edu/courses/PHYS.html#phys2d,published snapshot FA24 | published snapshot FA25 | published snapshot FA26 | published snapshot S224 | published snapshot S225 | published snapshot S226 | published snapshot SP25 | published snapshot SP26 | published snapshot WI25 | published snapshot WI26
https://catalog.ucsd.edu/courses/PHYS.html#phys2dl,published snapshot FA24 | published snapshot FA25 | published snapshot FA26
https://catalog.ucsd.edu/courses/PHYS.html#phys39,published snapshot FA24 | published snapshot FA26 | published snapshot SP26 | published snapshot WI25 | published snapshot WI26
https://catalog.ucsd.edu/courses/PHYS.html#phys39l,published snapshot WI26
https://catalog.ucsd.edu/courses/PHYS.html#phys41,published snapshot WI25 | published snapshot WI26
https://catalog.ucsd.edu/courses/PHYS.html#phys4a,published snapshot S125 | published snapshot WI25 | published snapshot WI26
https://catalog.ucsd.edu/courses/PHYS.html#phys4b,published snapshot S224 | published snapshot S225 | published snapshot SP25 | published snapshot SP26
https://catalog.ucsd.edu/courses/PHYS.html#phys4c,published snapshot FA24 | published snapshot FA25 | published snapshot FA26
https://catalog.ucsd.edu/courses/PHYS.html#phys4d,published snapshot WI25 | published snapshot WI26
https://catalog.ucsd.edu/courses/PHYS.html#phys4e,published snapshot SP25 | published snapshot SP26
https://catalog.ucsd.edu/courses/PHYS.html#phys500,published snapshot FA25 | published snapshot FA26 | published snapshot SP25 | published snapshot WI25
https://catalog.ucsd.edu/courses/PHYS.html#phys87,published snapshot FA25 | published snapshot SP25 | published snapshot WI25
https://catalog.ucsd.edu/courses/POLI.html,05-pipeline-and-schema/tools/catalog-snapshot/generalCatalog.test.ts | published snapshot FA24 | published snapshot FA25 | published snapshot FA26 | published snapshot S125 | published snapshot S126 | published snapshot S224 | published snapshot SP26 | published snapshot WI25 | published snapshot WI26
https://catalog.ucsd.edu/courses/POLI.html#poli10,published snapshot S125 | published snapshot S224
https://catalog.ucsd.edu/courses/POLI.html#poli100a,published snapshot S224
https://catalog.ucsd.edu/courses/POLI.html#poli100b,published snapshot S225 | published snapshot S226 | published snapshot SP26
https://catalog.ucsd.edu/courses/POLI.html#poli100da,published snapshot FA24
https://catalog.ucsd.edu/courses/POLI.html#poli100g,published snapshot S125 | published snapshot S224 | published snapshot S226
https://catalog.ucsd.edu/courses/POLI.html#poli100h,published snapshot FA24 | published snapshot FA25 | published snapshot S125
https://catalog.ucsd.edu/courses/POLI.html#poli100i,published snapshot FA24 | published snapshot FA25 | published snapshot S225
https://catalog.ucsd.edu/courses/POLI.html#poli100m,published snapshot S125
https://catalog.ucsd.edu/courses/POLI.html#poli100o,published snapshot SP25
https://catalog.ucsd.edu/courses/POLI.html#poli101a,published snapshot FA25
https://catalog.ucsd.edu/courses/POLI.html#poli102g,published snapshot FA24 | published snapshot FA26
https://catalog.ucsd.edu/courses/POLI.html#poli104a,published snapshot FA24 | published snapshot FA25 | published snapshot S125 | published snapshot S126 | published snapshot S224
https://catalog.ucsd.edu/courses/POLI.html#poli104b,published snapshot S125 | published snapshot S126 | published snapshot WI25
https://catalog.ucsd.edu/courses/POLI.html#poli104c,published snapshot WI25
https://catalog.ucsd.edu/courses/POLI.html#poli104d,published snapshot FA24
https://catalog.ucsd.edu/courses/POLI.html#poli104i,published snapshot S125
https://catalog.ucsd.edu/courses/POLI.html#poli104j,published snapshot FA26 | published snapshot S225 | published snapshot S226 | published snapshot WI25 | published snapshot WI26
https://catalog.ucsd.edu/courses/POLI.html#poli104m,published snapshot FA24 | published snapshot FA26
https://catalog.ucsd.edu/courses/POLI.html#poli104n,published snapshot FA25
https://catalog.ucsd.edu/courses/POLI.html#poli104u,published snapshot FA26 | published snapshot S225 | published snapshot S226 | published snapshot SP25 | published snapshot WI25 | published snapshot WI26
https://catalog.ucsd.edu/courses/POLI.html#poli104v,published snapshot SP25 | published snapshot WI26
https://catalog.ucsd.edu/courses/POLI.html#poli108,published snapshot FA24 | published snapshot S225 | published snapshot WI25
https://catalog.ucsd.edu/courses/POLI.html#poli11,published snapshot S224 | published snapshot S225
https://catalog.ucsd.edu/courses/POLI.html#poli110a,published snapshot FA24 | published snapshot FA25 | published snapshot S224
https://catalog.ucsd.edu/courses/POLI.html#poli110b,published snapshot S224 | published snapshot S225 | published snapshot WI25 | published snapshot WI26
https://catalog.ucsd.edu/courses/POLI.html#poli110c,published snapshot S125 | published snapshot S226 | published snapshot SP25 | published snapshot SP26
https://catalog.ucsd.edu/courses/POLI.html#poli110h,published snapshot S226
https://catalog.ucsd.edu/courses/POLI.html#poli110k,published snapshot S125
https://catalog.ucsd.edu/courses/POLI.html#poli111b,published snapshot FA24 | published snapshot FA26 | published snapshot S125
https://catalog.ucsd.edu/courses/POLI.html#poli112a,published snapshot FA24 | published snapshot S224 | published snapshot S225 | published snapshot S226 | published snapshot WI26
https://catalog.ucsd.edu/courses/POLI.html#poli112b,published snapshot FA26
https://catalog.ucsd.edu/courses/POLI.html#poli117r,published snapshot FA24 | published snapshot FA26 | published snapshot S125 | published snapshot S126 | published snapshot S224 | published snapshot S225 | published snapshot S226 | published snapshot WI25 | published snapshot WI26
https://catalog.ucsd.edu/courses/POLI.html#poli119a,published snapshot SP25 | published snapshot SP26
https://catalog.ucsd.edu/courses/POLI.html#poli12,published snapshot S126 | published snapshot S225
https://catalog.ucsd.edu/courses/POLI.html#poli120,published snapshot S224
https://catalog.ucsd.edu/courses/POLI.html#poli120d,published snapshot SP25 | published snapshot SP26
https://catalog.ucsd.edu/courses/POLI.html#poli120e,published snapshot FA24
https://catalog.ucsd.edu/courses/POLI.html#poli120g,published snapshot WI25
https://catalog.ucsd.edu/courses/POLI.html#poli120h,published snapshot FA24 | published snapshot S125 | published snapshot S126 | published snapshot SP26
https://catalog.ucsd.edu/courses/POLI.html#poli121b,published snapshot WI26
https://catalog.ucsd.edu/courses/POLI.html#poli121d,published snapshot FA26 | published snapshot SP25
https://catalog.ucsd.edu/courses/POLI.html#poli122d,published snapshot FA24 | published snapshot FA25
https://catalog.ucsd.edu/courses/POLI.html#poli124,published snapshot WI26
https://catalog.ucsd.edu/courses/POLI.html#poli124a,published snapshot FA26 | published snapshot S225 | published snapshot WI25
https://catalog.ucsd.edu/courses/POLI.html#poli125b,published snapshot FA25
https://catalog.ucsd.edu/courses/POLI.html#poli125d,published snapshot FA24 | published snapshot FA25 | published snapshot S224 | published snapshot S225 | published snapshot S226
https://catalog.ucsd.edu/courses/POLI.html#poli126,published snapshot FA24 | published snapshot FA25 | published snapshot S224 | published snapshot S225 | published snapshot S226
https://catalog.ucsd.edu/courses/POLI.html#poli126aa,published snapshot S126 | published snapshot S225
https://catalog.ucsd.edu/courses/POLI.html#poli126ab,published snapshot SP25 | published snapshot WI26
https://catalog.ucsd.edu/courses/POLI.html#poli127,published snapshot WI25
https://catalog.ucsd.edu/courses/POLI.html#poli129,published snapshot WI26
https://catalog.ucsd.edu/courses/POLI.html#poli130aa,published snapshot S224 | published snapshot S225
https://catalog.ucsd.edu/courses/POLI.html#poli130b,published snapshot FA24 | published snapshot FA26 | published snapshot S125 | published snapshot S224 | published snapshot S226 | published snapshot WI26
https://catalog.ucsd.edu/courses/POLI.html#poli130g,published snapshot S125
https://catalog.ucsd.edu/courses/POLI.html#poli133a,published snapshot FA25
https://catalog.ucsd.edu/courses/POLI.html#poli134aa,published snapshot S126 | published snapshot S225
https://catalog.ucsd.edu/courses/POLI.html#poli134b,published snapshot S126
https://catalog.ucsd.edu/courses/POLI.html#poli134d,published snapshot FA24 | published snapshot FA25 | published snapshot S226
https://catalog.ucsd.edu/courses/POLI.html#poli135,published snapshot S125 | published snapshot S226 | published snapshot SP26 | published snapshot WI25
https://catalog.ucsd.edu/courses/POLI.html#poli137,published snapshot WI25 | published snapshot WI26
https://catalog.ucsd.edu/courses/POLI.html#poli138d,published snapshot S226
https://catalog.ucsd.edu/courses/POLI.html#poli140a,published snapshot S125 | published snapshot S126
https://catalog.ucsd.edu/courses/POLI.html#poli140d,published snapshot SP25 | published snapshot SP26
https://catalog.ucsd.edu/courses/POLI.html#poli142a,published snapshot S125
https://catalog.ucsd.edu/courses/POLI.html#poli142d,published snapshot FA26
https://catalog.ucsd.edu/courses/POLI.html#poli142j,published snapshot WI25 | published snapshot WI26
https://catalog.ucsd.edu/courses/POLI.html#poli142k,published snapshot FA26 | published snapshot S224 | published snapshot S225
https://catalog.ucsd.edu/courses/POLI.html#poli142l,published snapshot FA26 | published snapshot WI25
https://catalog.ucsd.edu/courses/POLI.html#poli142m,published snapshot S224 | published snapshot S225
https://catalog.ucsd.edu/courses/POLI.html#poli142p,published snapshot S224 | published snapshot S225 | published snapshot S226
https://catalog.ucsd.edu/courses/POLI.html#poli143,published snapshot FA24 | published snapshot S224 | published snapshot S225
https://catalog.ucsd.edu/courses/POLI.html#poli143a,published snapshot FA25
https://catalog.ucsd.edu/courses/POLI.html#poli144,published snapshot S126
https://catalog.ucsd.edu/courses/POLI.html#poli144ab,published snapshot S224
https://catalog.ucsd.edu/courses/POLI.html#poli144e,published snapshot S125 | published snapshot S226
https://catalog.ucsd.edu/courses/POLI.html#poli145c,published snapshot FA25 | published snapshot FA26 | published snapshot S125 | published snapshot S126
https://catalog.ucsd.edu/courses/POLI.html#poli147b,published snapshot WI25
https://catalog.ucsd.edu/courses/POLI.html#poli149,published snapshot FA24 | published snapshot SP26
https://catalog.ucsd.edu/courses/POLI.html#poli150a,published snapshot S125 | published snapshot S224 | published snapshot SP26
https://catalog.ucsd.edu/courses/POLI.html#poli153,published snapshot S225 | published snapshot WI25 | published snapshot WI26
https://catalog.ucsd.edu/courses/POLI.html#poli154,published snapshot FA25 | published snapshot FA26 | published snapshot S126
https://catalog.ucsd.edu/courses/POLI.html#poli160aa,published snapshot S125 | published snapshot S226 | published snapshot SP26 | published snapshot WI25
https://catalog.ucsd.edu/courses/POLI.html#poli163,published snapshot FA24 | published snapshot FA25
https://catalog.ucsd.edu/courses/POLI.html#poli170a,published snapshot S126 | published snapshot S225
https://catalog.ucsd.edu/courses/POLI.html#poli171,published snapshot S125 | published snapshot SP26
https://catalog.ucsd.edu/courses/POLI.html#poli172,published snapshot FA26 | published snapshot S125 | published snapshot S224
https://catalog.ucsd.edu/courses/POLI.html#poli173,published snapshot SP26
https://catalog.ucsd.edu/courses/POLI.html#poli175,published snapshot FA24 | published snapshot S225 | published snapshot S226 | published snapshot SP26
https://catalog.ucsd.edu/courses/POLI.html#poli176,published snapshot FA25 | published snapshot S226
https://catalog.ucsd.edu/courses/POLI.html#poli179,published snapshot FA24 | published snapshot WI26
https://catalog.ucsd.edu/courses/POLI.html#poli191a,published snapshot FA24 | published snapshot FA25 | published snapshot FA26
https://catalog.ucsd.edu/courses/POLI.html#poli191b,published snapshot WI25 | published snapshot WI26
https://catalog.ucsd.edu/courses/POLI.html#poli194,published snapshot FA24 | published snapshot FA25 | published snapshot FA26 | published snapshot SP26 | published snapshot WI25 | published snapshot WI26
https://catalog.ucsd.edu/courses/POLI.html#poli194sd,published snapshot SP26
https://catalog.ucsd.edu/courses/POLI.html#poli195,published snapshot FA26 | published snapshot WI25
https://catalog.ucsd.edu/courses/POLI.html#poli197sd,published snapshot FA24 | published snapshot FA25 | published snapshot FA26 | published snapshot SP26 | published snapshot WI25 | published snapshot WI26
https://catalog.ucsd.edu/courses/POLI.html#poli198,published snapshot WI26
https://catalog.ucsd.edu/courses/POLI.html#poli198ra,published snapshot SP26 | published snapshot WI25 | published snapshot WI26
https://catalog.ucsd.edu/courses/POLI.html#poli199,published snapshot FA24 | published snapshot FA25 | published snapshot SP26 | published snapshot WI25 | published snapshot WI26
https://catalog.ucsd.edu/courses/POLI.html#poli203a,published snapshot WI25 | published snapshot WI26
https://catalog.ucsd.edu/courses/POLI.html#poli204a,published snapshot FA24 | published snapshot FA25 | published snapshot FA26
https://catalog.ucsd.edu/courses/POLI.html#poli204b,published snapshot FA24 | published snapshot FA25 | published snapshot FA26
https://catalog.ucsd.edu/courses/POLI.html#poli210aa,published snapshot WI26
https://catalog.ucsd.edu/courses/POLI.html#poli212,published snapshot WI25
https://catalog.ucsd.edu/courses/POLI.html#poli216,published snapshot WI25
https://catalog.ucsd.edu/courses/POLI.html#poli220a,published snapshot WI26
https://catalog.ucsd.edu/courses/POLI.html#poli220b,published snapshot FA24 | published snapshot FA25
https://catalog.ucsd.edu/courses/POLI.html#poli220c,published snapshot WI25
https://catalog.ucsd.edu/courses/POLI.html#poli225,published snapshot FA24 | published snapshot FA25
https://catalog.ucsd.edu/courses/POLI.html#poli226d,published snapshot WI26
https://catalog.ucsd.edu/courses/POLI.html#poli228,published snapshot FA24 | published snapshot WI26
https://catalog.ucsd.edu/courses/POLI.html#poli229,published snapshot WI25 | published snapshot WI26
https://catalog.ucsd.edu/courses/POLI.html#poli231,published snapshot WI25
https://catalog.ucsd.edu/courses/POLI.html#poli231e,published snapshot WI25 | published snapshot WI26
https://catalog.ucsd.edu/courses/POLI.html#poli240,published snapshot FA24 | published snapshot FA26 | published snapshot WI26
https://catalog.ucsd.edu/courses/POLI.html#poli245,published snapshot WI25
https://catalog.ucsd.edu/courses/POLI.html#poli247b,published snapshot WI26
https://catalog.ucsd.edu/courses/POLI.html#poli248,published snapshot WI25 | published snapshot WI26
https://catalog.ucsd.edu/courses/POLI.html#poli251,published snapshot FA25
https://catalog.ucsd.edu/courses/POLI.html#poli252,published snapshot FA24 | published snapshot FA25
https://catalog.ucsd.edu/courses/POLI.html#poli256,published snapshot FA26 | published snapshot WI26
https://catalog.ucsd.edu/courses/POLI.html#poli257,published snapshot WI25
https://catalog.ucsd.edu/courses/POLI.html#poli258,published snapshot WI25
https://catalog.ucsd.edu/courses/POLI.html#poli259,published snapshot FA24 | published snapshot FA25
https://catalog.ucsd.edu/courses/POLI.html#poli27,published snapshot S225 | published snapshot SP25
https://catalog.ucsd.edu/courses/POLI.html#poli270,published snapshot FA24 | published snapshot FA25 | published snapshot FA26
https://catalog.ucsd.edu/courses/POLI.html#poli271,published snapshot WI25 | published snapshot WI26
https://catalog.ucsd.edu/courses/POLI.html#poli272,published snapshot WI25
https://catalog.ucsd.edu/courses/POLI.html#poli274,published snapshot FA24
https://catalog.ucsd.edu/courses/POLI.html#poli276,published snapshot FA24
https://catalog.ucsd.edu/courses/POLI.html#poli279,published snapshot FA25 | published snapshot FA26 | published snapshot WI26
https://catalog.ucsd.edu/courses/POLI.html#poli28,published snapshot S225 | published snapshot SP25
https://catalog.ucsd.edu/courses/POLI.html#poli280,published snapshot FA24 | published snapshot FA25 | published snapshot FA26 | published snapshot WI25 | published snapshot WI26
https://catalog.ucsd.edu/courses/POLI.html#poli281,published snapshot FA24 | published snapshot FA25 | published snapshot FA26 | published snapshot WI25 | published snapshot WI26
https://catalog.ucsd.edu/courses/POLI.html#poli282,published snapshot FA24 | published snapshot FA25 | published snapshot FA26 | published snapshot WI25 | published snapshot WI26
https://catalog.ucsd.edu/courses/POLI.html#poli283,published snapshot FA24 | published snapshot FA25 | published snapshot FA26 | published snapshot WI25 | published snapshot WI26
https://catalog.ucsd.edu/courses/POLI.html#poli284d,published snapshot FA24
https://catalog.ucsd.edu/courses/POLI.html#poli285,published snapshot FA24 | published snapshot FA25 | published snapshot FA26 | published snapshot WI25 | published snapshot WI26
https://catalog.ucsd.edu/courses/POLI.html#poli286,published snapshot FA24 | published snapshot FA25 | published snapshot FA26 | published snapshot WI25 | published snapshot WI26
https://catalog.ucsd.edu/courses/POLI.html#poli287,published snapshot FA24
https://catalog.ucsd.edu/courses/POLI.html#poli288,published snapshot WI25
https://catalog.ucsd.edu/courses/POLI.html#poli298,published snapshot FA24 | published snapshot FA25 | published snapshot WI25 | published snapshot WI26
https://catalog.ucsd.edu/courses/POLI.html#poli299,published snapshot FA24 | published snapshot FA25 | published snapshot WI25
https://catalog.ucsd.edu/courses/POLI.html#poli30,published snapshot S125 | published snapshot S224 | published snapshot S225
https://catalog.ucsd.edu/courses/POLI.html#poli5,published snapshot S125 | published snapshot S224 | published snapshot S225
https://catalog.ucsd.edu/courses/POLI.html#poli87,published snapshot SP25 | published snapshot WI25 | published snapshot WI26
https://catalog.ucsd.edu/courses/PSYC.html,published snapshot FA24 | published snapshot FA25 | published snapshot FA26 | published snapshot S125 | published snapshot S126 | published snapshot SP25 | published snapshot SP26 | published snapshot WI25 | published snapshot WI26
https://catalog.ucsd.edu/courses/PSYC.html#psyc1,published snapshot FA24 | published snapshot FA25 | published snapshot FA26 | published snapshot S125 | published snapshot S126 | published snapshot S224 | published snapshot S225 | published snapshot S226 | published snapshot SP25 | published snapshot SP26 | published snapshot WI25
https://catalog.ucsd.edu/courses/PSYC.html#psyc100,published snapshot FA24 | published snapshot FA25 | published snapshot FA26 | published snapshot S126 | published snapshot S225 | published snapshot SP25 | published snapshot SP26
https://catalog.ucsd.edu/courses/PSYC.html#psyc101,published snapshot FA24 | published snapshot FA25 | published snapshot FA26 | published snapshot S125 | published snapshot S126 | published snapshot SP25 | published snapshot SP26 | published snapshot WI25 | published snapshot WI26
https://catalog.ucsd.edu/courses/PSYC.html#psyc102,published snapshot FA24 | published snapshot FA26 | published snapshot S126 | published snapshot S224 | published snapshot S225 | published snapshot SP25 | published snapshot SP26 | published snapshot WI25 | published snapshot WI26
https://catalog.ucsd.edu/courses/PSYC.html#psyc104,published snapshot FA24 | published snapshot FA25 | published snapshot FA26 | published snapshot S125 | published snapshot S226 | published snapshot SP25 | published snapshot SP26
https://catalog.ucsd.edu/courses/PSYC.html#psyc105,published snapshot FA24 | published snapshot FA25 | published snapshot FA26 | published snapshot S125 | published snapshot S126 | published snapshot S224 | published snapshot S225 | published snapshot SP25 | published snapshot SP26 | published snapshot WI25 | published snapshot WI26
https://catalog.ucsd.edu/courses/PSYC.html#psyc106,published snapshot FA24 | published snapshot FA25 | published snapshot FA26 | published snapshot S125 | published snapshot S224 | published snapshot S225 | published snapshot S226 | published snapshot SP26 | published snapshot WI25 | published snapshot WI26
https://catalog.ucsd.edu/courses/PSYC.html#psyc108,published snapshot FA24 | published snapshot FA25 | published snapshot FA26 | published snapshot S225 | published snapshot S226 | published snapshot SP25 | published snapshot WI25 | published snapshot WI26
https://catalog.ucsd.edu/courses/PSYC.html#psyc110,published snapshot WI25 | published snapshot WI26
https://catalog.ucsd.edu/courses/PSYC.html#psyc111a,published snapshot WI25 | published snapshot WI26
https://catalog.ucsd.edu/courses/PSYC.html#psyc111b,published snapshot SP25 | published snapshot SP26
https://catalog.ucsd.edu/courses/PSYC.html#psyc112,published snapshot SP26 | published snapshot WI26
https://catalog.ucsd.edu/courses/PSYC.html#psyc114,published snapshot FA24 | published snapshot FA25 | published snapshot S125 | published snapshot S126 | published snapshot S224
https://catalog.ucsd.edu/courses/PSYC.html#psyc116a,published snapshot FA24 | published snapshot FA26
https://catalog.ucsd.edu/courses/PSYC.html#psyc116b,published snapshot WI25
https://catalog.ucsd.edu/courses/PSYC.html#psyc116c,published snapshot SP25
https://catalog.ucsd.edu/courses/PSYC.html#psyc117,published snapshot SP25
https://catalog.ucsd.edu/courses/PSYC.html#psyc118,published snapshot S225 | published snapshot S226 | published snapshot SP25 | published snapshot SP26
https://catalog.ucsd.edu/courses/PSYC.html#psyc122,published snapshot FA24 | published snapshot FA25 | published snapshot FA26 | published snapshot S125
https://catalog.ucsd.edu/courses/PSYC.html#psyc124,published snapshot FA24 | published snapshot FA25 | published snapshot FA26 | published snapshot S225 | published snapshot S226 | published snapshot SP25 | published snapshot WI25
https://catalog.ucsd.edu/courses/PSYC.html#psyc125,published snapshot SP25 | published snapshot WI25 | published snapshot WI26
https://catalog.ucsd.edu/courses/PSYC.html#psyc127,published snapshot SP25 | published snapshot SP26
https://catalog.ucsd.edu/courses/PSYC.html#psyc131,published snapshot S125 | published snapshot S224 | published snapshot S225 | published snapshot S226 | published snapshot SP25
https://catalog.ucsd.edu/courses/PSYC.html#psyc132,published snapshot FA26 | published snapshot S125 | published snapshot S226 | published snapshot SP25 | published snapshot SP26
https://catalog.ucsd.edu/courses/PSYC.html#psyc134,published snapshot FA24
https://catalog.ucsd.edu/courses/PSYC.html#psyc135,published snapshot SP26
https://catalog.ucsd.edu/courses/PSYC.html#psyc136,published snapshot S126 | published snapshot S224
https://catalog.ucsd.edu/courses/PSYC.html#psyc137,published snapshot FA25 | published snapshot FA26 | published snapshot S225 | published snapshot S226 | published snapshot SP25 | published snapshot SP26 | published snapshot WI25 | published snapshot WI26
https://catalog.ucsd.edu/courses/PSYC.html#psyc144,published snapshot S125 | published snapshot S126 | published snapshot S224 | published snapshot S225 | published snapshot S226 | published snapshot SP25 | published snapshot SP26 | published snapshot WI25 | published snapshot WI26
https://catalog.ucsd.edu/courses/PSYC.html#psyc145,published snapshot FA24 | published snapshot FA25 | published snapshot FA26 | published snapshot S125 | published snapshot S126 | published snapshot SP26
https://catalog.ucsd.edu/courses/PSYC.html#psyc148,published snapshot S125 | published snapshot S126 | published snapshot WI25
https://catalog.ucsd.edu/courses/PSYC.html#psyc149,published snapshot S126 | published snapshot WI26
https://catalog.ucsd.edu/courses/PSYC.html#psyc151,published snapshot WI25 | published snapshot WI26
https://catalog.ucsd.edu/courses/PSYC.html#psyc153,published snapshot WI25 | published snapshot WI26
https://catalog.ucsd.edu/courses/PSYC.html#psyc154,published snapshot FA24 | published snapshot FA25 | published snapshot FA26 | published snapshot S125 | published snapshot S126 | published snapshot S224 | published snapshot WI25 | published snapshot WI26
https://catalog.ucsd.edu/courses/PSYC.html#psyc155,published snapshot FA25 | published snapshot S226 | published snapshot WI26
https://catalog.ucsd.edu/courses/PSYC.html#psyc160,published snapshot SP26
https://catalog.ucsd.edu/courses/PSYC.html#psyc162,published snapshot S125 | published snapshot S126 | published snapshot S224 | published snapshot S225 | published snapshot WI25 | published snapshot WI26
https://catalog.ucsd.edu/courses/PSYC.html#psyc166,published snapshot FA24 | published snapshot FA25
https://catalog.ucsd.edu/courses/PSYC.html#psyc168,published snapshot S125 | published snapshot S126 | published snapshot S224 | published snapshot S226 | published snapshot WI25 | published snapshot WI26
https://catalog.ucsd.edu/courses/PSYC.html#psyc169,published snapshot FA25 | published snapshot FA26 | published snapshot S224 | published snapshot S225 | published snapshot S226 | published snapshot SP25
https://catalog.ucsd.edu/courses/PSYC.html#psyc171,published snapshot FA24 | published snapshot FA25 | published snapshot FA26
https://catalog.ucsd.edu/courses/PSYC.html#psyc172,published snapshot FA24 | published snapshot FA26 | published snapshot S224 | published snapshot S225 | published snapshot SP26 | published snapshot WI25 | published snapshot WI26
https://catalog.ucsd.edu/courses/PSYC.html#psyc174,published snapshot FA24 | published snapshot FA25 | published snapshot FA26
https://catalog.ucsd.edu/courses/PSYC.html#psyc175,published snapshot WI25 | published snapshot WI26
https://catalog.ucsd.edu/courses/PSYC.html#psyc176,published snapshot S126
https://catalog.ucsd.edu/courses/PSYC.html#psyc178,published snapshot FA24 | published snapshot FA25 | published snapshot FA26 | published snapshot S125 | published snapshot S226 | published snapshot SP25 | published snapshot SP26
https://catalog.ucsd.edu/courses/PSYC.html#psyc179,published snapshot SP25 | published snapshot SP26 | published snapshot WI25 | published snapshot WI26
https://catalog.ucsd.edu/courses/PSYC.html#psyc181,published snapshot FA24 | published snapshot FA25 | published snapshot FA26 | published snapshot S125 | published snapshot S126 | published snapshot S224 | published snapshot S225 | published snapshot S226 | published snapshot WI25 | published snapshot WI26
https://catalog.ucsd.edu/courses/PSYC.html#psyc184,published snapshot FA24 | published snapshot FA25 | published snapshot FA26 | published snapshot S225 | published snapshot S226 | published snapshot WI25 | published snapshot WI26
https://catalog.ucsd.edu/courses/PSYC.html#psyc185,published snapshot SP26 | published snapshot WI25
https://catalog.ucsd.edu/courses/PSYC.html#psyc187,published snapshot WI25 | published snapshot WI26
https://catalog.ucsd.edu/courses/PSYC.html#psyc188,published snapshot FA26 | published snapshot SP25 | published snapshot SP26
https://catalog.ucsd.edu/courses/PSYC.html#psyc189,published snapshot FA24 | published snapshot FA25 | published snapshot FA26 | published snapshot S225
https://catalog.ucsd.edu/courses/PSYC.html#psyc190,published snapshot S126 | published snapshot SP25 | published snapshot SP26
https://catalog.ucsd.edu/courses/PSYC.html#psyc191,published snapshot S224 | published snapshot S225 | published snapshot S226 | published snapshot WI26
https://catalog.ucsd.edu/courses/PSYC.html#psyc193,published snapshot FA24 | published snapshot FA25 | published snapshot FA26 | published snapshot S224 | published snapshot S225 | published snapshot S226 | published snapshot SP25 | published snapshot SP26 | published snapshot WI25 | published snapshot WI26
https://catalog.ucsd.edu/courses/PSYC.html#psyc193l,published snapshot FA24 | published snapshot FA25 | published snapshot FA26 | published snapshot S125 | published snapshot S126 | published snapshot S224 | published snapshot S225 | published snapshot S226 | published snapshot SP25 | published snapshot SP26 | published snapshot WI25 | published snapshot WI26
https://catalog.ucsd.edu/courses/PSYC.html#psyc194a,published snapshot FA24 | published snapshot FA25 | published snapshot FA26
https://catalog.ucsd.edu/courses/PSYC.html#psyc194b,published snapshot WI25 | published snapshot WI26
https://catalog.ucsd.edu/courses/PSYC.html#psyc194c,published snapshot SP25 | published snapshot SP26
https://catalog.ucsd.edu/courses/PSYC.html#psyc195,published snapshot FA24 | published snapshot S125 | published snapshot SP25 | published snapshot WI25
https://catalog.ucsd.edu/courses/PSYC.html#psyc196a,published snapshot FA24 | published snapshot FA25 | published snapshot S324
https://catalog.ucsd.edu/courses/PSYC.html#psyc196b,published snapshot FA24 | published snapshot S325 | published snapshot WI25 | published snapshot WI26
https://catalog.ucsd.edu/courses/PSYC.html#psyc196c,published snapshot FA25 | published snapshot SP25 | published snapshot SP26 | published snapshot WI25
https://catalog.ucsd.edu/courses/PSYC.html#psyc198,published snapshot SP25 | published snapshot SP26
https://catalog.ucsd.edu/courses/PSYC.html#psyc199,published snapshot FA24 | published snapshot FA25 | published snapshot S125 | published snapshot S126 | published snapshot S224 | published snapshot S226 | published snapshot S324 | published snapshot S325 | published snapshot S326 | published snapshot SP25 | published snapshot SP26 | published snapshot WI25 | published snapshot WI26
https://catalog.ucsd.edu/courses/PSYC.html#psyc2,published snapshot FA24 | published snapshot FA25 | published snapshot FA26 | published snapshot S125 | published snapshot S126 | published snapshot S224 | published snapshot S225 | published snapshot WI25 | published snapshot WI26
https://catalog.ucsd.edu/courses/PSYC.html#psyc201a,published snapshot FA24 | published snapshot FA25
https://catalog.ucsd.edu/courses/PSYC.html#psyc201b,published snapshot WI25 | published snapshot WI26
https://catalog.ucsd.edu/courses/PSYC.html#psyc203,published snapshot FA26 | published snapshot WI26
https://catalog.ucsd.edu/courses/PSYC.html#psyc205,published snapshot FA25
https://catalog.ucsd.edu/courses/PSYC.html#psyc210,published snapshot SP25 | published snapshot WI26
https://catalog.ucsd.edu/courses/PSYC.html#psyc217,published snapshot FA25
https://catalog.ucsd.edu/courses/PSYC.html#psyc218,published snapshot FA24 | published snapshot FA26
https://catalog.ucsd.edu/courses/PSYC.html#psyc220,published snapshot WI25
https://catalog.ucsd.edu/courses/PSYC.html#psyc221,published snapshot FA24 | published snapshot FA25 | published snapshot FA26
https://catalog.ucsd.edu/courses/PSYC.html#psyc222,published snapshot SP25
https://catalog.ucsd.edu/courses/PSYC.html#psyc224,published snapshot FA24 | published snapshot FA25 | published snapshot FA26 | published snapshot SP25 | published snapshot SP26 | published snapshot WI25 | published snapshot WI26
https://catalog.ucsd.edu/courses/PSYC.html#psyc235,published snapshot FA24
https://catalog.ucsd.edu/courses/PSYC.html#psyc242,published snapshot FA24 | published snapshot FA25 | published snapshot FA26 | published snapshot SP25 | published snapshot SP26 | published snapshot WI25 | published snapshot WI26
https://catalog.ucsd.edu/courses/PSYC.html#psyc244,published snapshot FA25
https://catalog.ucsd.edu/courses/PSYC.html#psyc247,published snapshot FA26 | published snapshot WI25 | published snapshot WI26
https://catalog.ucsd.edu/courses/PSYC.html#psyc269,published snapshot FA25 | published snapshot WI25
https://catalog.ucsd.edu/courses/PSYC.html#psyc270a,published snapshot FA24 | published snapshot FA25 | published snapshot FA26
https://catalog.ucsd.edu/courses/PSYC.html#psyc270b,published snapshot WI25 | published snapshot WI26
https://catalog.ucsd.edu/courses/PSYC.html#psyc270c,published snapshot SP25 | published snapshot SP26
https://catalog.ucsd.edu/courses/PSYC.html#psyc271,published snapshot SP25
https://catalog.ucsd.edu/courses/PSYC.html#psyc272,published snapshot FA24 | published snapshot FA25 | published snapshot FA26 | published snapshot SP25 | published snapshot SP26 | published snapshot WI25 | published snapshot WI26
https://catalog.ucsd.edu/courses/PSYC.html#psyc276,published snapshot SP25 | published snapshot SP26
https://catalog.ucsd.edu/courses/PSYC.html#psyc280,published snapshot FA24 | published snapshot FA25 | published snapshot FA26 | published snapshot SP25 | published snapshot SP26 | published snapshot WI25 | published snapshot WI26
https://catalog.ucsd.edu/courses/PSYC.html#psyc296,published snapshot FA24 | published snapshot FA25 | published snapshot FA26 | published snapshot SP25 | published snapshot SP26 | published snapshot WI25 | published snapshot WI26
https://catalog.ucsd.edu/courses/PSYC.html#psyc299,published snapshot FA24 | published snapshot FA25 | published snapshot FA26 | published snapshot SP25 | published snapshot SP26 | published snapshot WI25 | published snapshot WI26
https://catalog.ucsd.edu/courses/PSYC.html#psyc3,published snapshot FA26 | published snapshot S225 | published snapshot WI26
https://catalog.ucsd.edu/courses/PSYC.html#psyc3r,published snapshot FA24 | published snapshot FA25 | published snapshot SP25 | published snapshot SP26
https://catalog.ucsd.edu/courses/PSYC.html#psyc4,published snapshot S226 | published snapshot WI25
https://catalog.ucsd.edu/courses/PSYC.html#psyc42,published snapshot WI26
https://catalog.ucsd.edu/courses/PSYC.html#psyc500,published snapshot FA24 | published snapshot FA25 | published snapshot FA26 | published snapshot SP25 | published snapshot SP26 | published snapshot WI25 | published snapshot WI26
https://catalog.ucsd.edu/courses/PSYC.html#psyc6,published snapshot FA24 | published snapshot FA25 | published snapshot FA26 | published snapshot S224 | published snapshot S225
https://catalog.ucsd.edu/courses/PSYC.html#psyc60,published snapshot FA24 | published snapshot FA25 | published snapshot FA26 | published snapshot S125 | published snapshot S126 | published snapshot S224 | published snapshot S225 | published snapshot S226 | published snapshot SP25 | published snapshot SP26 | published snapshot WI25 | published snapshot WI26
https://catalog.ucsd.edu/courses/PSYC.html#psyc7,published snapshot SP26
https://catalog.ucsd.edu/courses/PSYC.html#psyc70,published snapshot FA24 | published snapshot FA25 | published snapshot FA26 | published snapshot S126 | published snapshot S224 | published snapshot S225 | published snapshot SP25 | published snapshot SP26 | published snapshot WI25 | published snapshot WI26
https://catalog.ucsd.edu/courses/PSYC.html#psyc71,published snapshot FA24 | published snapshot FA25 | published snapshot FA26 | published snapshot S125 | published snapshot S126 | published snapshot S224 | published snapshot S225 | published snapshot S226 | published snapshot SP25 | published snapshot SP26 | published snapshot WI25 | published snapshot WI26
https://catalog.ucsd.edu/courses/PSYC.html#psyc88,published snapshot FA24 | published snapshot FA25 | published snapshot FA26 | published snapshot S126 | published snapshot SP25 | published snapshot SP26
https://catalog.ucsd.edu/courses/PSYC.html#psyc99,published snapshot FA24 | published snapshot FA25 | published snapshot SP25 | published snapshot SP26 | published snapshot WI25 | published snapshot WI26
https://catalog.ucsd.edu/courses/RELI.html#reli1,published snapshot FA24
https://catalog.ucsd.edu/courses/RELI.html#reli101,published snapshot WI25 | published snapshot WI26
https://catalog.ucsd.edu/courses/RELI.html#reli144,published snapshot FA26
https://catalog.ucsd.edu/courses/RELI.html#reli146,published snapshot SP26
https://catalog.ucsd.edu/courses/RELI.html#reli149,published snapshot S126 | published snapshot S225
https://catalog.ucsd.edu/courses/RELI.html#reli150,published snapshot SP25 | published snapshot SP26
https://catalog.ucsd.edu/courses/RELI.html#reli155,published snapshot S226
https://catalog.ucsd.edu/courses/RELI.html#reli161gs,published snapshot S125
https://catalog.ucsd.edu/courses/RELI.html#reli188,published snapshot FA26
https://catalog.ucsd.edu/courses/RELI.html#reli189,published snapshot FA26 | published snapshot SP25 | published snapshot SP26
https://catalog.ucsd.edu/courses/RELI.html#reli199,published snapshot S326
https://catalog.ucsd.edu/courses/RELI.html#reli87,published snapshot FA26
https://catalog.ucsd.edu/courses/REV.html#rev1,published snapshot FA24 | published snapshot FA26 | published snapshot S224
https://catalog.ucsd.edu/courses/REV.html#rev12,published snapshot SP25
https://catalog.ucsd.edu/courses/REV.html#rev2,published snapshot FA24
https://catalog.ucsd.edu/courses/REV.html#rev20,published snapshot FA24 | published snapshot FA25 | published snapshot FA26 | published snapshot SP25 | published snapshot SP26 | published snapshot WI25 | published snapshot WI26
https://catalog.ucsd.edu/courses/REV.html#rev87,published snapshot FA24 | published snapshot FA25 | published snapshot FA26 | published snapshot SP25 | published snapshot SP26 | published snapshot WI25
https://catalog.ucsd.edu/courses/REV.html#rev88,published snapshot FA26
https://catalog.ucsd.edu/courses/SE.html,published snapshot S224 | published snapshot S225 | published snapshot S226 | published snapshot SP25 | published snapshot SP26
https://catalog.ucsd.edu/courses/SE.html#se1,published snapshot FA24 | published snapshot FA25 | published snapshot FA26 | published snapshot S125 | published snapshot S226
https://catalog.ucsd.edu/courses/SE.html#se101a,published snapshot FA24 | published snapshot FA25 | published snapshot FA26 | published snapshot S125 | published snapshot S126 | published snapshot WI25 | published snapshot WI26
https://catalog.ucsd.edu/courses/SE.html#se101b,published snapshot S224 | published snapshot S225 | published snapshot S226 | published snapshot SP25 | published snapshot WI25 | published snapshot WI26
https://catalog.ucsd.edu/courses/SE.html#se101c,published snapshot FA24 | published snapshot FA25 | published snapshot FA26 | published snapshot S125 | published snapshot S126
https://catalog.ucsd.edu/courses/SE.html#se102,published snapshot WI25 | published snapshot WI26
https://catalog.ucsd.edu/courses/SE.html#se103,published snapshot WI25 | published snapshot WI26
https://catalog.ucsd.edu/courses/SE.html#se105,published snapshot FA24 | published snapshot FA25 | published snapshot FA26 | published snapshot SP25 | published snapshot SP26
https://catalog.ucsd.edu/courses/SE.html#se110a,published snapshot S125 | published snapshot S126 | published snapshot SP25 | published snapshot SP26 | published snapshot WI25 | published snapshot WI26
https://catalog.ucsd.edu/courses/SE.html#se110b,published snapshot S224 | published snapshot S225 | published snapshot S226 | published snapshot SP25 | published snapshot SP26 | published snapshot WI25
https://catalog.ucsd.edu/courses/SE.html#se115,published snapshot WI25 | published snapshot WI26
https://catalog.ucsd.edu/courses/SE.html#se125,published snapshot FA24 | published snapshot FA25 | published snapshot FA26 | published snapshot S225
https://catalog.ucsd.edu/courses/SE.html#se130a,published snapshot FA24 | published snapshot FA25 | published snapshot FA26 | published snapshot S125 | published snapshot S126 | published snapshot WI25 | published snapshot WI26
https://catalog.ucsd.edu/courses/SE.html#se131a,published snapshot S225 | published snapshot S226 | published snapshot SP25 | published snapshot SP26
https://catalog.ucsd.edu/courses/SE.html#se131b,published snapshot FA24 | published snapshot FA25 | published snapshot FA26
https://catalog.ucsd.edu/courses/SE.html#se132,published snapshot SP26
https://catalog.ucsd.edu/courses/SE.html#se140a,published snapshot WI25 | published snapshot WI26
https://catalog.ucsd.edu/courses/SE.html#se140b,published snapshot SP25 | published snapshot SP26
https://catalog.ucsd.edu/courses/SE.html#se142,published snapshot FA24 | published snapshot FA25 | published snapshot FA26
https://catalog.ucsd.edu/courses/SE.html#se143a,published snapshot WI25 | published snapshot WI26
https://catalog.ucsd.edu/courses/SE.html#se143b,published snapshot SP25 | published snapshot SP26
https://catalog.ucsd.edu/courses/SE.html#se150a,published snapshot S125 | published snapshot S224 | published snapshot S226 | published snapshot SP25 | published snapshot SP26
https://catalog.ucsd.edu/courses/SE.html#se150b,published snapshot SP25
https://catalog.ucsd.edu/courses/SE.html#se151a,published snapshot S226 | published snapshot WI25 | published snapshot WI26
https://catalog.ucsd.edu/courses/SE.html#se151b,published snapshot SP25 | published snapshot SP26
https://catalog.ucsd.edu/courses/SE.html#se154,published snapshot S126 | published snapshot S224 | published snapshot S225
https://catalog.ucsd.edu/courses/SE.html#se160a,published snapshot WI25 | published snapshot WI26
https://catalog.ucsd.edu/courses/SE.html#se160b,published snapshot SP25 | published snapshot SP26
https://catalog.ucsd.edu/courses/SE.html#se163,published snapshot FA24 | published snapshot FA25 | published snapshot FA26
https://catalog.ucsd.edu/courses/SE.html#se164,published snapshot FA24 | published snapshot FA26 | published snapshot WI26
https://catalog.ucsd.edu/courses/SE.html#se165,published snapshot SP25 | published snapshot SP26
https://catalog.ucsd.edu/courses/SE.html#se167,published snapshot WI25 | published snapshot WI26
https://catalog.ucsd.edu/courses/SE.html#se171,published snapshot WI25 | published snapshot WI26
https://catalog.ucsd.edu/courses/SE.html#se180,published snapshot FA24 | published snapshot FA25 | published snapshot FA26
https://catalog.ucsd.edu/courses/SE.html#se181,published snapshot FA24 | published snapshot FA25 | published snapshot FA26
https://catalog.ucsd.edu/courses/SE.html#se182,published snapshot WI25 | published snapshot WI26
https://catalog.ucsd.edu/courses/SE.html#se184,published snapshot SP26
https://catalog.ucsd.edu/courses/SE.html#se197,published snapshot FA24 | published snapshot S324 | published snapshot S326 | published snapshot SP26 | published snapshot WI25
https://catalog.ucsd.edu/courses/SE.html#se199,published snapshot FA24 | published snapshot FA25 | published snapshot S125 | published snapshot S225 | published snapshot S324 | published snapshot S325 | published snapshot SP25 | published snapshot SP26 | published snapshot WI25 | published snapshot WI26
https://catalog.ucsd.edu/courses/SE.html#se201a,published snapshot FA24 | published snapshot FA25 | published snapshot FA26
https://catalog.ucsd.edu/courses/SE.html#se201b,published snapshot WI25 | published snapshot WI26
https://catalog.ucsd.edu/courses/SE.html#se202,published snapshot SP25
https://catalog.ucsd.edu/courses/SE.html#se203a,published snapshot FA25 | published snapshot FA26 | published snapshot WI25
https://catalog.ucsd.edu/courses/SE.html#se203b,published snapshot SP25
https://catalog.ucsd.edu/courses/SE.html#se206,published snapshot SP26
https://catalog.ucsd.edu/courses/SE.html#se207,published snapshot WI25 | published snapshot WI26
https://catalog.ucsd.edu/courses/SE.html#se211,published snapshot SP26
https://catalog.ucsd.edu/courses/SE.html#se212,published snapshot FA24 | published snapshot FA25 | published snapshot FA26
https://catalog.ucsd.edu/courses/SE.html#se213,published snapshot FA26 | published snapshot SP25
https://catalog.ucsd.edu/courses/SE.html#se214,published snapshot SP25
https://catalog.ucsd.edu/courses/SE.html#se215,published snapshot SP25 | published snapshot SP26
https://catalog.ucsd.edu/courses/SE.html#se220,published snapshot FA24 | published snapshot FA25 | published snapshot FA26
https://catalog.ucsd.edu/courses/SE.html#se222,published snapshot FA24 | published snapshot WI26
https://catalog.ucsd.edu/courses/SE.html#se223,published snapshot FA25
https://catalog.ucsd.edu/courses/SE.html#se224,published snapshot SP25
https://catalog.ucsd.edu/courses/SE.html#se227,published snapshot SP26
https://catalog.ucsd.edu/courses/SE.html#se232,published snapshot WI25 | published snapshot WI26
https://catalog.ucsd.edu/courses/SE.html#se233,published snapshot FA24 | published snapshot FA25
https://catalog.ucsd.edu/courses/SE.html#se241,published snapshot FA24 | published snapshot FA25 | published snapshot FA26
https://catalog.ucsd.edu/courses/SE.html#se242,published snapshot WI25 | published snapshot WI26
https://catalog.ucsd.edu/courses/SE.html#se243,published snapshot WI25
https://catalog.ucsd.edu/courses/SE.html#se244,published snapshot FA25 | published snapshot FA26
https://catalog.ucsd.edu/courses/SE.html#se246,published snapshot SP25 | published snapshot WI26
https://catalog.ucsd.edu/courses/SE.html#se247,published snapshot SP26
https://catalog.ucsd.edu/courses/SE.html#se248,published snapshot FA24 | published snapshot FA25
https://catalog.ucsd.edu/courses/SE.html#se249,published snapshot SP25 | published snapshot SP26
https://catalog.ucsd.edu/courses/SE.html#se251a,published snapshot WI25 | published snapshot WI26
https://catalog.ucsd.edu/courses/SE.html#se251b,published snapshot SP25 | published snapshot SP26
https://catalog.ucsd.edu/courses/SE.html#se252,published snapshot WI25 | published snapshot WI26
https://catalog.ucsd.edu/courses/SE.html#se253a,published snapshot FA24 | published snapshot FA25 | published snapshot FA26
https://catalog.ucsd.edu/courses/SE.html#se253b,published snapshot SP25 | published snapshot SP26
https://catalog.ucsd.edu/courses/SE.html#se260a,published snapshot WI25 | published snapshot WI26
https://catalog.ucsd.edu/courses/SE.html#se260b,published snapshot SP25 | published snapshot SP26
https://catalog.ucsd.edu/courses/SE.html#se262,published snapshot WI25 | published snapshot WI26
https://catalog.ucsd.edu/courses/SE.html#se263,published snapshot FA24 | published snapshot FA25 | published snapshot FA26
https://catalog.ucsd.edu/courses/SE.html#se264,published snapshot FA24 | published snapshot FA26 | published snapshot WI26
https://catalog.ucsd.edu/courses/SE.html#se265,published snapshot SP25 | published snapshot SP26
https://catalog.ucsd.edu/courses/SE.html#se266,published snapshot WI25
https://catalog.ucsd.edu/courses/SE.html#se267a,published snapshot WI25 | published snapshot WI26
https://catalog.ucsd.edu/courses/SE.html#se268,published snapshot SP26
https://catalog.ucsd.edu/courses/SE.html#se270,published snapshot WI25 | published snapshot WI26
https://catalog.ucsd.edu/courses/SE.html#se271,published snapshot FA24 | published snapshot FA25
https://catalog.ucsd.edu/courses/SE.html#se272,published snapshot WI25
https://catalog.ucsd.edu/courses/SE.html#se273,published snapshot WI25 | published snapshot WI26
https://catalog.ucsd.edu/courses/SE.html#se276a,published snapshot FA24 | published snapshot FA25 | published snapshot FA26
https://catalog.ucsd.edu/courses/SE.html#se276b,published snapshot WI25 | published snapshot WI26
https://catalog.ucsd.edu/courses/SE.html#se279,published snapshot SP25
https://catalog.ucsd.edu/courses/SE.html#se281,published snapshot WI25 | published snapshot WI26
https://catalog.ucsd.edu/courses/SE.html#se285,published snapshot FA24 | published snapshot FA25 | published snapshot FA26
https://catalog.ucsd.edu/courses/SE.html#se286,published snapshot FA24 | published snapshot FA25
https://catalog.ucsd.edu/courses/SE.html#se290,published snapshot FA24 | published snapshot FA25 | published snapshot FA26 | published snapshot SP25 | published snapshot SP26 | published snapshot WI25 | published snapshot WI26
https://catalog.ucsd.edu/courses/SE.html#se296,published snapshot FA24 | published snapshot FA25 | published snapshot FA26 | published snapshot SP25 | published snapshot SP26 | published snapshot WI25 | published snapshot WI26
https://catalog.ucsd.edu/courses/SE.html#se299,published snapshot FA24 | published snapshot FA25 | published snapshot FA26 | published snapshot SP25 | published snapshot SP26 | published snapshot WI25 | published snapshot WI26
https://catalog.ucsd.edu/courses/SE.html#se3,published snapshot SP25 | published snapshot SP26
https://catalog.ucsd.edu/courses/SE.html#se501,published snapshot FA24 | published snapshot FA25 | published snapshot FA26 | published snapshot SP25 | published snapshot SP26 | published snapshot WI25 | published snapshot WI26
https://catalog.ucsd.edu/courses/SE.html#se9,published snapshot FA24 | published snapshot S224 | published snapshot S225 | published snapshot S226 | published snapshot SP26 | published snapshot WI25 | published snapshot WI26
https://catalog.ucsd.edu/courses/SE.html#se99h,published snapshot FA25
https://catalog.ucsd.edu/courses/SEV.html#sev20,published snapshot SP25 | published snapshot WI26
https://catalog.ucsd.edu/courses/SIO.html,published snapshot FA24 | published snapshot FA25 | published snapshot FA26 | published snapshot SP25 | published snapshot SP26 | published snapshot WI25 | published snapshot WI26
https://catalog.ucsd.edu/courses/SIO.html#sio1,published snapshot FA26 | published snapshot SP26 | published snapshot WI25
https://catalog.ucsd.edu/courses/SIO.html#sio10,published snapshot S226 | published snapshot SP25 | published snapshot SP26
https://catalog.ucsd.edu/courses/SIO.html#sio100,published snapshot FA24 | published snapshot FA25
https://catalog.ucsd.edu/courses/SIO.html#sio101,published snapshot FA24 | published snapshot FA25 | published snapshot FA26
https://catalog.ucsd.edu/courses/SIO.html#sio102,published snapshot FA26 | published snapshot WI25 | published snapshot WI26
https://catalog.ucsd.edu/courses/SIO.html#sio103,published snapshot FA24 | published snapshot FA25 | published snapshot FA26
https://catalog.ucsd.edu/courses/SIO.html#sio104,published snapshot WI26
https://catalog.ucsd.edu/courses/SIO.html#sio105,published snapshot FA24 | published snapshot FA25 | published snapshot FA26
https://catalog.ucsd.edu/courses/SIO.html#sio107,published snapshot WI25 | published snapshot WI26
https://catalog.ucsd.edu/courses/SIO.html#sio108,published snapshot FA24
https://catalog.ucsd.edu/courses/SIO.html#sio109r,published snapshot FA24 | published snapshot FA26 | published snapshot S125 | published snapshot S126 | published snapshot S224 | published snapshot S225 | published snapshot S226 | published snapshot WI25 | published snapshot WI26
https://catalog.ucsd.edu/courses/SIO.html#sio10gs,published snapshot S125
https://catalog.ucsd.edu/courses/SIO.html#sio110,published snapshot FA24 | published snapshot SP26
https://catalog.ucsd.edu/courses/SIO.html#sio111,published snapshot SP25 | published snapshot SP26
https://catalog.ucsd.edu/courses/SIO.html#sio112,published snapshot SP25 | published snapshot SP26
https://catalog.ucsd.edu/courses/SIO.html#sio113,published snapshot SP25 | published snapshot SP26
https://catalog.ucsd.edu/courses/SIO.html#sio115,published snapshot SP25 | published snapshot WI26
https://catalog.ucsd.edu/courses/SIO.html#sio116,published snapshot WI25 | published snapshot WI26
https://catalog.ucsd.edu/courses/SIO.html#sio117,published snapshot FA24 | published snapshot FA25 | published snapshot FA26
https://catalog.ucsd.edu/courses/SIO.html#sio119,published snapshot WI25 | published snapshot WI26
https://catalog.ucsd.edu/courses/SIO.html#sio120,published snapshot WI25 | published snapshot WI26
https://catalog.ucsd.edu/courses/SIO.html#sio121,published snapshot SP25 | published snapshot SP26
https://catalog.ucsd.edu/courses/SIO.html#sio121gs,published snapshot S125 | published snapshot S126
https://catalog.ucsd.edu/courses/SIO.html#sio122,published snapshot FA25
https://catalog.ucsd.edu/courses/SIO.html#sio123,published snapshot WI25 | published snapshot WI26
https://catalog.ucsd.edu/courses/SIO.html#sio124,published snapshot FA25
https://catalog.ucsd.edu/courses/SIO.html#sio125,published snapshot FA26 | published snapshot SP25 | published snapshot SP26
https://catalog.ucsd.edu/courses/SIO.html#sio126,published snapshot WI25
https://catalog.ucsd.edu/courses/SIO.html#sio132,published snapshot FA24 | published snapshot FA25 | published snapshot FA26
https://catalog.ucsd.edu/courses/SIO.html#sio133,published snapshot S125 | published snapshot WI25 | published snapshot WI26
https://catalog.ucsd.edu/courses/SIO.html#sio135,published snapshot S224 | published snapshot SP25 | published snapshot SP26 | published snapshot WI25 | published snapshot WI26
https://catalog.ucsd.edu/courses/SIO.html#sio136,published snapshot FA24 | published snapshot FA25 | published snapshot FA26 | published snapshot SP25 | published snapshot SP26
https://catalog.ucsd.edu/courses/SIO.html#sio137,published snapshot SP26
https://catalog.ucsd.edu/courses/SIO.html#sio138gs,published snapshot S126
https://catalog.ucsd.edu/courses/SIO.html#sio139,published snapshot S125 | published snapshot S126 | published snapshot SP25 | published snapshot SP26
https://catalog.ucsd.edu/courses/SIO.html#sio141,published snapshot SP25 | published snapshot SP26
https://catalog.ucsd.edu/courses/SIO.html#sio143,published snapshot SP25 | published snapshot SP26
https://catalog.ucsd.edu/courses/SIO.html#sio144,published snapshot WI25
https://catalog.ucsd.edu/courses/SIO.html#sio145,published snapshot SP25 | published snapshot SP26
https://catalog.ucsd.edu/courses/SIO.html#sio147,published snapshot FA24 | published snapshot FA25 | published snapshot FA26
https://catalog.ucsd.edu/courses/SIO.html#sio15,published snapshot FA24 | published snapshot FA25 | published snapshot FA26
https://catalog.ucsd.edu/courses/SIO.html#sio152,published snapshot SP25 | published snapshot SP26
https://catalog.ucsd.edu/courses/SIO.html#sio153,published snapshot SP25
https://catalog.ucsd.edu/courses/SIO.html#sio155,published snapshot WI26
https://catalog.ucsd.edu/courses/SIO.html#sio156,published snapshot SP26
https://catalog.ucsd.edu/courses/SIO.html#sio16,published snapshot SP25 | published snapshot WI26
https://catalog.ucsd.edu/courses/SIO.html#sio160,published snapshot SP25 | published snapshot SP26
https://catalog.ucsd.edu/courses/SIO.html#sio161,published snapshot WI25
https://catalog.ucsd.edu/courses/SIO.html#sio162,published snapshot SP26 | published snapshot WI25
https://catalog.ucsd.edu/courses/SIO.html#sio164,published snapshot WI25 | published snapshot WI26
https://catalog.ucsd.edu/courses/SIO.html#sio166,published snapshot FA24 | published snapshot FA25 | published snapshot FA26
https://catalog.ucsd.edu/courses/SIO.html#sio167,published snapshot FA24 | published snapshot FA25
https://catalog.ucsd.edu/courses/SIO.html#sio170,published snapshot FA24 | published snapshot FA25 | published snapshot FA26
https://catalog.ucsd.edu/courses/SIO.html#sio171,published snapshot FA24 | published snapshot FA25 | published snapshot FA26
https://catalog.ucsd.edu/courses/SIO.html#sio172,published snapshot WI25 | published snapshot WI26
https://catalog.ucsd.edu/courses/SIO.html#sio181,published snapshot SP25 | published snapshot SP26
https://catalog.ucsd.edu/courses/SIO.html#sio182,published snapshot WI25 | published snapshot WI26
https://catalog.ucsd.edu/courses/SIO.html#sio182b2,published snapshot SP25 | published snapshot SP26
https://catalog.ucsd.edu/courses/SIO.html#sio183,published snapshot WI26
https://catalog.ucsd.edu/courses/SIO.html#sio187,published snapshot S224 | published snapshot S225 | published snapshot S226 | published snapshot WI25 | published snapshot WI26
https://catalog.ucsd.edu/courses/SIO.html#sio188,published snapshot FA24 | published snapshot FA26 | published snapshot SP26
https://catalog.ucsd.edu/courses/SIO.html#sio189,published snapshot FA24 | published snapshot FA25 | published snapshot FA26
https://catalog.ucsd.edu/courses/SIO.html#sio190,published snapshot FA24 | published snapshot SP25 | published snapshot SP26 | published snapshot WI26
https://catalog.ucsd.edu/courses/SIO.html#sio190l,published snapshot FA26 | published snapshot SP25 | published snapshot SP26 | published snapshot WI25 | published snapshot WI26
https://catalog.ucsd.edu/courses/SIO.html#sio194,published snapshot FA24 | published snapshot FA25 | published snapshot FA26 | published snapshot SP25 | published snapshot SP26 | published snapshot WI25 | published snapshot WI26
https://catalog.ucsd.edu/courses/SIO.html#sio196,published snapshot FA24 | published snapshot SP25 | published snapshot SP26 | published snapshot WI25 | published snapshot WI26
https://catalog.ucsd.edu/courses/SIO.html#sio198,published snapshot WI25
https://catalog.ucsd.edu/courses/SIO.html#sio199,published snapshot FA24 | published snapshot FA25 | published snapshot S125 | published snapshot S126 | published snapshot S224 | published snapshot S226 | published snapshot S324 | published snapshot SP25 | published snapshot SP26 | published snapshot WI25 | published snapshot WI26
https://catalog.ucsd.edu/courses/SIO.html#sio203b,published snapshot WI25 | published snapshot WI26
https://catalog.ucsd.edu/courses/SIO.html#sio20r,published snapshot FA24 | published snapshot FA25 | published snapshot FA26
https://catalog.ucsd.edu/courses/SIO.html#sio223ga,published snapshot FA24 | published snapshot FA25 | published snapshot FA26
https://catalog.ucsd.edu/courses/SIO.html#sio223gb,published snapshot WI25 | published snapshot WI26
https://catalog.ucsd.edu/courses/SIO.html#sio25,published snapshot FA24 | published snapshot FA25 | published snapshot S225 | published snapshot SP26 | published snapshot WI25
https://catalog.ucsd.edu/courses/SIO.html#sio295ls,published snapshot S324 | published snapshot S325 | published snapshot S326
https://catalog.ucsd.edu/courses/SIO.html#sio295s,published snapshot S324 | published snapshot S325 | published snapshot S326
https://catalog.ucsd.edu/courses/SIO.html#sio299,published snapshot FA24 | published snapshot FA25 | published snapshot FA26 | published snapshot S224 | published snapshot S324 | published snapshot S325 | published snapshot SP25 | published snapshot SP26 | published snapshot WI25 | published snapshot WI26
https://catalog.ucsd.edu/courses/SIO.html#sio3,published snapshot FA25 | published snapshot FA26 | published snapshot S125 | published snapshot WI25 | published snapshot WI26
https://catalog.ucsd.edu/courses/SIO.html#sio30,published snapshot FA24 | published snapshot FA25 | published snapshot FA26 | published snapshot S226 | published snapshot WI26
https://catalog.ucsd.edu/courses/SIO.html#sio35,published snapshot S226 | published snapshot SP25 | published snapshot SP26
https://catalog.ucsd.edu/courses/SIO.html#sio37gs,published snapshot S126
https://catalog.ucsd.edu/courses/SIO.html#sio40,published snapshot FA24 | published snapshot FA26 | published snapshot S126 | published snapshot WI26
https://catalog.ucsd.edu/courses/SIO.html#sio45,published snapshot S224 | published snapshot S225 | published snapshot S226 | published snapshot WI25 | published snapshot WI26
https://catalog.ucsd.edu/courses/SIO.html#sio46gs,published snapshot S125 | published snapshot S126
https://catalog.ucsd.edu/courses/SIO.html#sio50,published snapshot FA24 | published snapshot FA25 | published snapshot FA26 | published snapshot SP25 | published snapshot SP26
https://catalog.ucsd.edu/courses/SIO.html#sio60,published snapshot SP25 | published snapshot SP26
https://catalog.ucsd.edu/courses/SIO.html#sio65,published snapshot WI25 | published snapshot WI26
https://catalog.ucsd.edu/courses/SIO.html#sio75,published snapshot SP25 | published snapshot SP26
https://catalog.ucsd.edu/courses/SIO.html#sio87,published snapshot FA24 | published snapshot FA25 | published snapshot FA26 | published snapshot SP25 | published snapshot SP26 | published snapshot WI25 | published snapshot WI26
https://catalog.ucsd.edu/courses/SIO.html#sio90,published snapshot FA24 | published snapshot FA25 | published snapshot SP25 | published snapshot SP26 | published snapshot WI25 | published snapshot WI26
https://catalog.ucsd.edu/courses/SIO.html#sio99,published snapshot SP25 | published snapshot WI25 | published snapshot WI26
https://catalog.ucsd.edu/courses/SIO.html#siob218,published snapshot FA24 | published snapshot FA25 | published snapshot FA26
https://catalog.ucsd.edu/courses/SIO.html#siob242c,published snapshot FA24 | published snapshot SP25 | published snapshot SP26
https://catalog.ucsd.edu/courses/SIO.html#siob243,published snapshot SP25
https://catalog.ucsd.edu/courses/SIO.html#siob262,published snapshot FA24 | published snapshot FA25 | published snapshot FA26 | published snapshot SP25 | published snapshot SP26 | published snapshot WI25
https://catalog.ucsd.edu/courses/SIO.html#siob265,published snapshot WI25
https://catalog.ucsd.edu/courses/SIO.html#siob269,published snapshot FA25 | published snapshot SP26 | published snapshot WI26
https://catalog.ucsd.edu/courses/SIO.html#siob270,published snapshot SP26
https://catalog.ucsd.edu/courses/SIO.html#siob270a,published snapshot SP25
https://catalog.ucsd.edu/courses/SIO.html#siob271,published snapshot SP26
https://catalog.ucsd.edu/courses/SIO.html#siob272,published snapshot WI25 | published snapshot WI26
https://catalog.ucsd.edu/courses/SIO.html#siob273,published snapshot FA24 | published snapshot FA25 | published snapshot FA26
https://catalog.ucsd.edu/courses/SIO.html#siob273a2,published snapshot FA25
https://catalog.ucsd.edu/courses/SIO.html#siob275a,published snapshot FA24 | published snapshot FA26
https://catalog.ucsd.edu/courses/SIO.html#siob276,published snapshot FA25
https://catalog.ucsd.edu/courses/SIO.html#siob276l,published snapshot FA24 | published snapshot SP25 | published snapshot WI25 | published snapshot WI26
https://catalog.ucsd.edu/courses/SIO.html#siob278,published snapshot FA24 | published snapshot FA26 | published snapshot SP25 | published snapshot SP26 | published snapshot WI26
https://catalog.ucsd.edu/courses/SIO.html#siob279,published snapshot FA24 | published snapshot FA25 | published snapshot FA26 | published snapshot SP25 | published snapshot SP26 | published snapshot WI25 | published snapshot WI26
https://catalog.ucsd.edu/courses/SIO.html#siob280,published snapshot FA24 | published snapshot FA25 | published snapshot FA26
https://catalog.ucsd.edu/courses/SIO.html#siob281,published snapshot FA24 | published snapshot FA26
https://catalog.ucsd.edu/courses/SIO.html#siob282,published snapshot SP25
https://catalog.ucsd.edu/courses/SIO.html#siob284,published snapshot SP25 | published snapshot SP26
https://catalog.ucsd.edu/courses/SIO.html#siob285,published snapshot FA26
https://catalog.ucsd.edu/courses/SIO.html#siob286,published snapshot SP25 | published snapshot WI25
https://catalog.ucsd.edu/courses/SIO.html#siob291,published snapshot SP25 | published snapshot SP26 | published snapshot WI25 | published snapshot WI26
https://catalog.ucsd.edu/courses/SIO.html#siob296,published snapshot FA24 | published snapshot FA25 | published snapshot FA26 | published snapshot WI25 | published snapshot WI26
https://catalog.ucsd.edu/courses/SIO.html#siob297,published snapshot FA24 | published snapshot FA25 | published snapshot FA26 | published snapshot SP25 | published snapshot SP26 | published snapshot WI25 | published snapshot WI26
https://catalog.ucsd.edu/courses/SIO.html#siob298,published snapshot SP25 | published snapshot SP26 | published snapshot WI25 | published snapshot WI26
https://catalog.ucsd.edu/courses/SIO.html#sioc200a,published snapshot FA25
https://catalog.ucsd.edu/courses/SIO.html#sioc200b,published snapshot WI26
https://catalog.ucsd.edu/courses/SIO.html#sioc200c,published snapshot SP26 | published snapshot WI25
https://catalog.ucsd.edu/courses/SIO.html#sioc202a,published snapshot WI25 | published snapshot WI26
https://catalog.ucsd.edu/courses/SIO.html#sioc202b,published snapshot SP25 | published snapshot SP26
https://catalog.ucsd.edu/courses/SIO.html#sioc203a,published snapshot FA24 | published snapshot FA25 | published snapshot FA26
https://catalog.ucsd.edu/courses/SIO.html#sioc203c,published snapshot SP25 | published snapshot SP26
https://catalog.ucsd.edu/courses/SIO.html#sioc204,published snapshot FA26
https://catalog.ucsd.edu/courses/SIO.html#sioc205,published snapshot SP26
https://catalog.ucsd.edu/courses/SIO.html#sioc207a,published snapshot FA24 | published snapshot FA25 | published snapshot FA26
https://catalog.ucsd.edu/courses/SIO.html#sioc207b,published snapshot SP26 | published snapshot WI25
https://catalog.ucsd.edu/courses/SIO.html#sioc207c,published snapshot SP25 | published snapshot SP26
https://catalog.ucsd.edu/courses/SIO.html#sioc208,published snapshot FA24 | published snapshot FA25 | published snapshot FA26 | published snapshot SP25 | published snapshot SP26 | published snapshot WI25 | published snapshot WI26
https://catalog.ucsd.edu/courses/SIO.html#sioc209,published snapshot FA25 | published snapshot SP25 | published snapshot SP26 | published snapshot WI25 | published snapshot WI26
https://catalog.ucsd.edu/courses/SIO.html#sioc210,published snapshot FA24 | published snapshot FA25 | published snapshot FA26
https://catalog.ucsd.edu/courses/SIO.html#sioc211a,published snapshot WI25 | published snapshot WI26
https://catalog.ucsd.edu/courses/SIO.html#sioc211b,published snapshot SP25
https://catalog.ucsd.edu/courses/SIO.html#sioc212a,published snapshot WI25 | published snapshot WI26
https://catalog.ucsd.edu/courses/SIO.html#sioc212b,published snapshot SP25 | published snapshot SP26
https://catalog.ucsd.edu/courses/SIO.html#sioc214a,published snapshot FA24 | published snapshot FA25 | published snapshot FA26
https://catalog.ucsd.edu/courses/SIO.html#sioc216a,published snapshot WI25
https://catalog.ucsd.edu/courses/SIO.html#sioc217a,published snapshot FA24 | published snapshot FA25 | published snapshot FA26
https://catalog.ucsd.edu/courses/SIO.html#sioc217b,published snapshot WI25 | published snapshot WI26
https://catalog.ucsd.edu/courses/SIO.html#sioc217c,published snapshot SP25 | published snapshot SP26
https://catalog.ucsd.edu/courses/SIO.html#sioc217d,published snapshot WI25 | published snapshot WI26
https://catalog.ucsd.edu/courses/SIO.html#sioc218,published snapshot FA26
https://catalog.ucsd.edu/courses/SIO.html#sioc218a,published snapshot SP25 | published snapshot SP26
https://catalog.ucsd.edu/courses/SIO.html#sioc219,published snapshot WI25
https://catalog.ucsd.edu/courses/SIO.html#sioc220,published snapshot SP26
https://catalog.ucsd.edu/courses/SIO.html#sioc221a,published snapshot FA24 | published snapshot FA25 | published snapshot FA26
https://catalog.ucsd.edu/courses/SIO.html#sioc221b,published snapshot WI25 | published snapshot WI26
https://catalog.ucsd.edu/courses/SIO.html#sioc222,published snapshot FA24 | published snapshot FA26
https://catalog.ucsd.edu/courses/SIO.html#sioc223,published snapshot FA26 | published snapshot WI25
https://catalog.ucsd.edu/courses/SIO.html#sioc228,published snapshot SP25 | published snapshot SP26
https://catalog.ucsd.edu/courses/SIO.html#sioc235,published snapshot SP25 | published snapshot SP26
https://catalog.ucsd.edu/courses/SIO.html#sioc237b,published snapshot WI25
https://catalog.ucsd.edu/courses/SIO.html#sioc250,published snapshot SP25
https://catalog.ucsd.edu/courses/SIO.html#sioc251,published snapshot SP26
https://catalog.ucsd.edu/courses/SIO.html#sioc290s,published snapshot S324 | published snapshot S325 | published snapshot S326
https://catalog.ucsd.edu/courses/SIO.html#sioc291s,published snapshot S324 | published snapshot S325 | published snapshot S326
https://catalog.ucsd.edu/courses/SIO.html#sioc296,published snapshot SP25 | published snapshot SP26 | published snapshot WI25 | published snapshot WI26
https://catalog.ucsd.edu/courses/SIO.html#sioc299,published snapshot FA25 | published snapshot SP25 | published snapshot SP26 | published snapshot WI26
https://catalog.ucsd.edu/courses/SIO.html#siog200a,published snapshot FA24 | published snapshot WI26
https://catalog.ucsd.edu/courses/SIO.html#siog200b,published snapshot FA26 | published snapshot SP25 | published snapshot SP26
https://catalog.ucsd.edu/courses/SIO.html#siog200c,published snapshot FA25 | published snapshot WI25
https://catalog.ucsd.edu/courses/SIO.html#siog224,published snapshot SP25
https://catalog.ucsd.edu/courses/SIO.html#siog225,published snapshot FA24 | published snapshot FA25 | published snapshot FA26
https://catalog.ucsd.edu/courses/SIO.html#siog227a,published snapshot WI25 | published snapshot WI26
https://catalog.ucsd.edu/courses/SIO.html#siog227b,published snapshot SP26
https://catalog.ucsd.edu/courses/SIO.html#siog227c,published snapshot SP25
https://catalog.ucsd.edu/courses/SIO.html#siog228,published snapshot FA24 | published snapshot FA25 | published snapshot FA26 | published snapshot SP25 | published snapshot SP26 | published snapshot WI25 | published snapshot WI26
https://catalog.ucsd.edu/courses/SIO.html#siog229,published snapshot WI25 | published snapshot WI26
https://catalog.ucsd.edu/courses/SIO.html#siog230,published snapshot SP25 | published snapshot SP26
https://catalog.ucsd.edu/courses/SIO.html#siog231,published snapshot WI26
https://catalog.ucsd.edu/courses/SIO.html#siog232,published snapshot SP25 | published snapshot SP26
https://catalog.ucsd.edu/courses/SIO.html#siog233,published snapshot FA24 | published snapshot SP26
https://catalog.ucsd.edu/courses/SIO.html#siog234,published snapshot WI25 | published snapshot WI26
https://catalog.ucsd.edu/courses/SIO.html#siog235,published snapshot WI26
https://catalog.ucsd.edu/courses/SIO.html#siog236,published snapshot SP25 | published snapshot SP26
https://catalog.ucsd.edu/courses/SIO.html#siog237,published snapshot WI25 | published snapshot WI26
https://catalog.ucsd.edu/courses/SIO.html#siog238,published snapshot FA24 | published snapshot FA25 | published snapshot FA26
https://catalog.ucsd.edu/courses/SIO.html#siog239,published snapshot FA24 | published snapshot FA25 | published snapshot SP25 | published snapshot SP26 | published snapshot WI25 | published snapshot WI26
https://catalog.ucsd.edu/courses/SIO.html#siog240,published snapshot FA24 | published snapshot FA25 | published snapshot FA26
https://catalog.ucsd.edu/courses/SIO.html#siog242,published snapshot SP26
https://catalog.ucsd.edu/courses/SIO.html#siog246,published snapshot WI26
https://catalog.ucsd.edu/courses/SIO.html#siog249,published snapshot FA24 | published snapshot FA25
https://catalog.ucsd.edu/courses/SIO.html#siog260,published snapshot WI25 | published snapshot WI26
https://catalog.ucsd.edu/courses/SIO.html#siog267,published snapshot FA24 | published snapshot FA25
https://catalog.ucsd.edu/courses/SIO.html#siog268,published snapshot SP25 | published snapshot SP26
https://catalog.ucsd.edu/courses/SIO.html#siog270,published snapshot SP26
https://catalog.ucsd.edu/courses/SIO.html#siog275,published snapshot SP26
https://catalog.ucsd.edu/courses/SIO.html#siog288,published snapshot FA25
https://catalog.ucsd.edu/courses/SOC.html,published snapshot FA25 | published snapshot WI25
https://catalog.ucsd.edu/courses/SOC.html#socg200,published snapshot FA24 | published snapshot FA25
https://catalog.ucsd.edu/courses/SOC.html#socg201,published snapshot FA24 | published snapshot FA25 | published snapshot WI26
https://catalog.ucsd.edu/courses/SOC.html#socg202,published snapshot SP26 | published snapshot WI25
https://catalog.ucsd.edu/courses/SOC.html#socg203,published snapshot FA25 | published snapshot WI25
https://catalog.ucsd.edu/courses/SOC.html#socg204,published snapshot SP25 | published snapshot WI26
https://catalog.ucsd.edu/courses/SOC.html#socg205,published snapshot WI25 | published snapshot WI26
https://catalog.ucsd.edu/courses/SOC.html#socg206,published snapshot SP25 | published snapshot SP26
https://catalog.ucsd.edu/courses/SOC.html#socg207,published snapshot FA25
https://catalog.ucsd.edu/courses/SOC.html#socg208a,published snapshot FA24 | published snapshot FA25
https://catalog.ucsd.edu/courses/SOC.html#socg208b,published snapshot WI25 | published snapshot WI26
https://catalog.ucsd.edu/courses/SOC.html#socg209,published snapshot WI25 | published snapshot WI26
https://catalog.ucsd.edu/courses/SOC.html#socg214,published snapshot FA24 | published snapshot SP26
https://catalog.ucsd.edu/courses/SOC.html#socg216,published snapshot FA24
https://catalog.ucsd.edu/courses/SOC.html#socg226,published snapshot FA24 | published snapshot FA25 | published snapshot FA26
https://catalog.ucsd.edu/courses/SOC.html#socg227,published snapshot FA24 | published snapshot FA25 | published snapshot FA26
https://catalog.ucsd.edu/courses/SOC.html#socg230,published snapshot WI26
https://catalog.ucsd.edu/courses/SOC.html#socg234,published snapshot FA24
https://catalog.ucsd.edu/courses/SOC.html#socg244,published snapshot FA25
https://catalog.ucsd.edu/courses/SOC.html#socg246,published snapshot SP25
https://catalog.ucsd.edu/courses/SOC.html#socg247,published snapshot WI25
https://catalog.ucsd.edu/courses/SOC.html#socg252,published snapshot FA24 | published snapshot FA25 | published snapshot FA26
https://catalog.ucsd.edu/courses/SOC.html#socg253,published snapshot FA25 | published snapshot FA26 | published snapshot WI25
https://catalog.ucsd.edu/courses/SOC.html#socg255a,published snapshot FA24 | published snapshot FA25
https://catalog.ucsd.edu/courses/SOC.html#socg255b,published snapshot SP25 | published snapshot SP26
https://catalog.ucsd.edu/courses/SOC.html#socg255c,published snapshot FA24 | published snapshot FA25 | published snapshot FA26 | published snapshot SP25 | published snapshot SP26 | published snapshot WI25 | published snapshot WI26
https://catalog.ucsd.edu/courses/SOC.html#socg255d,published snapshot WI25 | published snapshot WI26
https://catalog.ucsd.edu/courses/SOC.html#socg263,published snapshot SP25
https://catalog.ucsd.edu/courses/SOC.html#socg264,published snapshot SP26
https://catalog.ucsd.edu/courses/SOC.html#socg267,published snapshot SP26
https://catalog.ucsd.edu/courses/SOC.html#socg278,published snapshot SP25 | published snapshot WI26
https://catalog.ucsd.edu/courses/SOC.html#socg280,published snapshot SP25
https://catalog.ucsd.edu/courses/SOC.html#socg282,published snapshot SP26
https://catalog.ucsd.edu/courses/SOC.html#socg284,published snapshot WI25
https://catalog.ucsd.edu/courses/SOC.html#socg290,published snapshot FA26 | published snapshot SP25 | published snapshot WI25
https://catalog.ucsd.edu/courses/SOC.html#socg298,published snapshot FA24 | published snapshot FA25 | published snapshot FA26 | published snapshot SP25 | published snapshot SP26 | published snapshot WI25 | published snapshot WI26
https://catalog.ucsd.edu/courses/SOC.html#socg299,published snapshot FA24 | published snapshot FA25 | published snapshot FA26 | published snapshot S324 | published snapshot SP25 | published snapshot SP26 | published snapshot WI25 | published snapshot WI26
https://catalog.ucsd.edu/courses/SOC.html#socg500,published snapshot FA24 | published snapshot FA25 | published snapshot SP25 | published snapshot SP26 | published snapshot WI25 | published snapshot WI26
https://catalog.ucsd.edu/courses/SOC.html#soci1,published snapshot FA24 | published snapshot FA25 | published snapshot FA26 | published snapshot S125 | published snapshot S225 | published snapshot WI25 | published snapshot WI26
https://catalog.ucsd.edu/courses/SOC.html#soci10,published snapshot SP25 | published snapshot SP26 | published snapshot WI26
https://catalog.ucsd.edu/courses/SOC.html#soci100,published snapshot FA24 | published snapshot FA25 | published snapshot FA26 | published snapshot S125 | published snapshot S126 | published snapshot S226 | published snapshot SP25 | published snapshot SP26 | published snapshot WI25 | published snapshot WI26
https://catalog.ucsd.edu/courses/SOC.html#soci103m,published snapshot FA24 | published snapshot FA25 | published snapshot SP25 | published snapshot SP26 | published snapshot WI25
https://catalog.ucsd.edu/courses/SOC.html#soci104,published snapshot FA24 | published snapshot FA25 | published snapshot FA26 | published snapshot S125 | published snapshot SP25 | published snapshot SP26 | published snapshot WI25 | published snapshot WI26
https://catalog.ucsd.edu/courses/SOC.html#soci104q,published snapshot FA24 | published snapshot FA25 | published snapshot FA26 | published snapshot S224 | published snapshot S225 | published snapshot WI26
https://catalog.ucsd.edu/courses/SOC.html#soci105,published snapshot FA24 | published snapshot FA25 | published snapshot FA26
https://catalog.ucsd.edu/courses/SOC.html#soci106,published snapshot S224 | published snapshot S225 | published snapshot SP25 | published snapshot WI25 | published snapshot WI26
https://catalog.ucsd.edu/courses/SOC.html#soci108,published snapshot S125
https://catalog.ucsd.edu/courses/SOC.html#soci109,published snapshot FA24 | published snapshot FA25 | published snapshot SP25 | published snapshot WI25 | published snapshot WI26
https://catalog.ucsd.edu/courses/SOC.html#soci109m,published snapshot WI26
https://catalog.ucsd.edu/courses/SOC.html#soci110,published snapshot FA24 | published snapshot S225
https://catalog.ucsd.edu/courses/SOC.html#soci111,published snapshot S125 | published snapshot S224 | published snapshot SP25 | published snapshot WI26
https://catalog.ucsd.edu/courses/SOC.html#soci111t,published snapshot SP25
https://catalog.ucsd.edu/courses/SOC.html#soci112,published snapshot FA25 | published snapshot FA26 | published snapshot S126 | published snapshot S225 | published snapshot SP25
https://catalog.ucsd.edu/courses/SOC.html#soci113,published snapshot FA25 | published snapshot SP25
https://catalog.ucsd.edu/courses/SOC.html#soci114,published snapshot FA24 | published snapshot S125 | published snapshot S226 | published snapshot WI26
https://catalog.ucsd.edu/courses/SOC.html#soci115,published snapshot S224 | published snapshot S225 | published snapshot S226 | published snapshot SP25 | published snapshot WI26
https://catalog.ucsd.edu/courses/SOC.html#soci117,published snapshot FA24 | published snapshot FA25 | published snapshot FA26 | published snapshot S125 | published snapshot S126 | published snapshot S224 | published snapshot S225 | published snapshot S226 | published snapshot S324 | published snapshot S325 | published snapshot S326 | published snapshot SP25 | published snapshot WI25
https://catalog.ucsd.edu/courses/SOC.html#soci118,published snapshot FA24 | published snapshot S125 | published snapshot WI25
https://catalog.ucsd.edu/courses/SOC.html#soci118e,published snapshot S125 | published snapshot S225
https://catalog.ucsd.edu/courses/SOC.html#soci119,published snapshot SP25 | published snapshot WI25
https://catalog.ucsd.edu/courses/SOC.html#soci120t,published snapshot FA24 | published snapshot FA26 | published snapshot WI25
https://catalog.ucsd.edu/courses/SOC.html#soci121,published snapshot S225 | published snapshot S226
https://catalog.ucsd.edu/courses/SOC.html#soci121r,published snapshot S224
https://catalog.ucsd.edu/courses/SOC.html#soci122,published snapshot FA24 | published snapshot FA25 | published snapshot FA26 | published snapshot S125
https://catalog.ucsd.edu/courses/SOC.html#soci123,published snapshot FA24 | published snapshot FA26
https://catalog.ucsd.edu/courses/SOC.html#soci124,published snapshot WI25
https://catalog.ucsd.edu/courses/SOC.html#soci125,published snapshot FA24 | published snapshot FA26 | published snapshot S125 | published snapshot S126 | published snapshot WI25
https://catalog.ucsd.edu/courses/SOC.html#soci125c,published snapshot SP25
https://catalog.ucsd.edu/courses/SOC.html#soci125m,published snapshot SP25
https://catalog.ucsd.edu/courses/SOC.html#soci126,published snapshot FA26 | published snapshot S125 | published snapshot S126 | published snapshot S224 | published snapshot S225 | published snapshot SP25 | published snapshot WI25
https://catalog.ucsd.edu/courses/SOC.html#soci127,published snapshot FA24 | published snapshot S125 | published snapshot S224 | published snapshot S225 | published snapshot S226 | published snapshot WI25
https://catalog.ucsd.edu/courses/SOC.html#soci129,published snapshot FA24 | published snapshot FA25 | published snapshot SP25
https://catalog.ucsd.edu/courses/SOC.html#soci130e,published snapshot S125 | published snapshot WI25
https://catalog.ucsd.edu/courses/SOC.html#soci131,published snapshot FA24 | published snapshot S225
https://catalog.ucsd.edu/courses/SOC.html#soci132,published snapshot FA24 | published snapshot S125 | published snapshot SP25
https://catalog.ucsd.edu/courses/SOC.html#soci133,published snapshot SP25
https://catalog.ucsd.edu/courses/SOC.html#soci133e,published snapshot WI25
https://catalog.ucsd.edu/courses/SOC.html#soci134,published snapshot FA26 | published snapshot SP25
https://catalog.ucsd.edu/courses/SOC.html#soci135,published snapshot FA24 | published snapshot FA25 | published snapshot FA26 | published snapshot S126 | published snapshot S225 | published snapshot S226 | published snapshot SP25 | published snapshot WI25
https://catalog.ucsd.edu/courses/SOC.html#soci136,published snapshot FA24
https://catalog.ucsd.edu/courses/SOC.html#soci136e,published snapshot WI25
https://catalog.ucsd.edu/courses/SOC.html#soci136f,published snapshot FA25 | published snapshot WI25
https://catalog.ucsd.edu/courses/SOC.html#soci137,published snapshot FA24 | published snapshot FA25 | published snapshot FA26
https://catalog.ucsd.edu/courses/SOC.html#soci138,published snapshot FA24 | published snapshot FA25 | published snapshot FA26 | published snapshot S226 | published snapshot SP25
https://catalog.ucsd.edu/courses/SOC.html#soci138gs,published snapshot S125 | published snapshot S126
https://catalog.ucsd.edu/courses/SOC.html#soci139,published snapshot FA24 | published snapshot S225 | published snapshot SP25
https://catalog.ucsd.edu/courses/SOC.html#soci139a,published snapshot SP25
https://catalog.ucsd.edu/courses/SOC.html#soci140,published snapshot FA24 | published snapshot FA25 | published snapshot FA26 | published snapshot WI25
https://catalog.ucsd.edu/courses/SOC.html#soci140a,published snapshot SP25
https://catalog.ucsd.edu/courses/SOC.html#soci140j,published snapshot SP25
https://catalog.ucsd.edu/courses/SOC.html#soci140k,published snapshot FA25 | published snapshot FA26
https://catalog.ucsd.edu/courses/SOC.html#soci141,published snapshot FA24 | published snapshot FA26
https://catalog.ucsd.edu/courses/SOC.html#soci142,published snapshot FA25 | published snapshot FA26 | published snapshot WI25
https://catalog.ucsd.edu/courses/SOC.html#soci143v,published snapshot FA24 | published snapshot FA25 | published snapshot FA26
https://catalog.ucsd.edu/courses/SOC.html#soci145,published snapshot FA26 | published snapshot S125
https://catalog.ucsd.edu/courses/SOC.html#soci146,published snapshot FA24
https://catalog.ucsd.edu/courses/SOC.html#soci148,published snapshot FA24 | published snapshot FA25 | published snapshot FA26 | published snapshot S125 | published snapshot S126 | published snapshot S224 | published snapshot SP25 | published snapshot WI25
https://catalog.ucsd.edu/courses/SOC.html#soci148e,published snapshot FA25 | published snapshot S224 | published snapshot S225 | published snapshot WI25
https://catalog.ucsd.edu/courses/SOC.html#soci148gs,published snapshot S126
https://catalog.ucsd.edu/courses/SOC.html#soci149,published snapshot S226 | published snapshot WI25
https://catalog.ucsd.edu/courses/SOC.html#soci150,published snapshot FA25 | published snapshot FA26 | published snapshot S225 | published snapshot SP25 | published snapshot WI25
https://catalog.ucsd.edu/courses/SOC.html#soci151,published snapshot SP25
https://catalog.ucsd.edu/courses/SOC.html#soci153,published snapshot FA24 | published snapshot FA25
https://catalog.ucsd.edu/courses/SOC.html#soci154,published snapshot WI25
https://catalog.ucsd.edu/courses/SOC.html#soci156,published snapshot FA26 | published snapshot SP25
https://catalog.ucsd.edu/courses/SOC.html#soci157,published snapshot S224 | published snapshot S225 | published snapshot SP25
https://catalog.ucsd.edu/courses/SOC.html#soci158,published snapshot SP25
https://catalog.ucsd.edu/courses/SOC.html#soci159,published snapshot WI25
https://catalog.ucsd.edu/courses/SOC.html#soci160,published snapshot FA24 | published snapshot S224 | published snapshot S225 | published snapshot SP25 | published snapshot WI25
https://catalog.ucsd.edu/courses/SOC.html#soci160e,published snapshot S125 | published snapshot S126
https://catalog.ucsd.edu/courses/SOC.html#soci161,published snapshot SP25 | published snapshot WI25
https://catalog.ucsd.edu/courses/SOC.html#soci162,published snapshot S226 | published snapshot WI25
https://catalog.ucsd.edu/courses/SOC.html#soci163,published snapshot FA24
https://catalog.ucsd.edu/courses/SOC.html#soci165,published snapshot FA24
https://catalog.ucsd.edu/courses/SOC.html#soci166,published snapshot FA24 | published snapshot FA25
https://catalog.ucsd.edu/courses/SOC.html#soci168,published snapshot S224 | published snapshot SP25
https://catalog.ucsd.edu/courses/SOC.html#soci168e,published snapshot SP25
https://catalog.ucsd.edu/courses/SOC.html#soci168g,published snapshot FA24
https://catalog.ucsd.edu/courses/SOC.html#soci169,published snapshot WI25
https://catalog.ucsd.edu/courses/SOC.html#soci171,published snapshot WI25
https://catalog.ucsd.edu/courses/SOC.html#soci172,published snapshot FA25 | published snapshot S224
https://catalog.ucsd.edu/courses/SOC.html#soci173,published snapshot FA24 | published snapshot FA25 | published snapshot FA26 | published snapshot WI25
https://catalog.ucsd.edu/courses/SOC.html#soci174,published snapshot SP25
https://catalog.ucsd.edu/courses/SOC.html#soci175,published snapshot S125 | published snapshot WI25
https://catalog.ucsd.edu/courses/SOC.html#soci180,published snapshot FA25 | published snapshot FA26 | published snapshot WI25
https://catalog.ucsd.edu/courses/SOC.html#soci183,published snapshot WI25
https://catalog.ucsd.edu/courses/SOC.html#soci184,published snapshot FA24 | published snapshot FA25 | published snapshot S125 | published snapshot S126
https://catalog.ucsd.edu/courses/SOC.html#soci185,published snapshot FA24
https://catalog.ucsd.edu/courses/SOC.html#soci187,published snapshot FA26
https://catalog.ucsd.edu/courses/SOC.html#soci188,published snapshot WI25
https://catalog.ucsd.edu/courses/SOC.html#soci188d,published snapshot FA26
https://catalog.ucsd.edu/courses/SOC.html#soci188e,published snapshot FA26 | published snapshot S224 | published snapshot WI25
https://catalog.ucsd.edu/courses/SOC.html#soci188j,published snapshot S224
https://catalog.ucsd.edu/courses/SOC.html#soci196a,published snapshot FA24 | published snapshot FA25
https://catalog.ucsd.edu/courses/SOC.html#soci196b,published snapshot WI25
https://catalog.ucsd.edu/courses/SOC.html#soci198,published snapshot FA24
https://catalog.ucsd.edu/courses/SOC.html#soci198ra,published snapshot SP25 | published snapshot WI25
https://catalog.ucsd.edu/courses/SOC.html#soci199,published snapshot S324 | published snapshot S325 | published snapshot S326 | published snapshot SP25
https://catalog.ucsd.edu/courses/SOC.html#soci2,published snapshot S125 | published snapshot S126 | published snapshot S224 | published snapshot S225 | published snapshot SP25 | published snapshot SP26 | published snapshot WI25 | published snapshot WI26
https://catalog.ucsd.edu/courses/SOC.html#soci20,published snapshot S225 | published snapshot SP25 | published snapshot SP26 | published snapshot WI25 | published snapshot WI26
https://catalog.ucsd.edu/courses/SOC.html#soci30,published snapshot FA24 | published snapshot FA25 | published snapshot FA26 | published snapshot S224 | published snapshot S225 | published snapshot SP26
https://catalog.ucsd.edu/courses/SOC.html#soci40,published snapshot FA24 | published snapshot S125 | published snapshot S126 | published snapshot S224 | published snapshot S225 | published snapshot SP26 | published snapshot WI26
https://catalog.ucsd.edu/courses/SOC.html#soci50,published snapshot FA26 | published snapshot WI26
https://catalog.ucsd.edu/courses/SOC.html#soci60,published snapshot FA24 | published snapshot FA25 | published snapshot FA26 | published snapshot S125 | published snapshot S226 | published snapshot SP25 | published snapshot SP26 | published snapshot WI25 | published snapshot WI26
https://catalog.ucsd.edu/courses/SOC.html#soci70,published snapshot FA25 | published snapshot S125 | published snapshot WI25 | published snapshot WI26
https://catalog.ucsd.edu/courses/SOC.html#soci88,published snapshot FA25 | published snapshot WI26
https://catalog.ucsd.edu/courses/SYN.html#syn1,published snapshot S125 | published snapshot S225 | published snapshot SP25 | published snapshot SP26 | published snapshot WI25 | published snapshot WI26
https://catalog.ucsd.edu/courses/SYN.html#syn100,published snapshot FA24 | published snapshot FA25 | published snapshot FA26 | published snapshot S125 | published snapshot S126 | published snapshot S224 | published snapshot S225 | published snapshot S226 | published snapshot SP25 | published snapshot SP26 | published snapshot WI25 | published snapshot WI26
https://catalog.ucsd.edu/courses/SYN.html#syn100gs,published snapshot S125
https://catalog.ucsd.edu/courses/SYN.html#syn150,published snapshot FA24 | published snapshot FA25 | published snapshot FA26 | published snapshot S224 | published snapshot SP25 | published snapshot WI25 | published snapshot WI26
https://catalog.ucsd.edu/courses/SYN.html#syn150r,published snapshot FA24 | published snapshot FA25 | published snapshot S125 | published snapshot WI25 | published snapshot WI26
https://catalog.ucsd.edu/courses/SYN.html#syn199,published snapshot FA24 | published snapshot SP26 | published snapshot WI26
https://catalog.ucsd.edu/courses/SYN.html#syn1r,published snapshot S125 | published snapshot S126 | published snapshot SP26 | published snapshot WI25 | published snapshot WI26
https://catalog.ucsd.edu/courses/SYN.html#syn2,published snapshot FA24 | published snapshot FA25 | published snapshot FA26 | published snapshot S125 | published snapshot S126 | published snapshot S224 | published snapshot WI25 | published snapshot WI26
https://catalog.ucsd.edu/courses/SYN.html#syn2r,published snapshot FA24 | published snapshot FA25 | published snapshot S125 | published snapshot S126 | published snapshot S224 | published snapshot S225 | published snapshot S226 | published snapshot WI25 | published snapshot WI26
https://catalog.ucsd.edu/courses/SYN.html#syn500,published snapshot FA24
https://catalog.ucsd.edu/courses/THEA.html,published snapshot FA24 | published snapshot FA25 | published snapshot FA26 | published snapshot S125 | published snapshot S126 | published snapshot S225 | published snapshot SP26 | published snapshot WI25 | published snapshot WI26
https://catalog.ucsd.edu/courses/THEA.html#tdac1,published snapshot FA24 | published snapshot FA25 | published snapshot FA26 | published snapshot S125 | published snapshot S126 | published snapshot S224 | published snapshot S225 | published snapshot S226 | published snapshot SP25 | published snapshot SP26 | published snapshot WI25 | published snapshot WI26
https://catalog.ucsd.edu/courses/THEA.html#tdac101,published snapshot FA24 | published snapshot FA25 | published snapshot FA26 | published snapshot S224 | published snapshot S225 | published snapshot SP25 | published snapshot SP26 | published snapshot WI25 | published snapshot WI26
https://catalog.ucsd.edu/courses/THEA.html#tdac102,published snapshot FA24 | published snapshot FA25 | published snapshot SP25 | published snapshot SP26 | published snapshot WI25
https://catalog.ucsd.edu/courses/THEA.html#tdac104,published snapshot FA24 | published snapshot FA25 | published snapshot FA26
https://catalog.ucsd.edu/courses/THEA.html#tdac105,published snapshot SP25
https://catalog.ucsd.edu/courses/THEA.html#tdac106,published snapshot FA24 | published snapshot FA26
https://catalog.ucsd.edu/courses/THEA.html#tdac107,published snapshot FA25
https://catalog.ucsd.edu/courses/THEA.html#tdac108,published snapshot FA24 | published snapshot FA25 | published snapshot FA26 | published snapshot SP25 | published snapshot SP26 | published snapshot WI25 | published snapshot WI26
https://catalog.ucsd.edu/courses/THEA.html#tdac109,published snapshot S224 | published snapshot SP25 | published snapshot SP26
https://catalog.ucsd.edu/courses/THEA.html#tdac111,published snapshot WI25 | published snapshot WI26
https://catalog.ucsd.edu/courses/THEA.html#tdac115,published snapshot FA25 | published snapshot FA26 | published snapshot WI25
https://catalog.ucsd.edu/courses/THEA.html#tdac120,published snapshot FA24 | published snapshot WI26
https://catalog.ucsd.edu/courses/THEA.html#tdac122,published snapshot FA24 | published snapshot FA25 | published snapshot FA26 | published snapshot SP25 | published snapshot SP26 | published snapshot WI25 | published snapshot WI26
https://catalog.ucsd.edu/courses/THEA.html#tdac123,published snapshot FA24 | published snapshot FA25 | published snapshot SP26 | published snapshot WI26
https://catalog.ucsd.edu/courses/THEA.html#tdde1,published snapshot FA24 | published snapshot FA25 | published snapshot FA26 | published snapshot S226 | published snapshot WI25 | published snapshot WI26
https://catalog.ucsd.edu/courses/THEA.html#tdde101,published snapshot SP25 | published snapshot SP26
https://catalog.ucsd.edu/courses/THEA.html#tdde111,published snapshot FA26 | published snapshot S125 | published snapshot WI25 | published snapshot WI26
https://catalog.ucsd.edu/courses/THEA.html#tdde121,published snapshot SP25 | published snapshot WI26
https://catalog.ucsd.edu/courses/THEA.html#tdde130,published snapshot FA24 | published snapshot FA25 | published snapshot FA26 | published snapshot SP25 | published snapshot SP26 | published snapshot WI25 | published snapshot WI26
https://catalog.ucsd.edu/courses/THEA.html#tdde131,published snapshot FA24 | published snapshot FA25 | published snapshot FA26 | published snapshot S224 | published snapshot S225 | published snapshot SP25 | published snapshot SP26
https://catalog.ucsd.edu/courses/THEA.html#tdde132,published snapshot FA24 | published snapshot FA25 | published snapshot FA26 | published snapshot SP25 | published snapshot SP26 | published snapshot WI25 | published snapshot WI26
https://catalog.ucsd.edu/courses/THEA.html#tdde141,published snapshot FA24 | published snapshot FA25
https://catalog.ucsd.edu/courses/THEA.html#tdde151,published snapshot FA24
https://catalog.ucsd.edu/courses/THEA.html#tdde169a,published snapshot WI26
https://catalog.ucsd.edu/courses/THEA.html#tddm1,published snapshot FA24 | published snapshot FA25 | published snapshot FA26 | published snapshot S125 | published snapshot S225 | published snapshot SP25 | published snapshot WI25 | published snapshot WI26
https://catalog.ucsd.edu/courses/THEA.html#tddm100,published snapshot FA25 | published snapshot SP25 | published snapshot WI26
https://catalog.ucsd.edu/courses/THEA.html#tddm101,published snapshot SP26 | published snapshot WI25
https://catalog.ucsd.edu/courses/THEA.html#tddm5,published snapshot FA24 | published snapshot SP26
https://catalog.ucsd.edu/courses/THEA.html#tddr101,published snapshot FA24 | published snapshot FA25 | published snapshot FA26 | published snapshot SP26 | published snapshot WI25 | published snapshot WI26
https://catalog.ucsd.edu/courses/THEA.html#tddr102,published snapshot FA25 | published snapshot SP25 | published snapshot WI25 | published snapshot WI26
https://catalog.ucsd.edu/courses/THEA.html#tddr108,published snapshot FA26 | published snapshot SP25
https://catalog.ucsd.edu/courses/THEA.html#tddr111,published snapshot FA24 | published snapshot FA25 | published snapshot SP25 | published snapshot SP26 | published snapshot WI26
https://catalog.ucsd.edu/courses/THEA.html#tddr190,published snapshot FA24 | published snapshot FA25 | published snapshot FA26 | published snapshot SP25 | published snapshot SP26 | published snapshot WI25 | published snapshot WI26
https://catalog.ucsd.edu/courses/THEA.html#tdge1,published snapshot FA24 | published snapshot FA25 | published snapshot FA26 | published snapshot S125 | published snapshot S126 | published snapshot SP25 | published snapshot SP26 | published snapshot WI25 | published snapshot WI26
https://catalog.ucsd.edu/courses/THEA.html#tdge10,published snapshot FA24 | published snapshot FA25 | published snapshot FA26 | published snapshot S125 | published snapshot S126 | published snapshot S224 | published snapshot S226
https://catalog.ucsd.edu/courses/THEA.html#tdge100,published snapshot SP25 | published snapshot WI26
https://catalog.ucsd.edu/courses/THEA.html#tdge11,published snapshot FA24 | published snapshot FA25 | published snapshot FA26 | published snapshot S125 | published snapshot S126 | published snapshot S224 | published snapshot S225 | published snapshot S226 | published snapshot SP25 | published snapshot SP26 | published snapshot WI25 | published snapshot WI26
https://catalog.ucsd.edu/courses/THEA.html#tdge124,published snapshot FA24 | published snapshot FA25 | published snapshot FA26 | published snapshot S125 | published snapshot S126 | published snapshot S224 | published snapshot S225 | published snapshot S226 | published snapshot SP25 | published snapshot SP26 | published snapshot WI25 | published snapshot WI26
https://catalog.ucsd.edu/courses/THEA.html#tdge125,published snapshot FA24 | published snapshot FA26 | published snapshot S125 | published snapshot S126 | published snapshot S224 | published snapshot S226 | published snapshot SP25 | published snapshot SP26 | published snapshot WI26
https://catalog.ucsd.edu/courses/THEA.html#tdge127,published snapshot S125 | published snapshot S126 | published snapshot S224 | published snapshot S226 | published snapshot WI25 | published snapshot WI26
https://catalog.ucsd.edu/courses/THEA.html#tdge131,published snapshot WI25
https://catalog.ucsd.edu/courses/THEA.html#tdge131r,published snapshot S126 | published snapshot S225 | published snapshot SP26
https://catalog.ucsd.edu/courses/THEA.html#tdge133,published snapshot FA25
https://catalog.ucsd.edu/courses/THEA.html#tdge196a,published snapshot WI25 | published snapshot WI26
https://catalog.ucsd.edu/courses/THEA.html#tdge196b,published snapshot SP25 | published snapshot SP26
https://catalog.ucsd.edu/courses/THEA.html#tdge199,published snapshot FA24 | published snapshot FA25 | published snapshot FA26 | published snapshot SP25 | published snapshot SP26 | published snapshot WI25 | published snapshot WI26
https://catalog.ucsd.edu/courses/THEA.html#tdge25,published snapshot FA24 | published snapshot FA25 | published snapshot FA26 | published snapshot S125 | published snapshot S126 | published snapshot S224 | published snapshot S225 | published snapshot S226 | published snapshot SP25 | published snapshot SP26 | published snapshot WI25 | published snapshot WI26
https://catalog.ucsd.edu/courses/THEA.html#tdge40,published snapshot FA26 | published snapshot S225 | published snapshot SP25
https://catalog.ucsd.edu/courses/THEA.html#tdge87,published snapshot FA24 | published snapshot WI25 | published snapshot WI26
https://catalog.ucsd.edu/courses/THEA.html#tdgr201,published snapshot FA25
https://catalog.ucsd.edu/courses/THEA.html#tdgr207,published snapshot FA24
https://catalog.ucsd.edu/courses/THEA.html#tdgr210a,published snapshot FA25
https://catalog.ucsd.edu/courses/THEA.html#tdgr210b,published snapshot WI25 | published snapshot WI26
https://catalog.ucsd.edu/courses/THEA.html#tdgr210c,published snapshot SP26
https://catalog.ucsd.edu/courses/THEA.html#tdgr212,published snapshot FA24 | published snapshot FA25 | published snapshot FA26 | published snapshot SP25 | published snapshot SP26 | published snapshot WI25 | published snapshot WI26
https://catalog.ucsd.edu/courses/THEA.html#tdgr213a,published snapshot FA25
https://catalog.ucsd.edu/courses/THEA.html#tdgr213b,published snapshot WI26
https://catalog.ucsd.edu/courses/THEA.html#tdgr219,published snapshot FA24 | published snapshot FA25 | published snapshot FA26 | published snapshot SP25 | published snapshot SP26 | published snapshot WI25 | published snapshot WI26
https://catalog.ucsd.edu/courses/THEA.html#tdgr220a,published snapshot FA24 | published snapshot FA26
https://catalog.ucsd.edu/courses/THEA.html#tdgr221a,published snapshot FA24 | published snapshot FA26 | published snapshot WI25
https://catalog.ucsd.edu/courses/THEA.html#tdgr221b,published snapshot SP25
https://catalog.ucsd.edu/courses/THEA.html#tdgr223a,published snapshot FA24 | published snapshot FA26
https://catalog.ucsd.edu/courses/THEA.html#tdgr223b,published snapshot WI25
https://catalog.ucsd.edu/courses/THEA.html#tdgr224a,published snapshot FA24 | published snapshot FA26
https://catalog.ucsd.edu/courses/THEA.html#tdgr224b,published snapshot WI25
https://catalog.ucsd.edu/courses/THEA.html#tdgr225a,published snapshot FA24 | published snapshot FA26
https://catalog.ucsd.edu/courses/THEA.html#tdgr225b,published snapshot WI25
https://catalog.ucsd.edu/courses/THEA.html#tdgr229,published snapshot FA24 | published snapshot FA25 | published snapshot FA26 | published snapshot SP25 | published snapshot SP26 | published snapshot WI25 | published snapshot WI26
https://catalog.ucsd.edu/courses/THEA.html#tdgr231a,published snapshot FA25 | published snapshot WI26
https://catalog.ucsd.edu/courses/THEA.html#tdgr233,published snapshot FA25 | published snapshot SP25 | published snapshot WI26
https://catalog.ucsd.edu/courses/THEA.html#tdgr235,published snapshot FA25 | published snapshot WI26
https://catalog.ucsd.edu/courses/THEA.html#tdgr239,published snapshot FA25 | published snapshot FA26 | published snapshot SP26 | published snapshot WI26
https://catalog.ucsd.edu/courses/THEA.html#tdgr240,published snapshot FA24 | published snapshot FA25 | published snapshot FA26
https://catalog.ucsd.edu/courses/THEA.html#tdgr245,published snapshot FA24 | published snapshot FA25 | published snapshot FA26 | published snapshot SP25 | published snapshot SP26 | published snapshot WI25 | published snapshot WI26
https://catalog.ucsd.edu/courses/THEA.html#tdgr250,published snapshot FA24 | published snapshot FA25 | published snapshot FA26 | published snapshot SP25 | published snapshot SP26 | published snapshot WI25 | published snapshot WI26
https://catalog.ucsd.edu/courses/THEA.html#tdgr251,published snapshot FA24 | published snapshot FA25 | published snapshot FA26 | published snapshot SP25 | published snapshot SP26 | published snapshot WI25 | published snapshot WI26
https://catalog.ucsd.edu/courses/THEA.html#tdgr254,published snapshot FA26 | published snapshot SP26 | published snapshot WI26
https://catalog.ucsd.edu/courses/THEA.html#tdgr257a,published snapshot SP25 | published snapshot WI25
https://catalog.ucsd.edu/courses/THEA.html#tdgr262,published snapshot FA24 | published snapshot WI25
https://catalog.ucsd.edu/courses/THEA.html#tdgr268,published snapshot WI26
https://catalog.ucsd.edu/courses/THEA.html#tdgr269a,published snapshot WI25
https://catalog.ucsd.edu/courses/THEA.html#tdgr270a,published snapshot FA24 | published snapshot FA26
https://catalog.ucsd.edu/courses/THEA.html#tdgr270b,published snapshot FA24
https://catalog.ucsd.edu/courses/THEA.html#tdgr270c,published snapshot WI25
https://catalog.ucsd.edu/courses/THEA.html#tdgr270d,published snapshot WI25
https://catalog.ucsd.edu/courses/THEA.html#tdgr271,published snapshot FA24
https://catalog.ucsd.edu/courses/THEA.html#tdgr274,published snapshot FA24 | published snapshot FA25 | published snapshot FA26 | published snapshot WI25 | published snapshot WI26
https://catalog.ucsd.edu/courses/THEA.html#tdgr275,published snapshot FA24 | published snapshot FA25 | published snapshot FA26 | published snapshot WI25 | published snapshot WI26
https://catalog.ucsd.edu/courses/THEA.html#tdgr276,published snapshot FA24 | published snapshot FA25 | published snapshot FA26 | published snapshot WI25 | published snapshot WI26
https://catalog.ucsd.edu/courses/THEA.html#tdgr278,published snapshot FA24 | published snapshot FA25 | published snapshot FA26 | published snapshot SP25 | published snapshot WI25 | published snapshot WI26
https://catalog.ucsd.edu/courses/THEA.html#tdgr279,published snapshot FA24 | published snapshot FA25 | published snapshot FA26 | published snapshot SP25 | published snapshot SP26 | published snapshot WI25 | published snapshot WI26
https://catalog.ucsd.edu/courses/THEA.html#tdgr280a,published snapshot FA26
https://catalog.ucsd.edu/courses/THEA.html#tdgr286,published snapshot FA24 | published snapshot WI25
https://catalog.ucsd.edu/courses/THEA.html#tdgr288,published snapshot FA24 | published snapshot FA26 | published snapshot WI25
https://catalog.ucsd.edu/courses/THEA.html#tdgr289,published snapshot FA25 | published snapshot FA26
https://catalog.ucsd.edu/courses/THEA.html#tdgr289b,published snapshot FA24
https://catalog.ucsd.edu/courses/THEA.html#tdgr291,published snapshot WI26
https://catalog.ucsd.edu/courses/THEA.html#tdgr292,published snapshot FA24 | published snapshot FA25 | published snapshot FA26 | published snapshot SP25 | published snapshot SP26 | published snapshot WI25 | published snapshot WI26
https://catalog.ucsd.edu/courses/THEA.html#tdgr293,published snapshot FA24 | published snapshot FA26 | published snapshot SP25 | published snapshot SP26 | published snapshot WI25 | published snapshot WI26
https://catalog.ucsd.edu/courses/THEA.html#tdgr294,published snapshot FA24 | published snapshot SP26
https://catalog.ucsd.edu/courses/THEA.html#tdgr295,published snapshot FA25 | published snapshot FA26 | published snapshot WI26
https://catalog.ucsd.edu/courses/THEA.html#tdgr296,published snapshot FA24 | published snapshot FA25 | published snapshot FA26 | published snapshot SP25 | published snapshot SP26 | published snapshot WI25 | published snapshot WI26
https://catalog.ucsd.edu/courses/THEA.html#tdgr297,published snapshot FA24 | published snapshot FA25 | published snapshot FA26 | published snapshot WI25
https://catalog.ucsd.edu/courses/THEA.html#tdgr299,published snapshot FA24 | published snapshot FA26 | published snapshot SP25 | published snapshot SP26 | published snapshot WI25 | published snapshot WI26
https://catalog.ucsd.edu/courses/THEA.html#tdgr500,published snapshot FA24 | published snapshot FA25 | published snapshot FA26 | published snapshot SP25 | published snapshot SP26 | published snapshot WI25 | published snapshot WI26
https://catalog.ucsd.edu/courses/THEA.html#tdhd175,published snapshot FA26 | published snapshot SP25
https://catalog.ucsd.edu/courses/THEA.html#tdhd176,published snapshot SP26 | published snapshot WI25
https://catalog.ucsd.edu/courses/THEA.html#tdhd20,published snapshot WI25 | published snapshot WI26
https://catalog.ucsd.edu/courses/THEA.html#tdhd21,published snapshot FA24
https://catalog.ucsd.edu/courses/THEA.html#tdht10,published snapshot FA24 | published snapshot FA25 | published snapshot FA26 | published snapshot SP25 | published snapshot SP26 | published snapshot WI25 | published snapshot WI26
https://catalog.ucsd.edu/courses/THEA.html#tdht101,published snapshot FA24 | published snapshot FA25 | published snapshot S125 | published snapshot S225 | published snapshot SP25 | published snapshot SP26 | published snapshot WI25
https://catalog.ucsd.edu/courses/THEA.html#tdht102,published snapshot WI25
https://catalog.ucsd.edu/courses/THEA.html#tdht103,published snapshot FA25
https://catalog.ucsd.edu/courses/THEA.html#tdht104,published snapshot S125 | published snapshot S226 | published snapshot SP25 | published snapshot SP26
https://catalog.ucsd.edu/courses/THEA.html#tdht111,published snapshot FA26 | published snapshot WI25
https://catalog.ucsd.edu/courses/THEA.html#tdht115,published snapshot FA25 | published snapshot SP25
https://catalog.ucsd.edu/courses/THEA.html#tdht119,published snapshot FA24 | published snapshot WI26
https://catalog.ucsd.edu/courses/THEA.html#tdht120,published snapshot FA24
https://catalog.ucsd.edu/courses/THEA.html#tdht21,published snapshot FA24 | published snapshot FA25 | published snapshot FA26
https://catalog.ucsd.edu/courses/THEA.html#tdht22,published snapshot WI25 | published snapshot WI26
https://catalog.ucsd.edu/courses/THEA.html#tdht23,published snapshot SP25 | published snapshot SP26
https://catalog.ucsd.edu/courses/THEA.html#tdmv1,published snapshot FA24 | published snapshot FA25 | published snapshot FA26 | published snapshot S125 | published snapshot S224 | published snapshot S225 | published snapshot S226 | published snapshot SP25 | published snapshot SP26 | published snapshot WI25 | published snapshot WI26
https://catalog.ucsd.edu/courses/THEA.html#tdmv11,published snapshot FA24 | published snapshot FA25 | published snapshot FA26 | published snapshot S125 | published snapshot SP25 | published snapshot SP26 | published snapshot WI25 | published snapshot WI26
https://catalog.ucsd.edu/courses/THEA.html#tdmv110,published snapshot FA24 | published snapshot FA25 | published snapshot FA26 | published snapshot SP25 | published snapshot SP26 | published snapshot WI25 | published snapshot WI26
https://catalog.ucsd.edu/courses/THEA.html#tdmv111,published snapshot SP25 | published snapshot SP26
https://catalog.ucsd.edu/courses/THEA.html#tdmv120,published snapshot FA24 | published snapshot FA25 | published snapshot FA26 | published snapshot SP25 | published snapshot SP26 | published snapshot WI25 | published snapshot WI26
https://catalog.ucsd.edu/courses/THEA.html#tdmv122,published snapshot SP25 | published snapshot SP26
https://catalog.ucsd.edu/courses/THEA.html#tdmv123,published snapshot FA24 | published snapshot FA25 | published snapshot FA26 | published snapshot S125 | published snapshot S225 | published snapshot SP25 | published snapshot SP26 | published snapshot WI25 | published snapshot WI26
https://catalog.ucsd.edu/courses/THEA.html#tdmv130,published snapshot FA24 | published snapshot SP25 | published snapshot WI25 | published snapshot WI26
https://catalog.ucsd.edu/courses/THEA.html#tdmv133,published snapshot SP26
https://catalog.ucsd.edu/courses/THEA.html#tdmv140,published snapshot FA24 | published snapshot FA25 | published snapshot FA26 | published snapshot S224 | published snapshot S225 | published snapshot SP25 | published snapshot SP26 | published snapshot WI25 | published snapshot WI26
https://catalog.ucsd.edu/courses/THEA.html#tdmv141,published snapshot FA25 | published snapshot SP25 | published snapshot SP26 | published snapshot WI26
https://catalog.ucsd.edu/courses/THEA.html#tdmv142,published snapshot FA24 | published snapshot FA25 | published snapshot FA26 | published snapshot S125 | published snapshot S126 | published snapshot S224 | published snapshot S225 | published snapshot SP25 | published snapshot SP26 | published snapshot WI25 | published snapshot WI26
https://catalog.ucsd.edu/courses/THEA.html#tdmv144,published snapshot FA24 | published snapshot FA25 | published snapshot FA26 | published snapshot S225 | published snapshot SP25 | published snapshot SP26 | published snapshot WI25
https://catalog.ucsd.edu/courses/THEA.html#tdmv146,published snapshot FA24 | published snapshot FA25 | published snapshot FA26 | published snapshot SP25 | published snapshot SP26 | published snapshot WI25 | published snapshot WI26
https://catalog.ucsd.edu/courses/THEA.html#tdmv148,published snapshot WI25 | published snapshot WI26
https://catalog.ucsd.edu/courses/THEA.html#tdmv149,published snapshot SP25 | published snapshot SP26
https://catalog.ucsd.edu/courses/THEA.html#tdmv2,published snapshot FA24 | published snapshot FA25 | published snapshot FA26 | published snapshot S125 | published snapshot S224 | published snapshot S225 | published snapshot SP25 | published snapshot SP26 | published snapshot WI25 | published snapshot WI26
https://catalog.ucsd.edu/courses/THEA.html#tdmv20,published snapshot FA24 | published snapshot FA25 | published snapshot FA26 | published snapshot SP25 | published snapshot SP26 | published snapshot WI25 | published snapshot WI26
https://catalog.ucsd.edu/courses/THEA.html#tdmv3,published snapshot FA24 | published snapshot FA25 | published snapshot FA26 | published snapshot S125 | published snapshot S224 | published snapshot S225 | published snapshot SP25 | published snapshot SP26 | published snapshot WI25
https://catalog.ucsd.edu/courses/THEA.html#tdmv38,published snapshot S126 | published snapshot S226 | published snapshot SP26 | published snapshot WI26
https://catalog.ucsd.edu/courses/THEA.html#tdmv43,published snapshot SP26 | published snapshot WI26
https://catalog.ucsd.edu/courses/THEA.html#tdmv5,published snapshot FA24
https://catalog.ucsd.edu/courses/THEA.html#tdpf160,published snapshot FA24 | published snapshot FA25 | published snapshot FA26
https://catalog.ucsd.edu/courses/THEA.html#tdpf161,published snapshot WI25 | published snapshot WI26
https://catalog.ucsd.edu/courses/THEA.html#tdpf162,published snapshot SP25 | published snapshot SP26
https://catalog.ucsd.edu/courses/THEA.html#tdpf163,published snapshot WI25
https://catalog.ucsd.edu/courses/THEA.html#tdpr102,published snapshot FA24 | published snapshot FA25 | published snapshot FA26 | published snapshot SP25 | published snapshot SP26 | published snapshot WI25 | published snapshot WI26
https://catalog.ucsd.edu/courses/THEA.html#tdpr104,published snapshot FA24 | published snapshot FA25 | published snapshot FA26 | published snapshot SP25 | published snapshot SP26 | published snapshot WI25 | published snapshot WI26
https://catalog.ucsd.edu/courses/THEA.html#tdpr6,published snapshot FA24 | published snapshot FA25 | published snapshot FA26 | published snapshot SP25 | published snapshot SP26 | published snapshot WI25 | published snapshot WI26
https://catalog.ucsd.edu/courses/THEA.html#tdpw1,published snapshot FA24 | published snapshot FA25 | published snapshot FA26 | published snapshot S125 | published snapshot S126 | published snapshot S225 | published snapshot S226 | published snapshot SP25 | published snapshot SP26
https://catalog.ucsd.edu/courses/THEA.html#tdpw101,published snapshot WI25 | published snapshot WI26
https://catalog.ucsd.edu/courses/THEA.html#tdpw102,published snapshot SP25 | published snapshot SP26
https://catalog.ucsd.edu/courses/THEA.html#tdpw104,published snapshot FA24 | published snapshot FA25 | published snapshot WI25 | published snapshot WI26
https://catalog.ucsd.edu/courses/THEA.html#tdpw190,published snapshot FA25 | published snapshot SP25
https://catalog.ucsd.edu/courses/THEA.html#tdtr10,published snapshot FA24 | published snapshot FA25 | published snapshot FA26 | published snapshot SP25 | published snapshot SP26 | published snapshot WI25
https://catalog.ucsd.edu/courses/THEA.html#tdtr104,published snapshot SP26 | published snapshot WI25
https://catalog.ucsd.edu/courses/TMC.html#tmc120,published snapshot FA25 | published snapshot SP25 | published snapshot SP26 | published snapshot WI26
https://catalog.ucsd.edu/courses/TMC.html#tmc15,published snapshot FA25 | published snapshot FA26 | published snapshot SP25 | published snapshot SP26 | published snapshot WI25 | published snapshot WI26
https://catalog.ucsd.edu/courses/TMC.html#tmc199,published snapshot SP26 | published snapshot WI25
https://catalog.ucsd.edu/courses/TMC.html#tmc20,published snapshot FA26 | published snapshot WI25 | published snapshot WI26
https://catalog.ucsd.edu/courses/USP.html#usp1,published snapshot FA24 | published snapshot FA25 | published snapshot FA26 | published snapshot S125 | published snapshot S126 | published snapshot SP25 | published snapshot WI26
https://catalog.ucsd.edu/courses/USP.html#usp100,published snapshot S125 | published snapshot S226 | published snapshot SP25 | published snapshot SP26 | published snapshot WI25 | published snapshot WI26
https://catalog.ucsd.edu/courses/USP.html#usp101,published snapshot S125 | published snapshot S226 | published snapshot SP26 | published snapshot WI25
https://catalog.ucsd.edu/courses/USP.html#usp105,published snapshot FA24 | published snapshot FA25
https://catalog.ucsd.edu/courses/USP.html#usp108,published snapshot FA24 | published snapshot FA25 | published snapshot WI25 | published snapshot WI26
https://catalog.ucsd.edu/courses/USP.html#usp118,published snapshot WI26
https://catalog.ucsd.edu/courses/USP.html#usp119,published snapshot SP25 | published snapshot SP26
https://catalog.ucsd.edu/courses/USP.html#usp124,published snapshot FA24 | published snapshot FA25 | published snapshot S125 | published snapshot S126 | published snapshot S224 | published snapshot SP25 | published snapshot SP26 | published snapshot WI25 | published snapshot WI26
https://catalog.ucsd.edu/courses/USP.html#usp125,published snapshot FA24 | published snapshot FA25 | published snapshot FA26 | published snapshot SP25 | published snapshot WI26
https://catalog.ucsd.edu/courses/USP.html#usp128a,published snapshot WI25 | published snapshot WI26
https://catalog.ucsd.edu/courses/USP.html#usp128b,published snapshot SP25 | published snapshot SP26
https://catalog.ucsd.edu/courses/USP.html#usp131,published snapshot SP25 | published snapshot WI26
https://catalog.ucsd.edu/courses/USP.html#usp136,published snapshot FA25 | published snapshot FA26
https://catalog.ucsd.edu/courses/USP.html#usp137,published snapshot SP26
https://catalog.ucsd.edu/courses/USP.html#usp138,published snapshot S224 | published snapshot S225 | published snapshot WI25
https://catalog.ucsd.edu/courses/USP.html#usp141a,published snapshot FA25 | published snapshot FA26 | published snapshot WI25
https://catalog.ucsd.edu/courses/USP.html#usp142a,published snapshot WI26
https://catalog.ucsd.edu/courses/USP.html#usp142b,published snapshot SP26
https://catalog.ucsd.edu/courses/USP.html#usp142c,published snapshot FA26 | published snapshot SP25 | published snapshot SP26
https://catalog.ucsd.edu/courses/USP.html#usp143,published snapshot FA24 | published snapshot FA25 | published snapshot FA26 | published snapshot S125 | published snapshot S225 | published snapshot S226 | published snapshot SP26 | published snapshot WI25
https://catalog.ucsd.edu/courses/USP.html#usp144,published snapshot FA24 | published snapshot FA25 | published snapshot FA26 | published snapshot S126 | published snapshot S225
https://catalog.ucsd.edu/courses/USP.html#usp145,published snapshot S125 | published snapshot S226 | published snapshot SP25 | published snapshot SP26
https://catalog.ucsd.edu/courses/USP.html#usp15,published snapshot FA24 | published snapshot FA25 | published snapshot FA26 | published snapshot S225 | published snapshot SP25 | published snapshot SP26 | published snapshot WI25 | published snapshot WI26
https://catalog.ucsd.edu/courses/USP.html#usp150,published snapshot FA24 | published snapshot FA25 | published snapshot FA26 | published snapshot S225 | published snapshot S226 | published snapshot SP25 | published snapshot SP26 | published snapshot WI25 | published snapshot WI26
https://catalog.ucsd.edu/courses/USP.html#usp151,published snapshot FA24 | published snapshot FA25 | published snapshot FA26 | published snapshot S126 | published snapshot S225 | published snapshot SP25 | published snapshot SP26 | published snapshot WI25 | published snapshot WI26
https://catalog.ucsd.edu/courses/USP.html#usp152a,published snapshot FA24 | published snapshot S125 | published snapshot S224 | published snapshot SP25 | published snapshot SP26 | published snapshot WI25 | published snapshot WI26
https://catalog.ucsd.edu/courses/USP.html#usp152b,published snapshot FA25 | published snapshot FA26 | published snapshot SP25
https://catalog.ucsd.edu/courses/USP.html#usp153,published snapshot FA24 | published snapshot FA25 | published snapshot S125 | published snapshot S126 | published snapshot S224 | published snapshot SP25 | published snapshot SP26 | published snapshot WI25 | published snapshot WI26
https://catalog.ucsd.edu/courses/USP.html#usp158a,published snapshot FA24 | published snapshot SP25 | published snapshot SP26 | published snapshot WI25
https://catalog.ucsd.edu/courses/USP.html#usp159a,published snapshot WI25 | published snapshot WI26
https://catalog.ucsd.edu/courses/USP.html#usp159b,published snapshot SP25 | published snapshot SP26
https://catalog.ucsd.edu/courses/USP.html#usp160,published snapshot SP25 | published snapshot SP26
https://catalog.ucsd.edu/courses/USP.html#usp161,published snapshot FA24 | published snapshot FA25 | published snapshot FA26
https://catalog.ucsd.edu/courses/USP.html#usp162,published snapshot FA24 | published snapshot S224 | published snapshot S225
https://catalog.ucsd.edu/courses/USP.html#usp164,published snapshot SP25 | published snapshot SP26
https://catalog.ucsd.edu/courses/USP.html#usp165a,published snapshot WI25 | published snapshot WI26
https://catalog.ucsd.edu/courses/USP.html#usp165b,published snapshot FA24 | published snapshot SP26 | published snapshot WI25 | published snapshot WI26
https://catalog.ucsd.edu/courses/USP.html#usp165c,published snapshot FA24 | published snapshot FA25 | published snapshot FA26 | published snapshot SP25 | published snapshot WI26
https://catalog.ucsd.edu/courses/USP.html#usp168,published snapshot S125 | published snapshot S126 | published snapshot S225 | published snapshot S226
https://catalog.ucsd.edu/courses/USP.html#usp169,published snapshot FA26 | published snapshot SP25 | published snapshot SP26
https://catalog.ucsd.edu/courses/USP.html#usp170,published snapshot FA24 | published snapshot FA25 | published snapshot S125 | published snapshot S226 | published snapshot SP25 | published snapshot SP26 | published snapshot WI25 | published snapshot WI26
https://catalog.ucsd.edu/courses/USP.html#usp171,published snapshot FA24 | published snapshot FA25 | published snapshot FA26 | published snapshot SP25 | published snapshot WI25 | published snapshot WI26
https://catalog.ucsd.edu/courses/USP.html#usp171gs,published snapshot S126
https://catalog.ucsd.edu/courses/USP.html#usp172,published snapshot SP25 | published snapshot SP26
https://catalog.ucsd.edu/courses/USP.html#usp173,published snapshot S125 | published snapshot S224 | published snapshot S226 | published snapshot WI25 | published snapshot WI26
https://catalog.ucsd.edu/courses/USP.html#usp175,published snapshot FA24 | published snapshot FA25 | published snapshot FA26 | published snapshot SP25 | published snapshot SP26 | published snapshot WI25 | published snapshot WI26
https://catalog.ucsd.edu/courses/USP.html#usp176,published snapshot FA24
https://catalog.ucsd.edu/courses/USP.html#usp177a,published snapshot FA24 | published snapshot FA25 | published snapshot FA26 | published snapshot SP25 | published snapshot SP26 | published snapshot WI25 | published snapshot WI26
https://catalog.ucsd.edu/courses/USP.html#usp177b,published snapshot SP25 | published snapshot SP26
https://catalog.ucsd.edu/courses/USP.html#usp179,published snapshot FA26 | published snapshot WI25 | published snapshot WI26
https://catalog.ucsd.edu/courses/USP.html#usp180,published snapshot SP25 | published snapshot SP26 | published snapshot WI25
https://catalog.ucsd.edu/courses/USP.html#usp181,published snapshot FA24 | published snapshot FA25 | published snapshot S126 | published snapshot S224 | published snapshot S225
https://catalog.ucsd.edu/courses/USP.html#usp183,published snapshot SP26 | published snapshot WI25
https://catalog.ucsd.edu/courses/USP.html#usp183gs,published snapshot S126
https://catalog.ucsd.edu/courses/USP.html#usp185a,published snapshot FA24 | published snapshot FA25 | published snapshot FA26
https://catalog.ucsd.edu/courses/USP.html#usp185b,published snapshot WI25 | published snapshot WI26
https://catalog.ucsd.edu/courses/USP.html#usp186,published snapshot FA24 | published snapshot FA25 | published snapshot FA26
https://catalog.ucsd.edu/courses/USP.html#usp187,published snapshot WI25 | published snapshot WI26
https://catalog.ucsd.edu/courses/USP.html#usp188,published snapshot WI25
https://catalog.ucsd.edu/courses/USP.html#usp188b,published snapshot SP25
https://catalog.ucsd.edu/courses/USP.html#usp189,published snapshot FA24 | published snapshot FA25 | published snapshot WI25
https://catalog.ucsd.edu/courses/USP.html#usp190,published snapshot SP25 | published snapshot SP26
https://catalog.ucsd.edu/courses/USP.html#usp191a,published snapshot FA24 | published snapshot FA25 | published snapshot FA26 | published snapshot S225 | published snapshot WI25 | published snapshot WI26
https://catalog.ucsd.edu/courses/USP.html#usp191b,published snapshot SP25 | published snapshot SP26
https://catalog.ucsd.edu/courses/USP.html#usp193,published snapshot FA24 | published snapshot FA25 | published snapshot FA26 | published snapshot S126 | published snapshot SP25 | published snapshot SP26 | published snapshot WI25 | published snapshot WI26
https://catalog.ucsd.edu/courses/USP.html#usp194,published snapshot FA24 | published snapshot FA25 | published snapshot FA26 | published snapshot SP25 | published snapshot SP26 | published snapshot WI25 | published snapshot WI26
https://catalog.ucsd.edu/courses/USP.html#usp195p,published snapshot FA25 | published snapshot SP26 | published snapshot WI26
https://catalog.ucsd.edu/courses/USP.html#usp198,published snapshot FA24 | published snapshot FA25 | published snapshot SP25 | published snapshot SP26
https://catalog.ucsd.edu/courses/USP.html#usp199,published snapshot S325 | published snapshot SP25 | published snapshot SP26 | published snapshot WI25 | published snapshot WI26
https://catalog.ucsd.edu/courses/USP.html#usp2,published snapshot FA24 | published snapshot FA25 | published snapshot S225 | published snapshot SP25 | published snapshot SP26 | published snapshot WI25 | published snapshot WI26
https://catalog.ucsd.edu/courses/USP.html#usp25,published snapshot FA24 | published snapshot FA25 | published snapshot FA26 | published snapshot S225 | published snapshot S226 | published snapshot SP25 | published snapshot SP26 | published snapshot WI25 | published snapshot WI26
https://catalog.ucsd.edu/courses/USP.html#usp265c,published snapshot FA25 | published snapshot FA26 | published snapshot SP25 | published snapshot WI26
https://catalog.ucsd.edu/courses/USP.html#usp271,published snapshot FA24 | published snapshot FA25 | published snapshot FA26 | published snapshot WI25 | published snapshot WI26
https://catalog.ucsd.edu/courses/USP.html#usp3,published snapshot S225 | published snapshot S226 | published snapshot SP25 | published snapshot SP26 | published snapshot WI25 | published snapshot WI26
https://catalog.ucsd.edu/courses/USP.html#usp30,published snapshot FA24 | published snapshot SP26 | published snapshot WI26
https://catalog.ucsd.edu/courses/USP.html#usp4,published snapshot FA24 | published snapshot FA25 | published snapshot FA26 | published snapshot S125 | published snapshot S126 | published snapshot SP25 | published snapshot SP26 | published snapshot WI25 | published snapshot WI26
https://catalog.ucsd.edu/courses/USP.html#usp5,published snapshot FA24 | published snapshot FA25 | published snapshot S125 | published snapshot S126 | published snapshot S224 | published snapshot SP25 | published snapshot SP26 | published snapshot WI25 | published snapshot WI26
https://catalog.ucsd.edu/courses/USP.html#usp50,published snapshot FA24 | published snapshot FA25 | published snapshot FA26 | published snapshot WI26
https://catalog.ucsd.edu/courses/USP.html#usp6,published snapshot SP25 | published snapshot SP26 | published snapshot WI25 | published snapshot WI26
https://catalog.ucsd.edu/courses/USP.html#usp60,published snapshot FA25 | published snapshot FA26 | published snapshot S226 | published snapshot SP25 | published snapshot SP26
https://catalog.ucsd.edu/courses/USP.html#usp7,published snapshot SP26
https://catalog.ucsd.edu/courses/VIS.html,05-pipeline-and-schema/tools/catalog-snapshot/generalCatalog.test.ts | published snapshot FA24 | published snapshot FA25 | published snapshot FA26 | published snapshot S125 | published snapshot SP25 | published snapshot SP26 | published snapshot WI25
https://catalog.ucsd.edu/courses/VIS.html#vis1,published snapshot FA24 | published snapshot FA25 | published snapshot FA26
https://catalog.ucsd.edu/courses/VIS.html#vis10,published snapshot SP25 | published snapshot SP26
https://catalog.ucsd.edu/courses/VIS.html#vis100,published snapshot FA25 | published snapshot FA26 | published snapshot WI25
https://catalog.ucsd.edu/courses/VIS.html#vis100a,published snapshot FA25 | published snapshot FA26 | published snapshot SP25 | published snapshot WI26
https://catalog.ucsd.edu/courses/VIS.html#vis101,published snapshot FA24 | published snapshot S225 | published snapshot WI26
https://catalog.ucsd.edu/courses/VIS.html#vis101a,published snapshot S224 | published snapshot SP26 | published snapshot WI25
https://catalog.ucsd.edu/courses/VIS.html#vis102,published snapshot S125 | published snapshot SP25 | published snapshot SP26
https://catalog.ucsd.edu/courses/VIS.html#vis103,published snapshot S224 | published snapshot S225 | published snapshot S226 | published snapshot WI25 | published snapshot WI26
https://catalog.ucsd.edu/courses/VIS.html#vis103a,published snapshot FA24 | published snapshot S126
https://catalog.ucsd.edu/courses/VIS.html#vis103b,published snapshot WI25
https://catalog.ucsd.edu/courses/VIS.html#vis103d,published snapshot FA25 | published snapshot FA26
https://catalog.ucsd.edu/courses/VIS.html#vis105a,published snapshot FA24 | published snapshot FA25 | published snapshot FA26 | published snapshot SP25 | published snapshot SP26 | published snapshot WI25 | published snapshot WI26
https://catalog.ucsd.edu/courses/VIS.html#vis105b,published snapshot FA25 | published snapshot FA26 | published snapshot SP25 | published snapshot SP26 | published snapshot WI25 | published snapshot WI26
https://catalog.ucsd.edu/courses/VIS.html#vis105c,published snapshot FA24 | published snapshot FA25 | published snapshot FA26 | published snapshot SP25 | published snapshot WI25 | published snapshot WI26
https://catalog.ucsd.edu/courses/VIS.html#vis106a,published snapshot FA24 | published snapshot FA25 | published snapshot FA26 | published snapshot SP25 | published snapshot SP26 | published snapshot WI25 | published snapshot WI26
https://catalog.ucsd.edu/courses/VIS.html#vis106b,published snapshot FA24 | published snapshot FA25 | published snapshot FA26 | published snapshot SP25 | published snapshot SP26 | published snapshot WI25 | published snapshot WI26
https://catalog.ucsd.edu/courses/VIS.html#vis106c,published snapshot SP25 | published snapshot SP26 | published snapshot WI26
https://catalog.ucsd.edu/courses/VIS.html#vis107a,published snapshot FA24 | published snapshot FA25 | published snapshot FA26 | published snapshot SP25 | published snapshot SP26 | published snapshot WI25 | published snapshot WI26
https://catalog.ucsd.edu/courses/VIS.html#vis107b,published snapshot FA24 | published snapshot SP25 | published snapshot SP26
https://catalog.ucsd.edu/courses/VIS.html#vis107c,published snapshot FA24 | published snapshot FA25 | published snapshot FA26 | published snapshot WI25
https://catalog.ucsd.edu/courses/VIS.html#vis108,published snapshot FA24 | published snapshot FA25 | published snapshot FA26 | published snapshot S125 | published snapshot S225 | published snapshot SP26 | published snapshot WI25 | published snapshot WI26
https://catalog.ucsd.edu/courses/VIS.html#vis11,published snapshot S224 | published snapshot S226 | published snapshot WI25 | published snapshot WI26
https://catalog.ucsd.edu/courses/VIS.html#vis110a,published snapshot FA25 | published snapshot SP25 | published snapshot WI26
https://catalog.ucsd.edu/courses/VIS.html#vis110b,published snapshot SP25 | published snapshot WI26
https://catalog.ucsd.edu/courses/VIS.html#vis110d,published snapshot SP25 | published snapshot SP26 | published snapshot WI25
https://catalog.ucsd.edu/courses/VIS.html#vis110e,published snapshot FA26
https://catalog.ucsd.edu/courses/VIS.html#vis110f,published snapshot SP25 | published snapshot SP26 | published snapshot WI25 | published snapshot WI26
https://catalog.ucsd.edu/courses/VIS.html#vis110g,published snapshot FA25
https://catalog.ucsd.edu/courses/VIS.html#vis110h,published snapshot FA24
https://catalog.ucsd.edu/courses/VIS.html#vis110i,published snapshot FA24 | published snapshot S224 | published snapshot SP26
https://catalog.ucsd.edu/courses/VIS.html#vis110m,published snapshot WI25 | published snapshot WI26
https://catalog.ucsd.edu/courses/VIS.html#vis110n,published snapshot SP25 | published snapshot SP26
https://catalog.ucsd.edu/courses/VIS.html#vis112,published snapshot WI25 | published snapshot WI26
https://catalog.ucsd.edu/courses/VIS.html#vis113bn,published snapshot SP25
https://catalog.ucsd.edu/courses/VIS.html#vis113cn,published snapshot FA25
https://catalog.ucsd.edu/courses/VIS.html#vis114gb,published snapshot WI25 | published snapshot WI26
https://catalog.ucsd.edu/courses/VIS.html#vis117e,published snapshot SP25
https://catalog.ucsd.edu/courses/VIS.html#vis117g,published snapshot FA24
https://catalog.ucsd.edu/courses/VIS.html#vis120a,published snapshot FA25
https://catalog.ucsd.edu/courses/VIS.html#vis121an,published snapshot SP25
https://catalog.ucsd.edu/courses/VIS.html#vis121b,published snapshot SP26
https://catalog.ucsd.edu/courses/VIS.html#vis121c,published snapshot FA25
https://catalog.ucsd.edu/courses/VIS.html#vis122b,published snapshot FA24 | published snapshot WI26
https://catalog.ucsd.edu/courses/VIS.html#vis124d,published snapshot FA24
https://catalog.ucsd.edu/courses/VIS.html#vis124e,published snapshot FA26 | published snapshot SP25
https://catalog.ucsd.edu/courses/VIS.html#vis124g,published snapshot WI25
https://catalog.ucsd.edu/courses/VIS.html#vis125a,published snapshot S125
https://catalog.ucsd.edu/courses/VIS.html#vis125e,published snapshot WI26
https://catalog.ucsd.edu/courses/VIS.html#vis125g,published snapshot WI25
https://catalog.ucsd.edu/courses/VIS.html#vis125gr,published snapshot S126
https://catalog.ucsd.edu/courses/VIS.html#vis126e,published snapshot FA24
https://catalog.ucsd.edu/courses/VIS.html#vis126f,published snapshot FA25
https://catalog.ucsd.edu/courses/VIS.html#vis126hn,published snapshot WI25
https://catalog.ucsd.edu/courses/VIS.html#vis126p,published snapshot FA26
https://catalog.ucsd.edu/courses/VIS.html#vis126q,published snapshot WI26
https://catalog.ucsd.edu/courses/VIS.html#vis127b,published snapshot S224 | published snapshot S226 | published snapshot SP25
https://catalog.ucsd.edu/courses/VIS.html#vis127p,published snapshot S225 | published snapshot SP26
https://catalog.ucsd.edu/courses/VIS.html#vis131,published snapshot FA24 | published snapshot FA26 | published snapshot WI25
https://catalog.ucsd.edu/courses/VIS.html#vis132,published snapshot FA25
https://catalog.ucsd.edu/courses/VIS.html#vis133,published snapshot FA24 | published snapshot FA25 | published snapshot SP25 | published snapshot WI25
https://catalog.ucsd.edu/courses/VIS.html#vis133a,published snapshot FA24 | published snapshot FA25 | published snapshot FA26 | published snapshot SP25 | published snapshot SP26 | published snapshot WI25
https://catalog.ucsd.edu/courses/VIS.html#vis134,published snapshot SP25 | published snapshot SP26
https://catalog.ucsd.edu/courses/VIS.html#vis135,published snapshot WI25 | published snapshot WI26
https://catalog.ucsd.edu/courses/VIS.html#vis136a,published snapshot FA24 | published snapshot WI26
https://catalog.ucsd.edu/courses/VIS.html#vis141a,published snapshot FA25 | published snapshot FA26 | published snapshot WI25
https://catalog.ucsd.edu/courses/VIS.html#vis141b,published snapshot SP25 | published snapshot SP26 | published snapshot WI26
https://catalog.ucsd.edu/courses/VIS.html#vis142,published snapshot FA24 | published snapshot FA25 | published snapshot FA26 | published snapshot WI25 | published snapshot WI26
https://catalog.ucsd.edu/courses/VIS.html#vis143b,published snapshot WI26
https://catalog.ucsd.edu/courses/VIS.html#vis145a,published snapshot WI25 | published snapshot WI26
https://catalog.ucsd.edu/courses/VIS.html#vis145b,published snapshot FA24 | published snapshot FA25 | published snapshot FA26 | published snapshot SP25 | published snapshot SP26
https://catalog.ucsd.edu/courses/VIS.html#vis146a,published snapshot FA24 | published snapshot SP25 | published snapshot SP26 | published snapshot WI26
https://catalog.ucsd.edu/courses/VIS.html#vis146b,published snapshot FA25 | published snapshot FA26 | published snapshot SP26 | published snapshot WI25
https://catalog.ucsd.edu/courses/VIS.html#vis147a,published snapshot FA24 | published snapshot FA25 | published snapshot FA26 | published snapshot SP25 | published snapshot SP26 | published snapshot WI25
https://catalog.ucsd.edu/courses/VIS.html#vis147b,published snapshot FA24 | published snapshot FA25 | published snapshot FA26 | published snapshot SP25 | published snapshot WI25 | published snapshot WI26
https://catalog.ucsd.edu/courses/VIS.html#vis149,published snapshot FA24 | published snapshot FA25 | published snapshot FA26 | published snapshot S126 | published snapshot S224 | published snapshot S225 | published snapshot SP25 | published snapshot SP26 | published snapshot WI25 | published snapshot WI26
https://catalog.ucsd.edu/courses/VIS.html#vis150,published snapshot SP26 | published snapshot WI25
https://catalog.ucsd.edu/courses/VIS.html#vis150a,published snapshot SP25
https://catalog.ucsd.edu/courses/VIS.html#vis152d,published snapshot FA25 | published snapshot S224 | published snapshot SP25
https://catalog.ucsd.edu/courses/VIS.html#vis157,published snapshot FA24 | published snapshot FA25
https://catalog.ucsd.edu/courses/VIS.html#vis157d,published snapshot FA26 | published snapshot WI25 | published snapshot WI26
https://catalog.ucsd.edu/courses/VIS.html#vis158b,published snapshot FA26
https://catalog.ucsd.edu/courses/VIS.html#vis158d,published snapshot SP26
https://catalog.ucsd.edu/courses/VIS.html#vis159,published snapshot SP25 | published snapshot SP26
https://catalog.ucsd.edu/courses/VIS.html#vis160a,published snapshot SP25 | published snapshot SP26 | published snapshot WI25 | published snapshot WI26
https://catalog.ucsd.edu/courses/VIS.html#vis160b,published snapshot S125 | published snapshot S224 | published snapshot SP25 | published snapshot SP26
https://catalog.ucsd.edu/courses/VIS.html#vis161,published snapshot WI25 | published snapshot WI26
https://catalog.ucsd.edu/courses/VIS.html#vis162,published snapshot FA24 | published snapshot FA25 | published snapshot FA26
https://catalog.ucsd.edu/courses/VIS.html#vis163,published snapshot FA24 | published snapshot FA25 | published snapshot FA26 | published snapshot WI26
https://catalog.ucsd.edu/courses/VIS.html#vis164,published snapshot FA24 | published snapshot FA25 | published snapshot FA26 | published snapshot S225 | published snapshot SP25 | published snapshot SP26 | published snapshot WI25 | published snapshot WI26
https://catalog.ucsd.edu/courses/VIS.html#vis165,published snapshot FA24 | published snapshot FA26
https://catalog.ucsd.edu/courses/VIS.html#vis165a,published snapshot FA25 | published snapshot SP26
https://catalog.ucsd.edu/courses/VIS.html#vis165b,published snapshot WI25 | published snapshot WI26
https://catalog.ucsd.edu/courses/VIS.html#vis167,published snapshot FA24 | published snapshot FA25 | published snapshot FA26 | published snapshot SP25 | published snapshot SP26
https://catalog.ucsd.edu/courses/VIS.html#vis168,published snapshot SP25 | published snapshot WI26
https://catalog.ucsd.edu/courses/VIS.html#vis169a,published snapshot SP25 | published snapshot SP26 | published snapshot WI25
https://catalog.ucsd.edu/courses/VIS.html#vis171,published snapshot FA25 | published snapshot SP25 | published snapshot WI25
https://catalog.ucsd.edu/courses/VIS.html#vis172,published snapshot SP25
https://catalog.ucsd.edu/courses/VIS.html#vis174,published snapshot FA24 | published snapshot FA25 | published snapshot FA26 | published snapshot SP25 | published snapshot SP26 | published snapshot WI25 | published snapshot WI26
https://catalog.ucsd.edu/courses/VIS.html#vis175,published snapshot FA24 | published snapshot FA25 | published snapshot FA26 | published snapshot WI26
https://catalog.ucsd.edu/courses/VIS.html#vis177,published snapshot FA24 | published snapshot SP25 | published snapshot WI26
https://catalog.ucsd.edu/courses/VIS.html#vis178,published snapshot FA24 | published snapshot SP26
https://catalog.ucsd.edu/courses/VIS.html#vis179,published snapshot FA25 | published snapshot FA26 | published snapshot SP25 | published snapshot SP26 | published snapshot WI25
https://catalog.ucsd.edu/courses/VIS.html#vis180a,published snapshot FA25 | published snapshot FA26 | published snapshot SP25 | published snapshot WI25
https://catalog.ucsd.edu/courses/VIS.html#vis180b,published snapshot FA24 | published snapshot FA25 | published snapshot FA26 | published snapshot SP25 | published snapshot SP26 | published snapshot WI25 | published snapshot WI26
https://catalog.ucsd.edu/courses/VIS.html#vis181,published snapshot SP26
https://catalog.ucsd.edu/courses/VIS.html#vis182,published snapshot SP25
https://catalog.ucsd.edu/courses/VIS.html#vis182a,published snapshot WI25
https://catalog.ucsd.edu/courses/VIS.html#vis183a,published snapshot FA24
https://catalog.ucsd.edu/courses/VIS.html#vis183b,published snapshot FA25 | published snapshot FA26 | published snapshot SP26
https://catalog.ucsd.edu/courses/VIS.html#vis184,published snapshot WI26
https://catalog.ucsd.edu/courses/VIS.html#vis185,published snapshot SP25 | published snapshot SP26 | published snapshot WI25
https://catalog.ucsd.edu/courses/VIS.html#vis190,published snapshot SP25 | published snapshot SP26
https://catalog.ucsd.edu/courses/VIS.html#vis194s,published snapshot S126 | published snapshot S225
https://catalog.ucsd.edu/courses/VIS.html#vis196a,published snapshot WI25
https://catalog.ucsd.edu/courses/VIS.html#vis196b,published snapshot SP25
https://catalog.ucsd.edu/courses/VIS.html#vis197,published snapshot FA24 | published snapshot FA25 | published snapshot SP25 | published snapshot SP26 | published snapshot WI25 | published snapshot WI26
https://catalog.ucsd.edu/courses/VIS.html#vis198,published snapshot FA24
https://catalog.ucsd.edu/courses/VIS.html#vis199,published snapshot FA24 | published snapshot FA25 | published snapshot SP25 | published snapshot SP26 | published snapshot WI25 | published snapshot WI26
https://catalog.ucsd.edu/courses/VIS.html#vis2,published snapshot WI25 | published snapshot WI26
https://catalog.ucsd.edu/courses/VIS.html#vis20,published snapshot FA24 | published snapshot FA25 | published snapshot FA26
https://catalog.ucsd.edu/courses/VIS.html#vis200,published snapshot FA26 | published snapshot WI25 | published snapshot WI26
https://catalog.ucsd.edu/courses/VIS.html#vis201,published snapshot WI25 | published snapshot WI26
https://catalog.ucsd.edu/courses/VIS.html#vis202,published snapshot FA24 | published snapshot SP25 | published snapshot SP26 | published snapshot WI25 | published snapshot WI26
https://catalog.ucsd.edu/courses/VIS.html#vis203,published snapshot FA24 | published snapshot FA25 | published snapshot FA26 | published snapshot SP25 | published snapshot SP26 | published snapshot WI25 | published snapshot WI26
https://catalog.ucsd.edu/courses/VIS.html#vis204,published snapshot FA24 | published snapshot FA25
https://catalog.ucsd.edu/courses/VIS.html#vis205,published snapshot FA24 | published snapshot FA25 | published snapshot FA26
https://catalog.ucsd.edu/courses/VIS.html#vis206,published snapshot SP25 | published snapshot SP26
https://catalog.ucsd.edu/courses/VIS.html#vis207,published snapshot FA24 | published snapshot FA25 | published snapshot FA26
https://catalog.ucsd.edu/courses/VIS.html#vis208,published snapshot SP25 | published snapshot SP26
https://catalog.ucsd.edu/courses/VIS.html#vis209,published snapshot FA24 | published snapshot FA25 | published snapshot FA26
https://catalog.ucsd.edu/courses/VIS.html#vis211,published snapshot SP25
https://catalog.ucsd.edu/courses/VIS.html#vis215,published snapshot WI26
https://catalog.ucsd.edu/courses/VIS.html#vis219,published snapshot FA24 | published snapshot SP26 | published snapshot WI26
https://catalog.ucsd.edu/courses/VIS.html#vis21a,published snapshot SP25 | published snapshot SP26
https://catalog.ucsd.edu/courses/VIS.html#vis21b,published snapshot S125 | published snapshot WI25 | published snapshot WI26
https://catalog.ucsd.edu/courses/VIS.html#vis22,published snapshot S125 | published snapshot S224 | published snapshot SP25 | published snapshot WI25 | published snapshot WI26
https://catalog.ucsd.edu/courses/VIS.html#vis220,published snapshot SP25
https://catalog.ucsd.edu/courses/VIS.html#vis22r,published snapshot SP26
https://catalog.ucsd.edu/courses/VIS.html#vis23,published snapshot FA24 | published snapshot FA25 | published snapshot FA26
https://catalog.ucsd.edu/courses/VIS.html#vis242,published snapshot WI25
https://catalog.ucsd.edu/courses/VIS.html#vis243,published snapshot FA25
https://catalog.ucsd.edu/courses/VIS.html#vis244,published snapshot FA26
https://catalog.ucsd.edu/courses/VIS.html#vis254,published snapshot FA24 | published snapshot WI26
https://catalog.ucsd.edu/courses/VIS.html#vis255,published snapshot FA25 | published snapshot WI25
https://catalog.ucsd.edu/courses/VIS.html#vis256,published snapshot FA26
https://catalog.ucsd.edu/courses/VIS.html#vis258,published snapshot SP25
https://catalog.ucsd.edu/courses/VIS.html#vis259,published snapshot SP26
https://catalog.ucsd.edu/courses/VIS.html#vis260,published snapshot WI25
https://catalog.ucsd.edu/courses/VIS.html#vis261,published snapshot SP26
https://catalog.ucsd.edu/courses/VIS.html#vis262,published snapshot WI26
https://catalog.ucsd.edu/courses/VIS.html#vis295,published snapshot FA24 | published snapshot FA25 | published snapshot SP25 | published snapshot SP26 | published snapshot WI25 | published snapshot WI26
https://catalog.ucsd.edu/courses/VIS.html#vis298,published snapshot FA24 | published snapshot SP25
https://catalog.ucsd.edu/courses/VIS.html#vis299,published snapshot FA24 | published snapshot FA25 | published snapshot SP25 | published snapshot SP26 | published snapshot WI25 | published snapshot WI26
https://catalog.ucsd.edu/courses/VIS.html#vis3,published snapshot SP25 | published snapshot SP26
https://catalog.ucsd.edu/courses/VIS.html#vis30,published snapshot FA24 | published snapshot FA25 | published snapshot FA26 | published snapshot S125
https://catalog.ucsd.edu/courses/VIS.html#vis31,published snapshot FA26 | published snapshot SP25 | published snapshot WI26
https://catalog.ucsd.edu/courses/VIS.html#vis32,published snapshot SP25 | published snapshot SP26
https://catalog.ucsd.edu/courses/VIS.html#vis41,published snapshot FA24 | published snapshot FA25 | published snapshot FA26 | published snapshot S226 | published snapshot SP25 | published snapshot SP26 | published snapshot WI25 | published snapshot WI26
https://catalog.ucsd.edu/courses/VIS.html#vis42,published snapshot FA25 | published snapshot FA26 | published snapshot S126 | published snapshot WI26
https://catalog.ucsd.edu/courses/VIS.html#vis500,published snapshot FA24 | published snapshot FA25 | published snapshot SP25 | published snapshot SP26 | published snapshot WI25 | published snapshot WI26
https://catalog.ucsd.edu/courses/VIS.html#vis502,published snapshot FA24 | published snapshot FA25 | published snapshot FA26
https://catalog.ucsd.edu/courses/VIS.html#vis6,published snapshot WI25
https://catalog.ucsd.edu/courses/VIS.html#vis60,published snapshot FA24 | published snapshot FA25 | published snapshot FA26 | published snapshot SP26 | published snapshot WI25 | published snapshot WI26
https://catalog.ucsd.edu/courses/VIS.html#vis7,published snapshot WI26
https://catalog.ucsd.edu/courses/VIS.html#vis70n,published snapshot FA24 | published snapshot FA25 | published snapshot FA26 | published snapshot SP25 | published snapshot SP26
https://catalog.ucsd.edu/courses/VIS.html#vis71,published snapshot WI26
https://catalog.ucsd.edu/courses/VIS.html#vis8,published snapshot WI26
https://catalog.ucsd.edu/courses/VIS.html#vis80,published snapshot FA24 | published snapshot FA25 | published snapshot FA26 | published snapshot WI26
https://catalog.ucsd.edu/courses/VIS.html#vis83,published snapshot S125 | published snapshot WI25
https://catalog.ucsd.edu/courses/VIS.html#vis83r,published snapshot WI26
https://catalog.ucsd.edu/courses/VIS.html#vis84,published snapshot FA24 | published snapshot SP26
https://catalog.ucsd.edu/courses/VIS.html#vis84b,published snapshot S226
https://catalog.ucsd.edu/courses/VIS.html#vis85a,published snapshot FA25 | published snapshot FA26 | published snapshot SP25
https://catalog.ucsd.edu/courses/VIS.html#vis87,published snapshot SP25
https://catalog.ucsd.edu/courses/VIS.html#vis9,published snapshot SP25
https://catalog.ucsd.edu/courses/WARR.html#wcwp100,published snapshot FA24 | published snapshot FA25 | published snapshot FA26 | published snapshot S125 | published snapshot S126 | published snapshot S224 | published snapshot S225 | published snapshot S226 | published snapshot SP25 | published snapshot SP26 | published snapshot WI25 | published snapshot WI26
https://catalog.ucsd.edu/courses/WARR.html#wcwp10a,published snapshot FA24 | published snapshot FA25 | published snapshot FA26 | published snapshot S125 | published snapshot S126 | published snapshot S224 | published snapshot S225 | published snapshot SP25 | published snapshot SP26 | published snapshot WI25 | published snapshot WI26
https://catalog.ucsd.edu/courses/WARR.html#wcwp10b,published snapshot FA24 | published snapshot FA25 | published snapshot FA26 | published snapshot S125 | published snapshot S126 | published snapshot S224 | published snapshot S225 | published snapshot S226 | published snapshot SP25 | published snapshot SP26 | published snapshot WI25 | published snapshot WI26
https://catalog.ucsd.edu/front/courses.html,03-links/official-course-data-links.md
https://classplanner.apps.ucsd.edu,04-documentation/docs/snapshot_pipe.md | 05-pipeline-and-schema/tools/classplanner-scraper/classplannerCatalog.ts
https://classplanner.apps.ucsd.edu/,03-links/official-course-data-links.md
https://classplanner.apps.ucsd.edu/api/v1,05-pipeline-and-schema/tools/classplanner-scraper/classplannerCatalog.ts
https://classplanner.apps.ucsd.edu/api/v1/,04-documentation/docs/adr/0040-use-public-class-planner-api-as-schedule-source.md
https://classplanner.apps.ucsd.edu/api/v1/catalog/courses?term_code={TERM,03-links/official-course-data-links.md
https://classplanner.apps.ucsd.edu/api/v1/catalog/courses?term_code=FA26&limit=1&offset=0,03-links/official-course-data-links.md
https://classplanner.apps.ucsd.edu/api/v1/catalog/filters?term_code=FA26,03-links/official-course-data-links.md
https://classplanner.apps.ucsd.edu/api/v1/planner/terms,03-links/official-course-data-links.md
https://coursetable.com,04-documentation/docs/api.md | 04-documentation/docs/deployment.md | 05-pipeline-and-schema/api/src/catalog/catalog.utils.ts
https://coursetable.com/graphiql,04-documentation/docs/graphql.md
https://developers.cloudflare.com/r2/api/s3/api/,04-documentation/docs/app_db_backup_recovery-2026-07-11.md
https://docs.docker.com/compose/install/#install-compose,04-documentation/docs/deployment.md
https://docs.docker.com/engine/install/ubuntu/,04-documentation/docs/deployment.md
https://docs.doppler.com/docs/install-cli,04-documentation/docs/deployment.md
https://docs.github.com/en/actions/hosting-your-own-runners/managing-self-hosted-runners/configuring-the-self-hosted-runner-application-as-a-service,04-documentation/docs/deployment.md
https://docs.google.com/document/d/12akzJgIUJA6xGc9vPfTDZ76-9ZbVVa4Lqw2O9kiG9gs/edit?tab=t.0,03-links/official-course-data-links.md
https://docs.google.com/document/d/1fHj8FpxVfecCMlojX64OC6fLsoRJNTp4xzrLUsroZ_I/edit?tab=t.0,03-links/official-course-data-links.md | 04-documentation/docs/planning/archive/tss-webreg-transition-links-2026-07-18.md
https://docs.sentry.io/product/cli/installation/,04-documentation/docs/deployment.md
https://esr.ucsd.edu/news/posts/sis-courseleaf-course-approvals-sep-25.html,04-documentation/docs/planning/archive/tss-webreg-transition-links-2026-07-18.md
https://esr.ucsd.edu/news/posts/sis-tss-process-group-2-feb-25.html,04-documentation/docs/planning/archive/tss-webreg-transition-links-2026-07-18.md
https://esr.ucsd.edu/news/posts/sis-tss-schedule-of-classes-functionality-jul-26.html,03-links/official-course-data-links.md
https://esr.ucsd.edu/news/posts/sis-tss-soc-known-issues-aug-2026.html,03-links/official-course-data-links.md
https://esr.ucsd.edu/projects/student/ecosystem/core-sis.html,03-links/official-course-data-links.md | 04-documentation/docs/planning/archive/tss-webreg-transition-links-2026-07-18.md
https://github.com/coursetable/coursetable,04-documentation/docs/planning/archive/ucsd-coursetable-plan.md
https://github.com/coursetable/coursetable/actions/workflows/cd.yml,04-documentation/docs/deployment.md
https://github.com/coursetable/coursetable/blob/master/frontend/src/data/buildingCoordinates.json,04-documentation/docs/locations.md
https://github.com/coursetable/coursetable/pull/1811/files#diff-fa2c9e63d85b91989ec85c89b8143cfc9c5cf949ec4fee597c7923d4c57c1727,04-documentation/docs/maintenance.md
https://github.com/coursetable/ferry,04-documentation/docs/maintenance.md
https://github.com/coursetable/ferry-data,04-documentation/docs/containers.md
https://github.com/coursetable/ferry/blob/master/.github/workflows/ferry.yml,04-documentation/docs/maintenance.md
https://github.com/coursetable/ferry/blob/master/config/release_fetch.yml,04-documentation/docs/maintenance.md
https://github.com/coursetable/ferry/blob/master/docs/db_diagram.pdf,04-documentation/docs/graphql.md
https://github.com/coursetable/ferry/blob/master/ferry/database/models.py,04-documentation/docs/graphql.md
https://github.com/coursetable/infra,04-documentation/docs/deployment.md | 04-documentation/docs/maintenance.md
https://github.com/coursetable/infra/,04-documentation/docs/containers.md
https://github.com/coursetable/infra/actions/workflows/ferry_db_snapshot.yml,04-documentation/docs/maintenance.md
https://github.com/coursetable/locations,04-documentation/docs/locations.md
https://github.com/coursetable/locations.git,04-documentation/docs/locations.md
https://github.com/PatrickTangwen/coursetable-ucsd/actions/runs/29217388935,04-documentation/docs/cloudflare_staging_deployment-2026-07-12.md
https://github.com/PatrickTangwen/coursetable-ucsd/actions/runs/29298271623,04-documentation/docs/cloudflare_production_operations-2026-07-14.md | 04-documentation/docs/cloudflare_staging_deployment-2026-07-12.md
https://github.com/PatrickTangwen/coursetable-ucsd/actions/runs/29298806734,04-documentation/docs/cloudflare_production_operations-2026-07-14.md
https://github.com/PatrickTangwen/coursetable-ucsd/actions/runs/29299283486,04-documentation/docs/cloudflare_production_operations-2026-07-14.md
https://github.com/PatrickTangwen/coursetable-ucsd/actions/runs/29303511779,04-documentation/docs/app_db_backup_recovery-2026-07-11.md | 04-documentation/docs/cloudflare_production_operations-2026-07-14.md
https://github.com/PatrickTangwen/coursetable-ucsd/actions/runs/29303575008,04-documentation/docs/cloudflare_production_operations-2026-07-14.md
https://github.com/PatrickTangwen/coursetable-ucsd/actions/runs/29559270230,04-documentation/docs/dependency_security_operations-2026-07-17.md
https://github.com/PatrickTangwen/coursetable-ucsd/actions/runs/29559679297,04-documentation/docs/dependency_security_operations-2026-07-17.md
https://github.com/PatrickTangwen/coursetable-ucsd/actions/runs/29596445649,04-documentation/docs/cloudflare_production_operations-2026-07-14.md
https://github.com/PatrickTangwen/coursetable-ucsd/actions/runs/29599601435,04-documentation/docs/cloudflare_production_operations-2026-07-14.md
https://github.com/PatrickTangwen/coursetable-ucsd/actions/runs/29600031113,04-documentation/docs/cloudflare_production_operations-2026-07-14.md
https://github.com/PatrickTangwen/coursetable-ucsd/actions/runs/29601111143,04-documentation/docs/cloudflare_production_operations-2026-07-14.md
https://github.com/PatrickTangwen/coursetable-ucsd/actions/runs/30047986664,04-documentation/docs/cloudflare_production_operations-2026-07-14.md
https://github.com/PatrickTangwen/coursetable-ucsd/issues/24,04-documentation/docs/planning/archive/beta-1-save-anonymous-worksheet-to-account-2026-06-21.md | 04-documentation/docs/planning/archive/beta-1-saved-worksheet-acceptance-2026-06-21.md
https://github.com/PatrickTangwen/coursetable-ucsd/issues/25,04-documentation/docs/planning/archive/beta-1-save-anonymous-worksheet-to-account-2026-06-21.md
https://github.com/PatrickTangwen/coursetable-ucsd/issues/26,04-documentation/docs/planning/archive/beta-1-save-anonymous-worksheet-to-account-2026-06-21.md | 04-documentation/docs/planning/archive/beta-1-saved-worksheet-acceptance-2026-06-21.md
https://github.com/PatrickTangwen/coursetable-ucsd/issues/27,04-documentation/docs/planning/archive/beta-1-save-anonymous-worksheet-to-account-2026-06-21.md
https://github.com/PatrickTangwen/coursetable-ucsd/issues/28,04-documentation/docs/planning/archive/beta-1-saved-worksheet-management-acceptance-2026-06-22.md
https://github.com/PatrickTangwen/coursetable-ucsd/issues/34,04-documentation/docs/planning/archive/beta-1-saved-worksheet-management-acceptance-2026-06-22.md
https://github.com/PatrickTangwen/coursetable-ucsd/issues/86,04-documentation/docs/cloudflare_production_operations-2026-07-14.md
https://github.com/PatrickTangwen/coursetable-ucsd/issues/86#issuecomment-4965192626,04-documentation/docs/cloudflare_production_operations-2026-07-14.md
https://github.com/PatrickTangwen/coursetable-ucsd/issues/86#issuecomment-5005890849,04-documentation/docs/cloudflare_production_operations-2026-07-14.md
https://github.com/PatrickTangwen/coursetable-ucsd/pull/145,04-documentation/docs/dependency_security_operations-2026-07-17.md
https://github.com/PatrickTangwen/coursetable-ucsd/pull/156,04-documentation/docs/dependency_security_operations-2026-07-17.md
https://github.com/PatrickTangwen/coursetable-ucsd/pull/158,04-documentation/docs/cloudflare_production_operations-2026-07-14.md
https://github.com/wllmwu/course-grapher,04-documentation/docs/planning/archive/post-mvp-roadmap.md | 04-documentation/docs/planning/archive/ucsd-coursetable-plan.md
https://github.test/pr/${prOptions.branch,05-pipeline-and-schema/tools/etl/scheduledRefresh.test.ts
https://github.test/pr/data-refresh/test-run,05-pipeline-and-schema/tools/etl/scheduledRefresh.test.ts
https://gql.coursetable.com/,04-documentation/docs/containers.md
https://graphql.org/learn/,04-documentation/docs/graphql.md
https://hasura.io/docs/latest/queries/postgres/index/,04-documentation/docs/graphql.md
https://localhost,04-documentation/docs/local_server.md
https://localhost:3000,04-documentation/docs/local_server.md | 04-documentation/docs/local_server_endpoints.md
https://localhost:3000/api/auth/current-user,04-documentation/docs/local_server.md | 04-documentation/docs/local_server_endpoints.md
https://localhost:3000/api/ping,04-documentation/docs/local_server.md | 04-documentation/docs/local_server_endpoints.md | 04-documentation/docs/planning/archive/beta-1-compose-bringup-runbook-2026-06-20.md
https://localhost:3001,04-documentation/docs/local_server.md | 04-documentation/docs/local_server_endpoints.md | 04-documentation/docs/public_pages.md
https://localhost:3001/catalog,04-documentation/docs/local_server.md | 04-documentation/docs/local_server_endpoints.md
https://localhost:3001/login,04-documentation/docs/local_server.md | 04-documentation/docs/local_server_endpoints.md
https://localhost:3001/privacypolicy,04-documentation/docs/local_server.md | 04-documentation/docs/local_server_endpoints.md
https://localhost:3001/worksheet,04-documentation/docs/local_server.md | 04-documentation/docs/local_server_endpoints.md
https://localhost:3010,04-documentation/docs/planning/archive/beta-1-compose-bringup-runbook-2026-06-20.md | 04-documentation/docs/planning/archive/beta-1-saved-worksheet-acceptance-2026-06-21.md
https://localhost:3014,04-documentation/docs/planning/archive/beta-1-saved-worksheet-management-acceptance-2026-06-22.md
https://localhost:3014/api/ping,04-documentation/docs/planning/archive/beta-1-saved-worksheet-management-acceptance-2026-06-22.md
https://maps.ucsd.edu/?id=1005#!s/CENTR_Main,05-pipeline-and-schema/tools/catalog-snapshot/scheduleOfClasses.test.ts
https://myclassgrades.com/school/ucsd,04-documentation/docs/planning/archive/post-mvp-roadmap.md
https://neon.com/docs/manage/backup-pg-dump,04-documentation/docs/app_db_backup_recovery-2026-07-11.md
https://oce.app.yale.edu/ocedashboard/studentViewer/courseSummary?crn=,04-documentation/docs/challenge.md
https://pgadmin.coursetable.com/,04-documentation/docs/containers.md
https://planner.test/api/v1,05-pipeline-and-schema/tools/etl/runRefresh.test.ts
https://qa-as.ucsd.edu/Home/InstructorGradeArchive,03-links/official-course-data-links.md | 04-documentation/docs/planning/archive/mvp-1-spec.md | 04-documentation/docs/planning/archive/ucsd-coursetable-plan.md | 05-pipeline-and-schema/tools/catalog-snapshot/instructorGradeArchive.test.ts | 05-pipeline-and-schema/tools/catalog-snapshot/instructorGradeArchive.ts
https://raw.githubusercontent.com/coursetable/coursetable/master/docs/containers.md,04-documentation/docs/planning/archive/ucsd-coursetable-plan.md
https://raw.githubusercontent.com/coursetable/ferry/master/docs/algorithms.md,04-documentation/docs/planning/archive/ucsd-coursetable-plan.md
https://raw.githubusercontent.com/coursetable/ferry/master/docs/code-structure.md,04-documentation/docs/planning/archive/ucsd-coursetable-plan.md
https://schedule.test/${subject,05-pipeline-and-schema/tools/catalog-snapshot/multiTermPipeline.test.ts | 05-pipeline-and-schema/tools/catalog-snapshot/publishedSnapshotPipeline.test.ts | 05-pipeline-and-schema/tools/etl/runRefresh.test.ts
https://set.ucsd.edu/,03-links/official-course-data-links.md | 04-documentation/docs/planning/archive/ucsd-coursetable-plan.md
https://set.ucsd.edu/student/evaluation-results.html,04-documentation/docs/planning/archive/ucsd-coursetable-plan.md
https://sis.ucsd.edu/,03-links/official-course-data-links.md
https://staging.coursetable.com,04-documentation/docs/deployment.md
https://staging.sungridplanner.com,04-documentation/docs/cloudflare_hosted_staging.md
https://staging.sungridplanner.com/api/catalog/details/{TERM,03-links/official-course-data-links.md
https://staging.sungridplanner.com/api/catalog/metadata,03-links/official-course-data-links.md
https://staging.sungridplanner.com/api/catalog/public/{TERM,03-links/official-course-data-links.md
https://students.ucsd.edu/academics/enroll/booking-guide.html,03-links/official-course-data-links.md
https://students.ucsd.edu/academics/enroll/index.html,04-documentation/docs/planning/archive/tss-webreg-transition-links-2026-07-18.md
https://students.ucsd.edu/academics/enroll/undergraduate-enrollment/,04-documentation/docs/planning/archive/tss-webreg-transition-links-2026-07-18.md
https://students.ucsd.edu/my-tritonlink/tools/,04-documentation/docs/planning/archive/tss-webreg-transition-links-2026-07-18.md
https://students.ucsd.edu/my-tritonlink/tools/index.html,03-links/official-course-data-links.md
https://students.ucsd.edu/my-tritonlink/tools/tool-help/booking.html,03-links/official-course-data-links.md
https://students.ucsd.edu/my-tritonlink/tools/tool-help/index.html,04-documentation/docs/planning/archive/tss-webreg-transition-links-2026-07-18.md
https://students.ucsd.edu/my-tritonlink/tools/tool-help/schedule-of-classes.html,04-documentation/docs/planning/archive/tss-webreg-transition-links-2026-07-18.md
https://students.ucsd.edu/my-tritonlink/tools/tool-help/tgpt-planner.html,04-documentation/docs/planning/archive/tss-webreg-transition-links-2026-07-18.md
https://students.ucsd.edu/my-tritonlink/tools/tool-help/webreg-tutorial/index.html,03-links/official-course-data-links.md | 04-documentation/docs/planning/archive/tss-webreg-transition-links-2026-07-18.md
https://summersession.ucsd.edu/calendar/,04-documentation/docs/planning/archive/mvp-1-non-ui-acceptance-2026-06-20.md
https://sungridplanner.com,04-documentation/docs/cloudflare_production_operations-2026-07-14.md
https://sungridplanner.com/api/catalog/details/{TERM,03-links/official-course-data-links.md
https://sungridplanner.com/api/catalog/details/FA26,03-links/official-course-data-links.md
https://sungridplanner.com/api/catalog/import-manifests/FA26,03-links/official-course-data-links.md
https://sungridplanner.com/api/catalog/metadata,03-links/official-course-data-links.md
https://sungridplanner.com/api/catalog/public/{TERM,03-links/official-course-data-links.md
https://sungridplanner.com/api/catalog/public/FA26,03-links/official-course-data-links.md
https://support.ucsd.edu/its?id=kb_article_view&sysparm_article=KB0036314,03-links/official-course-data-links.md | 04-documentation/docs/planning/archive/tss-webreg-transition-links-2026-07-18.md
https://tally.so/r/q47EA8,04-documentation/docs/public_pages.md
https://tritongpt.ucsd.edu/app?chatId=504c9287-fd1d-4d44-9a46-2ee1260ed031,02-complete-local-data-history/TSS_相关资料/chatbot-responses/raw/FA26/csv/2026-07-22-tritongpt-504c9287/manifest.json
https://tritongpt.ucsd.edu/app?chatId=c2c152f3-5c2d-464f-9e2b-60e29de47742,02-complete-local-data-history/TSS_相关资料/chatbot-responses/processed/FA26/2026-07-22-tritongpt-504c9287-capacity-enriched/reports/capacity-hierarchy-report.json | 02-complete-local-data-history/TSS_相关资料/chatbot-responses/processed/FA26/2026-07-22-tritongpt-504c9287-capacity-enriched/schedule.json | 02-complete-local-data-history/exports/tritongpt_fa26_capacity/audit.json
https://tritongpt.ucsd.edu/app?chatId=test,05-pipeline-and-schema/tools/catalog-snapshot/import-tritongpt-schedule-csv.test.ts
https://tss.ucsd.edu/fiori,03-links/official-course-data-links.md
https://www.courseleaf.com/,04-documentation/docs/planning/archive/tss-webreg-transition-links-2026-07-18.md
https://www.google.com/maps,04-documentation/docs/locations.md
https://www.postgresql.org/docs/current/app-pgrestore.html,04-documentation/docs/app_db_backup_recovery-2026-07-11.md
https://www.postgresql.org/docs/current/backup-dump.html,04-documentation/docs/app_db_backup_recovery-2026-07-11.md
https://www.reddit.com/r/UCSD/comments/1sbiheg/webreg_will_be_replaced_by_third_party_solution/,04-documentation/docs/planning/archive/tss-webreg-transition-links-2026-07-18.md
